Food_ID,Food_Name,Packaging_ID,Packaging_Material,Material_Category,Structure_Type,Deterministic_Compatibility_Class,Deterministic_Score,Evidence_Coverage_Ratio,Requirement_Match_Score,Requirement_Dimensions_Scored,Requirement_Candidate_Score,MAP_Request,MAP_Request_Flag,Requirement_Reasons,Eligible,Rank
FRU_001,Apple,PM001,LDPE,Polymer film,Single polymer/coating,Conditionally_Compatible,72.22,0.4444444444444445,,0,75.1117,,,,True,1
FRU_001,Apple,PM002,LLDPE,Polymer film,Single polymer/coating,Conditionally_Compatible,72.22,0.4444444444444445,,0,75.1117,,,,True,2
FRU_001,Apple,PM003,MDPE,Polymer film,Single polymer/coating,Conditionally_Compatible,72.22,0.4444444444444445,,0,75.1117,,,,True,3
FRU_001,Apple,PM004,HDPE,Polymer film,Single polymer/coating,Conditionally_Compatible,72.22,0.4444444444444445,,0,75.1117,,,,True,4
FRU_001,Apple,PM005,PP,Polymer film,Single polymer/coating,Conditionally_Compatible,72.22,0.4444444444444445,,0,75.1117,,,,True,5
FRU_001,Apple,PM006,CPP,Polymer film,Single polymer/coating,Conditionally_Compatible,72.22,0.4444444444444445,,0,75.1117,,,,True,6
FRU_001,Apple,PM007,BOPP,Polymer film,Single polymer/coating,Conditionally_Compatible,72.22,0.4444444444444445,,0,75.1117,,,,True,7
FRU_001,Apple,PM009,PET,Polymer film,Single polymer/coating,Conditionally_Compatible,72.22,0.4444444444444445,,0,75.1117,,,,True,8
FRU_001,Apple,PM010,BOPET,Polymer film,Single polymer/coating,Conditionally_Compatible,72.22,0.4444444444444445,,0,75.1117,,,,True,9
FRU_001,Apple,PM013,PA6 / Nylon-6,Multilayer laminate/structure,Multilayer,Conditionally_Compatible,72.22,0.4444444444444445,,0,75.1117,,,,True,10
FRU_001,Apple,PM014,BOPA / Oriented Nylon,Multilayer laminate/structure,Multilayer,Conditionally_Compatible,72.22,0.4444444444444445,,0,75.1117,,,,True,11
FRU_001,Apple,PM017,PVC rigid,Polymer film,Single polymer/coating,Conditionally_Compatible,72.22,0.4444444444444445,,0,75.1117,,,,True,12
FRU_001,Apple,PM018,PVC plasticized,Polymer film,Single polymer/coating,Conditionally_Compatible,72.22,0.4444444444444445,,0,75.1117,,,,True,13
FRU_001,Apple,PM019,PS,Polymer film,Single polymer/coating,Conditionally_Compatible,72.22,0.4444444444444445,,0,75.1117,,,,True,14
FRU_001,Apple,PM020,HIPS,Polymer film,Single polymer/coating,Conditionally_Compatible,72.22,0.4444444444444445,,0,75.1117,,,,True,15
FRU_001,Apple,PM021,EPS,Polymer film,Single polymer/coating,Conditionally_Compatible,72.22,0.4444444444444445,,0,75.1117,,,,True,16
FRU_001,Apple,PM022,PLA,Biodegradable polymer,Polymer film,Conditionally_Compatible,72.22,0.4444444444444445,,0,75.1117,,,,True,17
FRU_001,Apple,PM023,PHA,Biodegradable polymer,Polymer film,Conditionally_Compatible,72.22,0.4444444444444445,,0,75.1117,,,,True,18
FRU_001,Apple,PM024,Cellulose film,Paper/cellulosic,Paper/film,Conditionally_Compatible,72.22,0.4444444444444445,,0,75.1117,,,,True,19
FRU_001,Apple,PM025,Coated cellulose film,Paper/cellulosic,Paper/film,Conditionally_Compatible,72.22,0.4444444444444445,,0,75.1117,,,,True,20
FRU_001,Apple,PM026,Kraft paper,Paper/cellulosic,Paper/film,Conditionally_Compatible,72.22,0.4444444444444445,,0,75.1117,,,,True,21
FRU_001,Apple,PM027,Coated paper,Paper/cellulosic,Paper/film,Conditionally_Compatible,72.22,0.4444444444444445,,0,75.1117,,,,True,22
FRU_001,Apple,PM028,Glassine paper,Paper/cellulosic,Paper/film,Conditionally_Compatible,72.22,0.4444444444444445,,0,75.1117,,,,True,23
FRU_001,Apple,PM031,PET/PE laminate,Multilayer laminate/structure,Multilayer,Conditionally_Compatible,72.22,0.4444444444444445,,0,75.1117,,,,True,24
FRU_001,Apple,PM033,PET/CPP laminate,Multilayer laminate/structure,Multilayer,Conditionally_Compatible,72.22,0.4444444444444445,,0,75.1117,,,,True,25
FRU_001,Apple,PM037,BOPP/CPP laminate,Multilayer laminate/structure,Multilayer,Conditionally_Compatible,72.22,0.4444444444444445,,0,75.1117,,,,True,26
FRU_001,Apple,PM038,Micro-perforated PE film,Fresh-produce breathable film,Perforated film,Conditionally_Compatible,72.22,0.4444444444444445,,0,75.1117,,,,True,27
FRU_001,Apple,PM039,Micro-perforated PP film,Fresh-produce breathable film,Perforated film,Conditionally_Compatible,72.22,0.4444444444444445,,0,75.1117,,,,True,28
FRU_001,Apple,PM040,Breathable cellulose film,Fresh-produce breathable film,Breathable film,Conditionally_Compatible,72.22,0.4444444444444445,,0,75.1117,,,,True,29
FRU_001,Apple,PM008,Metallized BOPP,Polymer film,Single polymer/coating,Low_Compatibility,36.11,0.4444444444444445,,0,44.7781,,,,True,30
FRU_001,Apple,PM011,Metallized PET,Polymer film,Single polymer/coating,Low_Compatibility,36.11,0.4444444444444445,,0,44.7781,,,,True,31
FRU_001,Apple,PM012,PVdC-coated PET,Polymer film,Single polymer/coating,Low_Compatibility,36.11,0.4444444444444445,,0,44.7781,,,,True,32
FRU_001,Apple,PM016,PVdC,Polymer film,Single polymer/coating,Low_Compatibility,36.11,0.4444444444444445,,0,44.7781,,,,True,33
FRU_001,Apple,PM032,PA/PE laminate,Multilayer laminate/structure,Multilayer,Low_Compatibility,36.11,0.4444444444444445,,0,44.7781,,,,True,34
FRU_001,Apple,PM029,Aluminum foil,Metal,Rigid/foil metal,Low_Compatibility,0.0,0.4444444444444445,,0,14.4444,,,,True,35
FRU_001,Apple,PM030,Tinplate steel,Metal,Rigid/foil metal,Low_Compatibility,0.0,0.4444444444444445,,0,14.4444,,,,True,36
FRU_001,Apple,PM034,PET/Al/PE laminate,Multilayer laminate/structure,Multilayer,Low_Compatibility,0.0,0.4444444444444445,,0,14.4444,,,,True,37
FRU_001,Apple,PM035,PET/EVOH/PE laminate,Multilayer laminate/structure,Multilayer,Low_Compatibility,0.0,0.4444444444444445,,0,14.4444,,,,True,38
FRU_001,Apple,PM036,PE/PA/EVOH/PE laminate,Multilayer laminate/structure,Multilayer,Low_Compatibility,0.0,0.4444444444444445,,0,14.4444,,,,True,39
FRU_001,Apple,PM015,EVOH,Polymer film,Single polymer/coating,Insufficient_Evidence,,0.0,,0,,,,Excluded from recommendation pool because deterministic evidence is insufficient,False,40
FRU_019,Avocado,PM001,LDPE,Polymer film,Single polymer/coating,Compatible,83.33,0.6666666666666666,,0,86.6667,,,,True,1
FRU_019,Avocado,PM002,LLDPE,Polymer film,Single polymer/coating,Compatible,83.33,0.6666666666666666,,0,86.6667,,,,True,2
FRU_019,Avocado,PM003,MDPE,Polymer film,Single polymer/coating,Compatible,83.33,0.6666666666666666,,0,86.6667,,,,True,3
FRU_019,Avocado,PM007,BOPP,Polymer film,Single polymer/coating,Compatible,83.33,0.6666666666666666,,0,86.6667,,,,True,4
FRU_019,Avocado,PM013,PA6 / Nylon-6,Multilayer laminate/structure,Multilayer,Compatible,83.33,0.6666666666666666,,0,86.6667,,,,True,5
FRU_019,Avocado,PM014,BOPA / Oriented Nylon,Multilayer laminate/structure,Multilayer,Compatible,83.33,0.6666666666666666,,0,86.6667,,,,True,6
FRU_019,Avocado,PM018,PVC plasticized,Polymer film,Single polymer/coating,Compatible,83.33,0.6666666666666666,,0,86.6667,,,,True,7
FRU_019,Avocado,PM019,PS,Polymer film,Single polymer/coating,Compatible,83.33,0.6666666666666666,,0,86.6667,,,,True,8
FRU_019,Avocado,PM020,HIPS,Polymer film,Single polymer/coating,Compatible,83.33,0.6666666666666666,,0,86.6667,,,,True,9
FRU_019,Avocado,PM021,EPS,Polymer film,Single polymer/coating,Compatible,83.33,0.6666666666666666,,0,86.6667,,,,True,10
FRU_019,Avocado,PM022,PLA,Biodegradable polymer,Polymer film,Compatible,83.33,0.6666666666666666,,0,86.6667,,,,True,11
FRU_019,Avocado,PM023,PHA,Biodegradable polymer,Polymer film,Compatible,83.33,0.6666666666666666,,0,86.6667,,,,True,12
FRU_019,Avocado,PM024,Cellulose film,Paper/cellulosic,Paper/film,Compatible,83.33,0.6666666666666666,,0,86.6667,,,,True,13
FRU_019,Avocado,PM025,Coated cellulose film,Paper/cellulosic,Paper/film,Compatible,83.33,0.6666666666666666,,0,86.6667,,,,True,14
FRU_019,Avocado,PM026,Kraft paper,Paper/cellulosic,Paper/film,Compatible,83.33,0.6666666666666666,,0,86.6667,,,,True,15
FRU_019,Avocado,PM027,Coated paper,Paper/cellulosic,Paper/film,Compatible,83.33,0.6666666666666666,,0,86.6667,,,,True,16
FRU_019,Avocado,PM028,Glassine paper,Paper/cellulosic,Paper/film,Compatible,83.33,0.6666666666666666,,0,86.6667,,,,True,17
FRU_019,Avocado,PM038,Micro-perforated PE film,Fresh-produce breathable film,Perforated film,Compatible,83.33,0.6666666666666666,,0,86.6667,,,,True,18
FRU_019,Avocado,PM039,Micro-perforated PP film,Fresh-produce breathable film,Perforated film,Compatible,83.33,0.6666666666666666,,0,86.6667,,,,True,19
FRU_019,Avocado,PM040,Breathable cellulose film,Fresh-produce breathable film,Breathable film,Compatible,83.33,0.6666666666666666,,0,86.6667,,,,True,20
FRU_019,Avocado,PM004,HDPE,Polymer film,Single polymer/coating,Low_Compatibility,41.67,0.6666666666666666,,0,51.6709,,,,True,21
FRU_019,Avocado,PM031,PET/PE laminate,Multilayer laminate/structure,Multilayer,Low_Compatibility,41.67,0.6666666666666666,,0,51.6709,,,,True,22
FRU_019,Avocado,PM033,PET/CPP laminate,Multilayer laminate/structure,Multilayer,Low_Compatibility,41.67,0.6666666666666666,,0,51.6709,,,,True,23
FRU_019,Avocado,PM037,BOPP/CPP laminate,Multilayer laminate/structure,Multilayer,Low_Compatibility,41.67,0.6666666666666666,,0,51.6709,,,,True,24
FRU_019,Avocado,PM005,PP,Polymer film,Single polymer/coating,Low_Compatibility,0.0,0.6666666666666666,,0,16.6667,,,,True,25
FRU_019,Avocado,PM006,CPP,Polymer film,Single polymer/coating,Low_Compatibility,0.0,0.6666666666666666,,0,16.6667,,,,True,26
FRU_019,Avocado,PM008,Metallized BOPP,Polymer film,Single polymer/coating,Low_Compatibility,0.0,0.6666666666666666,,0,16.6667,,,,True,27
FRU_019,Avocado,PM009,PET,Polymer film,Single polymer/coating,Low_Compatibility,0.0,0.6666666666666666,,0,16.6667,,,,True,28
FRU_019,Avocado,PM010,BOPET,Polymer film,Single polymer/coating,Low_Compatibility,0.0,0.6666666666666666,,0,16.6667,,,,True,29
FRU_019,Avocado,PM011,Metallized PET,Polymer film,Single polymer/coating,Low_Compatibility,0.0,0.6666666666666666,,0,16.6667,,,,True,30
FRU_019,Avocado,PM012,PVdC-coated PET,Polymer film,Single polymer/coating,Low_Compatibility,0.0,0.6666666666666666,,0,16.6667,,,,True,31
FRU_019,Avocado,PM016,PVdC,Polymer film,Single polymer/coating,Low_Compatibility,0.0,0.6666666666666666,,0,16.6667,,,,True,32
FRU_019,Avocado,PM017,PVC rigid,Polymer film,Single polymer/coating,Low_Compatibility,0.0,0.6666666666666666,,0,16.6667,,,,True,33
FRU_019,Avocado,PM029,Aluminum foil,Metal,Rigid/foil metal,Low_Compatibility,0.0,0.6666666666666666,,0,16.6667,,,,True,34
FRU_019,Avocado,PM030,Tinplate steel,Metal,Rigid/foil metal,Low_Compatibility,0.0,0.6666666666666666,,0,16.6667,,,,True,35
FRU_019,Avocado,PM032,PA/PE laminate,Multilayer laminate/structure,Multilayer,Low_Compatibility,0.0,0.6666666666666666,,0,16.6667,,,,True,36
FRU_019,Avocado,PM034,PET/Al/PE laminate,Multilayer laminate/structure,Multilayer,Low_Compatibility,0.0,0.6666666666666666,,0,16.6667,,,,True,37
FRU_019,Avocado,PM035,PET/EVOH/PE laminate,Multilayer laminate/structure,Multilayer,Low_Compatibility,0.0,0.6666666666666666,,0,16.6667,,,,True,38
FRU_019,Avocado,PM036,PE/PA/EVOH/PE laminate,Multilayer laminate/structure,Multilayer,Low_Compatibility,0.0,0.6666666666666666,,0,16.6667,,,,True,39
FRU_019,Avocado,PM015,EVOH,Polymer film,Single polymer/coating,Insufficient_Evidence,,0.0,,0,,,,Excluded from recommendation pool because deterministic evidence is insufficient,False,40
FRU_002,Banana,PM001,LDPE,Polymer film,Single polymer/coating,Compatible,83.33,0.6666666666666666,,0,86.6667,,,,True,1
FRU_002,Banana,PM002,LLDPE,Polymer film,Single polymer/coating,Compatible,83.33,0.6666666666666666,,0,86.6667,,,,True,2
FRU_002,Banana,PM003,MDPE,Polymer film,Single polymer/coating,Compatible,83.33,0.6666666666666666,,0,86.6667,,,,True,3
FRU_002,Banana,PM007,BOPP,Polymer film,Single polymer/coating,Compatible,83.33,0.6666666666666666,,0,86.6667,,,,True,4
FRU_002,Banana,PM013,PA6 / Nylon-6,Multilayer laminate/structure,Multilayer,Compatible,83.33,0.6666666666666666,,0,86.6667,,,,True,5
FRU_002,Banana,PM014,BOPA / Oriented Nylon,Multilayer laminate/structure,Multilayer,Compatible,83.33,0.6666666666666666,,0,86.6667,,,,True,6
FRU_002,Banana,PM018,PVC plasticized,Polymer film,Single polymer/coating,Compatible,83.33,0.6666666666666666,,0,86.6667,,,,True,7
FRU_002,Banana,PM019,PS,Polymer film,Single polymer/coating,Compatible,83.33,0.6666666666666666,,0,86.6667,,,,True,8
FRU_002,Banana,PM020,HIPS,Polymer film,Single polymer/coating,Compatible,83.33,0.6666666666666666,,0,86.6667,,,,True,9
FRU_002,Banana,PM021,EPS,Polymer film,Single polymer/coating,Compatible,83.33,0.6666666666666666,,0,86.6667,,,,True,10
FRU_002,Banana,PM022,PLA,Biodegradable polymer,Polymer film,Compatible,83.33,0.6666666666666666,,0,86.6667,,,,True,11
FRU_002,Banana,PM023,PHA,Biodegradable polymer,Polymer film,Compatible,83.33,0.6666666666666666,,0,86.6667,,,,True,12
FRU_002,Banana,PM024,Cellulose film,Paper/cellulosic,Paper/film,Compatible,83.33,0.6666666666666666,,0,86.6667,,,,True,13
FRU_002,Banana,PM025,Coated cellulose film,Paper/cellulosic,Paper/film,Compatible,83.33,0.6666666666666666,,0,86.6667,,,,True,14
FRU_002,Banana,PM026,Kraft paper,Paper/cellulosic,Paper/film,Compatible,83.33,0.6666666666666666,,0,86.6667,,,,True,15
FRU_002,Banana,PM027,Coated paper,Paper/cellulosic,Paper/film,Compatible,83.33,0.6666666666666666,,0,86.6667,,,,True,16
FRU_002,Banana,PM028,Glassine paper,Paper/cellulosic,Paper/film,Compatible,83.33,0.6666666666666666,,0,86.6667,,,,True,17
FRU_002,Banana,PM038,Micro-perforated PE film,Fresh-produce breathable film,Perforated film,Compatible,83.33,0.6666666666666666,,0,86.6667,,,,True,18
FRU_002,Banana,PM039,Micro-perforated PP film,Fresh-produce breathable film,Perforated film,Compatible,83.33,0.6666666666666666,,0,86.6667,,,,True,19
FRU_002,Banana,PM040,Breathable cellulose film,Fresh-produce breathable film,Breathable film,Compatible,83.33,0.6666666666666666,,0,86.6667,,,,True,20
FRU_002,Banana,PM004,HDPE,Polymer film,Single polymer/coating,Low_Compatibility,41.67,0.6666666666666666,,0,51.6709,,,,True,21
FRU_002,Banana,PM031,PET/PE laminate,Multilayer laminate/structure,Multilayer,Low_Compatibility,41.67,0.6666666666666666,,0,51.6709,,,,True,22
FRU_002,Banana,PM033,PET/CPP laminate,Multilayer laminate/structure,Multilayer,Low_Compatibility,41.67,0.6666666666666666,,0,51.6709,,,,True,23
FRU_002,Banana,PM037,BOPP/CPP laminate,Multilayer laminate/structure,Multilayer,Low_Compatibility,41.67,0.6666666666666666,,0,51.6709,,,,True,24
FRU_002,Banana,PM005,PP,Polymer film,Single polymer/coating,Low_Compatibility,0.0,0.6666666666666666,,0,16.6667,,,,True,25
FRU_002,Banana,PM006,CPP,Polymer film,Single polymer/coating,Low_Compatibility,0.0,0.6666666666666666,,0,16.6667,,,,True,26
FRU_002,Banana,PM008,Metallized BOPP,Polymer film,Single polymer/coating,Low_Compatibility,0.0,0.6666666666666666,,0,16.6667,,,,True,27
FRU_002,Banana,PM009,PET,Polymer film,Single polymer/coating,Low_Compatibility,0.0,0.6666666666666666,,0,16.6667,,,,True,28
FRU_002,Banana,PM010,BOPET,Polymer film,Single polymer/coating,Low_Compatibility,0.0,0.6666666666666666,,0,16.6667,,,,True,29
FRU_002,Banana,PM011,Metallized PET,Polymer film,Single polymer/coating,Low_Compatibility,0.0,0.6666666666666666,,0,16.6667,,,,True,30
FRU_002,Banana,PM012,PVdC-coated PET,Polymer film,Single polymer/coating,Low_Compatibility,0.0,0.6666666666666666,,0,16.6667,,,,True,31
FRU_002,Banana,PM016,PVdC,Polymer film,Single polymer/coating,Low_Compatibility,0.0,0.6666666666666666,,0,16.6667,,,,True,32
FRU_002,Banana,PM017,PVC rigid,Polymer film,Single polymer/coating,Low_Compatibility,0.0,0.6666666666666666,,0,16.6667,,,,True,33
FRU_002,Banana,PM029,Aluminum foil,Metal,Rigid/foil metal,Low_Compatibility,0.0,0.6666666666666666,,0,16.6667,,,,True,34
FRU_002,Banana,PM030,Tinplate steel,Metal,Rigid/foil metal,Low_Compatibility,0.0,0.6666666666666666,,0,16.6667,,,,True,35
FRU_002,Banana,PM032,PA/PE laminate,Multilayer laminate/structure,Multilayer,Low_Compatibility,0.0,0.6666666666666666,,0,16.6667,,,,True,36
FRU_002,Banana,PM034,PET/Al/PE laminate,Multilayer laminate/structure,Multilayer,Low_Compatibility,0.0,0.6666666666666666,,0,16.6667,,,,True,37
FRU_002,Banana,PM035,PET/EVOH/PE laminate,Multilayer laminate/structure,Multilayer,Low_Compatibility,0.0,0.6666666666666666,,0,16.6667,,,,True,38
FRU_002,Banana,PM036,PE/PA/EVOH/PE laminate,Multilayer laminate/structure,Multilayer,Low_Compatibility,0.0,0.6666666666666666,,0,16.6667,,,,True,39
FRU_002,Banana,PM015,EVOH,Polymer film,Single polymer/coating,Insufficient_Evidence,,0.0,,0,,,,Excluded from recommendation pool because deterministic evidence is insufficient,False,40
VEG_015,Beans / Green Beans,PM001,LDPE,Polymer film,Single polymer/coating,Compatible,83.33,0.6666666666666666,,0,86.6667,,,,True,1
VEG_015,Beans / Green Beans,PM002,LLDPE,Polymer film,Single polymer/coating,Compatible,83.33,0.6666666666666666,,0,86.6667,,,,True,2
VEG_015,Beans / Green Beans,PM003,MDPE,Polymer film,Single polymer/coating,Compatible,83.33,0.6666666666666666,,0,86.6667,,,,True,3
VEG_015,Beans / Green Beans,PM007,BOPP,Polymer film,Single polymer/coating,Compatible,83.33,0.6666666666666666,,0,86.6667,,,,True,4
VEG_015,Beans / Green Beans,PM013,PA6 / Nylon-6,Multilayer laminate/structure,Multilayer,Compatible,83.33,0.6666666666666666,,0,86.6667,,,,True,5
VEG_015,Beans / Green Beans,PM014,BOPA / Oriented Nylon,Multilayer laminate/structure,Multilayer,Compatible,83.33,0.6666666666666666,,0,86.6667,,,,True,6
VEG_015,Beans / Green Beans,PM018,PVC plasticized,Polymer film,Single polymer/coating,Compatible,83.33,0.6666666666666666,,0,86.6667,,,,True,7
VEG_015,Beans / Green Beans,PM019,PS,Polymer film,Single polymer/coating,Compatible,83.33,0.6666666666666666,,0,86.6667,,,,True,8
VEG_015,Beans / Green Beans,PM020,HIPS,Polymer film,Single polymer/coating,Compatible,83.33,0.6666666666666666,,0,86.6667,,,,True,9
VEG_015,Beans / Green Beans,PM021,EPS,Polymer film,Single polymer/coating,Compatible,83.33,0.6666666666666666,,0,86.6667,,,,True,10
VEG_015,Beans / Green Beans,PM022,PLA,Biodegradable polymer,Polymer film,Compatible,83.33,0.6666666666666666,,0,86.6667,,,,True,11
VEG_015,Beans / Green Beans,PM023,PHA,Biodegradable polymer,Polymer film,Compatible,83.33,0.6666666666666666,,0,86.6667,,,,True,12
VEG_015,Beans / Green Beans,PM024,Cellulose film,Paper/cellulosic,Paper/film,Compatible,83.33,0.6666666666666666,,0,86.6667,,,,True,13
VEG_015,Beans / Green Beans,PM025,Coated cellulose film,Paper/cellulosic,Paper/film,Compatible,83.33,0.6666666666666666,,0,86.6667,,,,True,14
VEG_015,Beans / Green Beans,PM026,Kraft paper,Paper/cellulosic,Paper/film,Compatible,83.33,0.6666666666666666,,0,86.6667,,,,True,15
VEG_015,Beans / Green Beans,PM027,Coated paper,Paper/cellulosic,Paper/film,Compatible,83.33,0.6666666666666666,,0,86.6667,,,,True,16
VEG_015,Beans / Green Beans,PM028,Glassine paper,Paper/cellulosic,Paper/film,Compatible,83.33,0.6666666666666666,,0,86.6667,,,,True,17
VEG_015,Beans / Green Beans,PM038,Micro-perforated PE film,Fresh-produce breathable film,Perforated film,Compatible,83.33,0.6666666666666666,,0,86.6667,,,,True,18
VEG_015,Beans / Green Beans,PM039,Micro-perforated PP film,Fresh-produce breathable film,Perforated film,Compatible,83.33,0.6666666666666666,,0,86.6667,,,,True,19
VEG_015,Beans / Green Beans,PM040,Breathable cellulose film,Fresh-produce breathable film,Breathable film,Compatible,83.33,0.6666666666666666,,0,86.6667,,,,True,20
VEG_015,Beans / Green Beans,PM004,HDPE,Polymer film,Single polymer/coating,Low_Compatibility,41.67,0.6666666666666666,,0,51.6709,,,,True,21
VEG_015,Beans / Green Beans,PM031,PET/PE laminate,Multilayer laminate/structure,Multilayer,Low_Compatibility,41.67,0.6666666666666666,,0,51.6709,,,,True,22
VEG_015,Beans / Green Beans,PM033,PET/CPP laminate,Multilayer laminate/structure,Multilayer,Low_Compatibility,41.67,0.6666666666666666,,0,51.6709,,,,True,23
VEG_015,Beans / Green Beans,PM037,BOPP/CPP laminate,Multilayer laminate/structure,Multilayer,Low_Compatibility,41.67,0.6666666666666666,,0,51.6709,,,,True,24
VEG_015,Beans / Green Beans,PM005,PP,Polymer film,Single polymer/coating,Low_Compatibility,0.0,0.6666666666666666,,0,16.6667,,,,True,25
VEG_015,Beans / Green Beans,PM006,CPP,Polymer film,Single polymer/coating,Low_Compatibility,0.0,0.6666666666666666,,0,16.6667,,,,True,26
VEG_015,Beans / Green Beans,PM008,Metallized BOPP,Polymer film,Single polymer/coating,Low_Compatibility,0.0,0.6666666666666666,,0,16.6667,,,,True,27
VEG_015,Beans / Green Beans,PM009,PET,Polymer film,Single polymer/coating,Low_Compatibility,0.0,0.6666666666666666,,0,16.6667,,,,True,28
VEG_015,Beans / Green Beans,PM010,BOPET,Polymer film,Single polymer/coating,Low_Compatibility,0.0,0.6666666666666666,,0,16.6667,,,,True,29
VEG_015,Beans / Green Beans,PM011,Metallized PET,Polymer film,Single polymer/coating,Low_Compatibility,0.0,0.6666666666666666,,0,16.6667,,,,True,30
VEG_015,Beans / Green Beans,PM012,PVdC-coated PET,Polymer film,Single polymer/coating,Low_Compatibility,0.0,0.6666666666666666,,0,16.6667,,,,True,31
VEG_015,Beans / Green Beans,PM016,PVdC,Polymer film,Single polymer/coating,Low_Compatibility,0.0,0.6666666666666666,,0,16.6667,,,,True,32
VEG_015,Beans / Green Beans,PM017,PVC rigid,Polymer film,Single polymer/coating,Low_Compatibility,0.0,0.6666666666666666,,0,16.6667,,,,True,33
VEG_015,Beans / Green Beans,PM029,Aluminum foil,Metal,Rigid/foil metal,Low_Compatibility,0.0,0.6666666666666666,,0,16.6667,,,,True,34
VEG_015,Beans / Green Beans,PM030,Tinplate steel,Metal,Rigid/foil metal,Low_Compatibility,0.0,0.6666666666666666,,0,16.6667,,,,True,35
VEG_015,Beans / Green Beans,PM032,PA/PE laminate,Multilayer laminate/structure,Multilayer,Low_Compatibility,0.0,0.6666666666666666,,0,16.6667,,,,True,36
VEG_015,Beans / Green Beans,PM034,PET/Al/PE laminate,Multilayer laminate/structure,Multilayer,Low_Compatibility,0.0,0.6666666666666666,,0,16.6667,,,,True,37
VEG_015,Beans / Green Beans,PM035,PET/EVOH/PE laminate,Multilayer laminate/structure,Multilayer,Low_Compatibility,0.0,0.6666666666666666,,0,16.6667,,,,True,38
VEG_015,Beans / Green Beans,PM036,PE/PA/EVOH/PE laminate,Multilayer laminate/structure,Multilayer,Low_Compatibility,0.0,0.6666666666666666,,0,16.6667,,,,True,39
VEG_015,Beans / Green Beans,PM015,EVOH,Polymer film,Single polymer/coating,Insufficient_Evidence,,0.0,,0,,,,Excluded from recommendation pool because deterministic evidence is insufficient,False,40
MEAT_005,Beef,PM002,LLDPE,Polymer film,Single polymer/coating,Conditionally_Compatible,72.22,0.4444444444444445,,0,75.1117,,,,True,1
MEAT_005,Beef,PM003,MDPE,Polymer film,Single polymer/coating,Conditionally_Compatible,72.22,0.4444444444444445,,0,75.1117,,,,True,2
MEAT_005,Beef,PM006,CPP,Polymer film,Single polymer/coating,Conditionally_Compatible,72.22,0.4444444444444445,,0,75.1117,,,,True,3
MEAT_005,Beef,PM031,PET/PE laminate,Multilayer laminate/structure,Multilayer,Conditionally_Compatible,72.22,0.4444444444444445,,0,75.1117,,,,True,4
MEAT_005,Beef,PM032,PA/PE laminate,Multilayer laminate/structure,Multilayer,Conditionally_Compatible,72.22,0.4444444444444445,,0,75.1117,,,,True,5
MEAT_005,Beef,PM033,PET/CPP laminate,Multilayer laminate/structure,Multilayer,Conditionally_Compatible,72.22,0.4444444444444445,,0,75.1117,,,,True,6
MEAT_005,Beef,PM037,BOPP/CPP laminate,Multilayer laminate/structure,Multilayer,Conditionally_Compatible,72.22,0.4444444444444445,,0,75.1117,,,,True,7
MEAT_005,Beef,PM039,Micro-perforated PP film,Fresh-produce breathable film,Perforated film,Conditionally_Compatible,72.22,0.4444444444444445,,0,75.1117,,,,True,8
MEAT_005,Beef,PM001,LDPE,Polymer film,Single polymer/coating,Conditionally_Compatible,63.19,0.4444444444444445,,0,67.5262,,,,True,9
MEAT_005,Beef,PM004,HDPE,Polymer film,Single polymer/coating,Conditionally_Compatible,63.19,0.4444444444444445,,0,67.5262,,,,True,10
MEAT_005,Beef,PM005,PP,Polymer film,Single polymer/coating,Conditionally_Compatible,63.19,0.4444444444444445,,0,67.5262,,,,True,11
MEAT_005,Beef,PM034,PET/Al/PE laminate,Multilayer laminate/structure,Multilayer,Conditionally_Compatible,63.19,0.4444444444444445,,0,67.5262,,,,True,12
MEAT_005,Beef,PM035,PET/EVOH/PE laminate,Multilayer laminate/structure,Multilayer,Conditionally_Compatible,63.19,0.4444444444444445,,0,67.5262,,,,True,13
MEAT_005,Beef,PM038,Micro-perforated PE film,Fresh-produce breathable film,Perforated film,Conditionally_Compatible,63.19,0.4444444444444445,,0,67.5262,,,,True,14
MEAT_005,Beef,PM036,PE/PA/EVOH/PE laminate,Multilayer laminate/structure,Multilayer,Conditionally_Compatible,55.55,0.3333333333333334,,0,59.9972,,,,True,15
MEAT_005,Beef,PM007,BOPP,Polymer film,Single polymer/coating,Low_Compatibility,54.17,0.4444444444444445,,0,59.9491,,,,True,16
MEAT_005,Beef,PM008,Metallized BOPP,Polymer film,Single polymer/coating,Low_Compatibility,54.17,0.4444444444444445,,0,59.9491,,,,True,17
MEAT_005,Beef,PM009,PET,Polymer film,Single polymer/coating,Low_Compatibility,54.17,0.4444444444444445,,0,59.9491,,,,True,18
MEAT_005,Beef,PM010,BOPET,Polymer film,Single polymer/coating,Low_Compatibility,54.17,0.4444444444444445,,0,59.9491,,,,True,19
MEAT_005,Beef,PM011,Metallized PET,Polymer film,Single polymer/coating,Low_Compatibility,54.17,0.4444444444444445,,0,59.9491,,,,True,20
MEAT_005,Beef,PM012,PVdC-coated PET,Polymer film,Single polymer/coating,Low_Compatibility,54.17,0.4444444444444445,,0,59.9491,,,,True,21
MEAT_005,Beef,PM013,PA6 / Nylon-6,Multilayer laminate/structure,Multilayer,Low_Compatibility,54.17,0.4444444444444445,,0,59.9491,,,,True,22
MEAT_005,Beef,PM014,BOPA / Oriented Nylon,Multilayer laminate/structure,Multilayer,Low_Compatibility,54.17,0.4444444444444445,,0,59.9491,,,,True,23
MEAT_005,Beef,PM016,PVdC,Polymer film,Single polymer/coating,Conditionally_Compatible,54.17,0.4444444444444445,,0,59.9491,,,,True,24
MEAT_005,Beef,PM025,Coated cellulose film,Paper/cellulosic,Paper/film,Conditionally_Compatible,54.17,0.4444444444444445,,0,59.9491,,,,True,25
MEAT_005,Beef,PM015,EVOH,Polymer film,Single polymer/coating,Low_Compatibility,45.14,0.4444444444444445,,0,52.3636,,,,True,26
MEAT_005,Beef,PM017,PVC rigid,Polymer film,Single polymer/coating,Low_Compatibility,45.14,0.4444444444444445,,0,52.3636,,,,True,27
MEAT_005,Beef,PM020,HIPS,Polymer film,Single polymer/coating,Low_Compatibility,45.14,0.4444444444444445,,0,52.3636,,,,True,28
MEAT_005,Beef,PM022,PLA,Biodegradable polymer,Polymer film,Low_Compatibility,45.14,0.4444444444444445,,0,52.3636,,,,True,29
MEAT_005,Beef,PM023,PHA,Biodegradable polymer,Polymer film,Low_Compatibility,45.14,0.4444444444444445,,0,52.3636,,,,True,30
MEAT_005,Beef,PM027,Coated paper,Paper/cellulosic,Paper/film,Low_Compatibility,45.14,0.4444444444444445,,0,52.3636,,,,True,31
MEAT_005,Beef,PM029,Aluminum foil,Metal,Rigid/foil metal,Low_Compatibility,45.14,0.4444444444444445,,0,52.3636,,,,True,32
MEAT_005,Beef,PM018,PVC plasticized,Polymer film,Single polymer/coating,Low_Compatibility,44.45,0.3333333333333334,,0,50.6728,,,,True,33
MEAT_005,Beef,PM019,PS,Polymer film,Single polymer/coating,Low_Compatibility,36.11,0.4444444444444445,,0,44.7781,,,,True,34
MEAT_005,Beef,PM026,Kraft paper,Paper/cellulosic,Paper/film,Low_Compatibility,36.11,0.4444444444444445,,0,44.7781,,,,True,35
MEAT_005,Beef,PM028,Glassine paper,Paper/cellulosic,Paper/film,Low_Compatibility,36.11,0.4444444444444445,,0,44.7781,,,,True,36
MEAT_005,Beef,PM024,Cellulose film,Paper/cellulosic,Paper/film,Low_Compatibility,33.33,0.3333333333333334,,0,41.3317,,,,True,37
MEAT_005,Beef,PM030,Tinplate steel,Metal,Rigid/foil metal,Low_Compatibility,33.33,0.3333333333333334,,0,41.3317,,,,True,38
MEAT_005,Beef,PM040,Breathable cellulose film,Fresh-produce breathable film,Breathable film,Low_Compatibility,33.33,0.3333333333333334,,0,41.3317,,,,True,39
MEAT_005,Beef,PM021,EPS,Polymer film,Single polymer/coating,Low_Compatibility,18.06,0.4444444444444445,,0,29.6155,,,,True,40
VEG_017,Beetroot,PM001,LDPE,Polymer film,Single polymer/coating,Compatible,83.33,0.6666666666666666,,0,86.6667,,,,True,1
VEG_017,Beetroot,PM002,LLDPE,Polymer film,Single polymer/coating,Compatible,83.33,0.6666666666666666,,0,86.6667,,,,True,2
VEG_017,Beetroot,PM003,MDPE,Polymer film,Single polymer/coating,Compatible,83.33,0.6666666666666666,,0,86.6667,,,,True,3
VEG_017,Beetroot,PM004,HDPE,Polymer film,Single polymer/coating,Compatible,83.33,0.6666666666666666,,0,86.6667,,,,True,4
VEG_017,Beetroot,PM005,PP,Polymer film,Single polymer/coating,Compatible,83.33,0.6666666666666666,,0,86.6667,,,,True,5
VEG_017,Beetroot,PM006,CPP,Polymer film,Single polymer/coating,Compatible,83.33,0.6666666666666666,,0,86.6667,,,,True,6
VEG_017,Beetroot,PM007,BOPP,Polymer film,Single polymer/coating,Compatible,83.33,0.6666666666666666,,0,86.6667,,,,True,7
VEG_017,Beetroot,PM009,PET,Polymer film,Single polymer/coating,Compatible,83.33,0.6666666666666666,,0,86.6667,,,,True,8
VEG_017,Beetroot,PM010,BOPET,Polymer film,Single polymer/coating,Compatible,83.33,0.6666666666666666,,0,86.6667,,,,True,9
VEG_017,Beetroot,PM013,PA6 / Nylon-6,Multilayer laminate/structure,Multilayer,Compatible,83.33,0.6666666666666666,,0,86.6667,,,,True,10
VEG_017,Beetroot,PM014,BOPA / Oriented Nylon,Multilayer laminate/structure,Multilayer,Compatible,83.33,0.6666666666666666,,0,86.6667,,,,True,11
VEG_017,Beetroot,PM017,PVC rigid,Polymer film,Single polymer/coating,Compatible,83.33,0.6666666666666666,,0,86.6667,,,,True,12
VEG_017,Beetroot,PM018,PVC plasticized,Polymer film,Single polymer/coating,Compatible,83.33,0.6666666666666666,,0,86.6667,,,,True,13
VEG_017,Beetroot,PM019,PS,Polymer film,Single polymer/coating,Compatible,83.33,0.6666666666666666,,0,86.6667,,,,True,14
VEG_017,Beetroot,PM020,HIPS,Polymer film,Single polymer/coating,Compatible,83.33,0.6666666666666666,,0,86.6667,,,,True,15
VEG_017,Beetroot,PM021,EPS,Polymer film,Single polymer/coating,Compatible,83.33,0.6666666666666666,,0,86.6667,,,,True,16
VEG_017,Beetroot,PM022,PLA,Biodegradable polymer,Polymer film,Compatible,83.33,0.6666666666666666,,0,86.6667,,,,True,17
VEG_017,Beetroot,PM023,PHA,Biodegradable polymer,Polymer film,Compatible,83.33,0.6666666666666666,,0,86.6667,,,,True,18
VEG_017,Beetroot,PM024,Cellulose film,Paper/cellulosic,Paper/film,Compatible,83.33,0.6666666666666666,,0,86.6667,,,,True,19
VEG_017,Beetroot,PM025,Coated cellulose film,Paper/cellulosic,Paper/film,Compatible,83.33,0.6666666666666666,,0,86.6667,,,,True,20
VEG_017,Beetroot,PM026,Kraft paper,Paper/cellulosic,Paper/film,Compatible,83.33,0.6666666666666666,,0,86.6667,,,,True,21
VEG_017,Beetroot,PM027,Coated paper,Paper/cellulosic,Paper/film,Compatible,83.33,0.6666666666666666,,0,86.6667,,,,True,22
VEG_017,Beetroot,PM028,Glassine paper,Paper/cellulosic,Paper/film,Compatible,83.33,0.6666666666666666,,0,86.6667,,,,True,23
VEG_017,Beetroot,PM031,PET/PE laminate,Multilayer laminate/structure,Multilayer,Compatible,83.33,0.6666666666666666,,0,86.6667,,,,True,24
VEG_017,Beetroot,PM033,PET/CPP laminate,Multilayer laminate/structure,Multilayer,Compatible,83.33,0.6666666666666666,,0,86.6667,,,,True,25
VEG_017,Beetroot,PM037,BOPP/CPP laminate,Multilayer laminate/structure,Multilayer,Compatible,83.33,0.6666666666666666,,0,86.6667,,,,True,26
VEG_017,Beetroot,PM038,Micro-perforated PE film,Fresh-produce breathable film,Perforated film,Compatible,83.33,0.6666666666666666,,0,86.6667,,,,True,27
VEG_017,Beetroot,PM039,Micro-perforated PP film,Fresh-produce breathable film,Perforated film,Compatible,83.33,0.6666666666666666,,0,86.6667,,,,True,28
VEG_017,Beetroot,PM040,Breathable cellulose film,Fresh-produce breathable film,Breathable film,Compatible,83.33,0.6666666666666666,,0,86.6667,,,,True,29
VEG_017,Beetroot,PM008,Metallized BOPP,Polymer film,Single polymer/coating,Low_Compatibility,41.67,0.6666666666666666,,0,51.6709,,,,True,30
VEG_017,Beetroot,PM011,Metallized PET,Polymer film,Single polymer/coating,Low_Compatibility,41.67,0.6666666666666666,,0,51.6709,,,,True,31
VEG_017,Beetroot,PM012,PVdC-coated PET,Polymer film,Single polymer/coating,Low_Compatibility,41.67,0.6666666666666666,,0,51.6709,,,,True,32
VEG_017,Beetroot,PM016,PVdC,Polymer film,Single polymer/coating,Low_Compatibility,41.67,0.6666666666666666,,0,51.6709,,,,True,33
VEG_017,Beetroot,PM032,PA/PE laminate,Multilayer laminate/structure,Multilayer,Low_Compatibility,41.67,0.6666666666666666,,0,51.6709,,,,True,34
VEG_017,Beetroot,PM029,Aluminum foil,Metal,Rigid/foil metal,Low_Compatibility,0.0,0.6666666666666666,,0,16.6667,,,,True,35
VEG_017,Beetroot,PM030,Tinplate steel,Metal,Rigid/foil metal,Low_Compatibility,0.0,0.6666666666666666,,0,16.6667,,,,True,36
VEG_017,Beetroot,PM034,PET/Al/PE laminate,Multilayer laminate/structure,Multilayer,Low_Compatibility,0.0,0.6666666666666666,,0,16.6667,,,,True,37
VEG_017,Beetroot,PM035,PET/EVOH/PE laminate,Multilayer laminate/structure,Multilayer,Low_Compatibility,0.0,0.6666666666666666,,0,16.6667,,,,True,38
VEG_017,Beetroot,PM036,PE/PA/EVOH/PE laminate,Multilayer laminate/structure,Multilayer,Low_Compatibility,0.0,0.6666666666666666,,0,16.6667,,,,True,39
VEG_017,Beetroot,PM015,EVOH,Polymer film,Single polymer/coating,Insufficient_Evidence,,0.0,,0,,,,Excluded from recommendation pool because deterministic evidence is insufficient,False,40
VEG_025,Bitter Gourd,PM001,LDPE,Polymer film,Single polymer/coating,Insufficient_Evidence,,0.0,,0,,,,Excluded from recommendation pool because deterministic evidence is insufficient,False,1
VEG_025,Bitter Gourd,PM002,LLDPE,Polymer film,Single polymer/coating,Insufficient_Evidence,,0.0,,0,,,,Excluded from recommendation pool because deterministic evidence is insufficient,False,2
VEG_025,Bitter Gourd,PM003,MDPE,Polymer film,Single polymer/coating,Insufficient_Evidence,,0.0,,0,,,,Excluded from recommendation pool because deterministic evidence is insufficient,False,3
VEG_025,Bitter Gourd,PM004,HDPE,Polymer film,Single polymer/coating,Insufficient_Evidence,,0.0,,0,,,,Excluded from recommendation pool because deterministic evidence is insufficient,False,4
VEG_025,Bitter Gourd,PM005,PP,Polymer film,Single polymer/coating,Insufficient_Evidence,,0.0,,0,,,,Excluded from recommendation pool because deterministic evidence is insufficient,False,5
VEG_025,Bitter Gourd,PM006,CPP,Polymer film,Single polymer/coating,Insufficient_Evidence,,0.0,,0,,,,Excluded from recommendation pool because deterministic evidence is insufficient,False,6
VEG_025,Bitter Gourd,PM007,BOPP,Polymer film,Single polymer/coating,Insufficient_Evidence,,0.0,,0,,,,Excluded from recommendation pool because deterministic evidence is insufficient,False,7
VEG_025,Bitter Gourd,PM008,Metallized BOPP,Polymer film,Single polymer/coating,Insufficient_Evidence,,0.0,,0,,,,Excluded from recommendation pool because deterministic evidence is insufficient,False,8
VEG_025,Bitter Gourd,PM009,PET,Polymer film,Single polymer/coating,Insufficient_Evidence,,0.0,,0,,,,Excluded from recommendation pool because deterministic evidence is insufficient,False,9
VEG_025,Bitter Gourd,PM010,BOPET,Polymer film,Single polymer/coating,Insufficient_Evidence,,0.0,,0,,,,Excluded from recommendation pool because deterministic evidence is insufficient,False,10
VEG_025,Bitter Gourd,PM011,Metallized PET,Polymer film,Single polymer/coating,Insufficient_Evidence,,0.0,,0,,,,Excluded from recommendation pool because deterministic evidence is insufficient,False,11
VEG_025,Bitter Gourd,PM012,PVdC-coated PET,Polymer film,Single polymer/coating,Insufficient_Evidence,,0.0,,0,,,,Excluded from recommendation pool because deterministic evidence is insufficient,False,12
VEG_025,Bitter Gourd,PM013,PA6 / Nylon-6,Multilayer laminate/structure,Multilayer,Insufficient_Evidence,,0.0,,0,,,,Excluded from recommendation pool because deterministic evidence is insufficient,False,13
VEG_025,Bitter Gourd,PM014,BOPA / Oriented Nylon,Multilayer laminate/structure,Multilayer,Insufficient_Evidence,,0.0,,0,,,,Excluded from recommendation pool because deterministic evidence is insufficient,False,14
VEG_025,Bitter Gourd,PM015,EVOH,Polymer film,Single polymer/coating,Insufficient_Evidence,,0.0,,0,,,,Excluded from recommendation pool because deterministic evidence is insufficient,False,15
VEG_025,Bitter Gourd,PM016,PVdC,Polymer film,Single polymer/coating,Insufficient_Evidence,,0.0,,0,,,,Excluded from recommendation pool because deterministic evidence is insufficient,False,16
VEG_025,Bitter Gourd,PM017,PVC rigid,Polymer film,Single polymer/coating,Insufficient_Evidence,,0.0,,0,,,,Excluded from recommendation pool because deterministic evidence is insufficient,False,17
VEG_025,Bitter Gourd,PM018,PVC plasticized,Polymer film,Single polymer/coating,Insufficient_Evidence,,0.0,,0,,,,Excluded from recommendation pool because deterministic evidence is insufficient,False,18
VEG_025,Bitter Gourd,PM019,PS,Polymer film,Single polymer/coating,Insufficient_Evidence,,0.0,,0,,,,Excluded from recommendation pool because deterministic evidence is insufficient,False,19
VEG_025,Bitter Gourd,PM020,HIPS,Polymer film,Single polymer/coating,Insufficient_Evidence,,0.0,,0,,,,Excluded from recommendation pool because deterministic evidence is insufficient,False,20
VEG_025,Bitter Gourd,PM021,EPS,Polymer film,Single polymer/coating,Insufficient_Evidence,,0.0,,0,,,,Excluded from recommendation pool because deterministic evidence is insufficient,False,21
VEG_025,Bitter Gourd,PM022,PLA,Biodegradable polymer,Polymer film,Insufficient_Evidence,,0.0,,0,,,,Excluded from recommendation pool because deterministic evidence is insufficient,False,22
VEG_025,Bitter Gourd,PM023,PHA,Biodegradable polymer,Polymer film,Insufficient_Evidence,,0.0,,0,,,,Excluded from recommendation pool because deterministic evidence is insufficient,False,23
VEG_025,Bitter Gourd,PM024,Cellulose film,Paper/cellulosic,Paper/film,Insufficient_Evidence,,0.0,,0,,,,Excluded from recommendation pool because deterministic evidence is insufficient,False,24
VEG_025,Bitter Gourd,PM025,Coated cellulose film,Paper/cellulosic,Paper/film,Insufficient_Evidence,,0.0,,0,,,,Excluded from recommendation pool because deterministic evidence is insufficient,False,25
VEG_025,Bitter Gourd,PM026,Kraft paper,Paper/cellulosic,Paper/film,Insufficient_Evidence,,0.0,,0,,,,Excluded from recommendation pool because deterministic evidence is insufficient,False,26
VEG_025,Bitter Gourd,PM027,Coated paper,Paper/cellulosic,Paper/film,Insufficient_Evidence,,0.0,,0,,,,Excluded from recommendation pool because deterministic evidence is insufficient,False,27
VEG_025,Bitter Gourd,PM028,Glassine paper,Paper/cellulosic,Paper/film,Insufficient_Evidence,,0.0,,0,,,,Excluded from recommendation pool because deterministic evidence is insufficient,False,28
VEG_025,Bitter Gourd,PM029,Aluminum foil,Metal,Rigid/foil metal,Insufficient_Evidence,,0.0,,0,,,,Excluded from recommendation pool because deterministic evidence is insufficient,False,29
VEG_025,Bitter Gourd,PM030,Tinplate steel,Metal,Rigid/foil metal,Insufficient_Evidence,,0.0,,0,,,,Excluded from recommendation pool because deterministic evidence is insufficient,False,30
VEG_025,Bitter Gourd,PM031,PET/PE laminate,Multilayer laminate/structure,Multilayer,Insufficient_Evidence,,0.0,,0,,,,Excluded from recommendation pool because deterministic evidence is insufficient,False,31
VEG_025,Bitter Gourd,PM032,PA/PE laminate,Multilayer laminate/structure,Multilayer,Insufficient_Evidence,,0.0,,0,,,,Excluded from recommendation pool because deterministic evidence is insufficient,False,32
VEG_025,Bitter Gourd,PM033,PET/CPP laminate,Multilayer laminate/structure,Multilayer,Insufficient_Evidence,,0.0,,0,,,,Excluded from recommendation pool because deterministic evidence is insufficient,False,33
VEG_025,Bitter Gourd,PM034,PET/Al/PE laminate,Multilayer laminate/structure,Multilayer,Insufficient_Evidence,,0.0,,0,,,,Excluded from recommendation pool because deterministic evidence is insufficient,False,34
VEG_025,Bitter Gourd,PM035,PET/EVOH/PE laminate,Multilayer laminate/structure,Multilayer,Insufficient_Evidence,,0.0,,0,,,,Excluded from recommendation pool because deterministic evidence is insufficient,False,35
VEG_025,Bitter Gourd,PM036,PE/PA/EVOH/PE laminate,Multilayer laminate/structure,Multilayer,Insufficient_Evidence,,0.0,,0,,,,Excluded from recommendation pool because deterministic evidence is insufficient,False,36
VEG_025,Bitter Gourd,PM037,BOPP/CPP laminate,Multilayer laminate/structure,Multilayer,Insufficient_Evidence,,0.0,,0,,,,Excluded from recommendation pool because deterministic evidence is insufficient,False,37
VEG_025,Bitter Gourd,PM038,Micro-perforated PE film,Fresh-produce breathable film,Perforated film,Insufficient_Evidence,,0.0,,0,,,,Excluded from recommendation pool because deterministic evidence is insufficient,False,38
VEG_025,Bitter Gourd,PM039,Micro-perforated PP film,Fresh-produce breathable film,Perforated film,Insufficient_Evidence,,0.0,,0,,,,Excluded from recommendation pool because deterministic evidence is insufficient,False,39
VEG_025,Bitter Gourd,PM040,Breathable cellulose film,Fresh-produce breathable film,Breathable film,Insufficient_Evidence,,0.0,,0,,,,Excluded from recommendation pool because deterministic evidence is insufficient,False,40
FRU_014,Blueberry,PM001,LDPE,Polymer film,Single polymer/coating,Conditionally_Compatible,72.22,0.4444444444444445,,0,75.1117,,,,True,1
FRU_014,Blueberry,PM002,LLDPE,Polymer film,Single polymer/coating,Conditionally_Compatible,72.22,0.4444444444444445,,0,75.1117,,,,True,2
FRU_014,Blueberry,PM003,MDPE,Polymer film,Single polymer/coating,Conditionally_Compatible,72.22,0.4444444444444445,,0,75.1117,,,,True,3
FRU_014,Blueberry,PM007,BOPP,Polymer film,Single polymer/coating,Conditionally_Compatible,72.22,0.4444444444444445,,0,75.1117,,,,True,4
FRU_014,Blueberry,PM013,PA6 / Nylon-6,Multilayer laminate/structure,Multilayer,Conditionally_Compatible,72.22,0.4444444444444445,,0,75.1117,,,,True,5
FRU_014,Blueberry,PM014,BOPA / Oriented Nylon,Multilayer laminate/structure,Multilayer,Conditionally_Compatible,72.22,0.4444444444444445,,0,75.1117,,,,True,6
FRU_014,Blueberry,PM018,PVC plasticized,Polymer film,Single polymer/coating,Conditionally_Compatible,72.22,0.4444444444444445,,0,75.1117,,,,True,7
FRU_014,Blueberry,PM019,PS,Polymer film,Single polymer/coating,Conditionally_Compatible,72.22,0.4444444444444445,,0,75.1117,,,,True,8
FRU_014,Blueberry,PM020,HIPS,Polymer film,Single polymer/coating,Conditionally_Compatible,72.22,0.4444444444444445,,0,75.1117,,,,True,9
FRU_014,Blueberry,PM021,EPS,Polymer film,Single polymer/coating,Conditionally_Compatible,72.22,0.4444444444444445,,0,75.1117,,,,True,10
FRU_014,Blueberry,PM022,PLA,Biodegradable polymer,Polymer film,Conditionally_Compatible,72.22,0.4444444444444445,,0,75.1117,,,,True,11
FRU_014,Blueberry,PM023,PHA,Biodegradable polymer,Polymer film,Conditionally_Compatible,72.22,0.4444444444444445,,0,75.1117,,,,True,12
FRU_014,Blueberry,PM024,Cellulose film,Paper/cellulosic,Paper/film,Conditionally_Compatible,72.22,0.4444444444444445,,0,75.1117,,,,True,13
FRU_014,Blueberry,PM025,Coated cellulose film,Paper/cellulosic,Paper/film,Conditionally_Compatible,72.22,0.4444444444444445,,0,75.1117,,,,True,14
FRU_014,Blueberry,PM026,Kraft paper,Paper/cellulosic,Paper/film,Conditionally_Compatible,72.22,0.4444444444444445,,0,75.1117,,,,True,15
FRU_014,Blueberry,PM027,Coated paper,Paper/cellulosic,Paper/film,Conditionally_Compatible,72.22,0.4444444444444445,,0,75.1117,,,,True,16
FRU_014,Blueberry,PM028,Glassine paper,Paper/cellulosic,Paper/film,Conditionally_Compatible,72.22,0.4444444444444445,,0,75.1117,,,,True,17
FRU_014,Blueberry,PM038,Micro-perforated PE film,Fresh-produce breathable film,Perforated film,Conditionally_Compatible,72.22,0.4444444444444445,,0,75.1117,,,,True,18
FRU_014,Blueberry,PM039,Micro-perforated PP film,Fresh-produce breathable film,Perforated film,Conditionally_Compatible,72.22,0.4444444444444445,,0,75.1117,,,,True,19
FRU_014,Blueberry,PM040,Breathable cellulose film,Fresh-produce breathable film,Breathable film,Conditionally_Compatible,72.22,0.4444444444444445,,0,75.1117,,,,True,20
FRU_014,Blueberry,PM004,HDPE,Polymer film,Single polymer/coating,Low_Compatibility,36.11,0.4444444444444445,,0,44.7781,,,,True,21
FRU_014,Blueberry,PM031,PET/PE laminate,Multilayer laminate/structure,Multilayer,Low_Compatibility,36.11,0.4444444444444445,,0,44.7781,,,,True,22
FRU_014,Blueberry,PM033,PET/CPP laminate,Multilayer laminate/structure,Multilayer,Low_Compatibility,36.11,0.4444444444444445,,0,44.7781,,,,True,23
FRU_014,Blueberry,PM037,BOPP/CPP laminate,Multilayer laminate/structure,Multilayer,Low_Compatibility,36.11,0.4444444444444445,,0,44.7781,,,,True,24
FRU_014,Blueberry,PM005,PP,Polymer film,Single polymer/coating,Low_Compatibility,0.0,0.4444444444444445,,0,14.4444,,,,True,25
FRU_014,Blueberry,PM006,CPP,Polymer film,Single polymer/coating,Low_Compatibility,0.0,0.4444444444444445,,0,14.4444,,,,True,26
FRU_014,Blueberry,PM008,Metallized BOPP,Polymer film,Single polymer/coating,Low_Compatibility,0.0,0.4444444444444445,,0,14.4444,,,,True,27
FRU_014,Blueberry,PM009,PET,Polymer film,Single polymer/coating,Low_Compatibility,0.0,0.4444444444444445,,0,14.4444,,,,True,28
FRU_014,Blueberry,PM010,BOPET,Polymer film,Single polymer/coating,Low_Compatibility,0.0,0.4444444444444445,,0,14.4444,,,,True,29
FRU_014,Blueberry,PM011,Metallized PET,Polymer film,Single polymer/coating,Low_Compatibility,0.0,0.4444444444444445,,0,14.4444,,,,True,30
FRU_014,Blueberry,PM012,PVdC-coated PET,Polymer film,Single polymer/coating,Low_Compatibility,0.0,0.4444444444444445,,0,14.4444,,,,True,31
FRU_014,Blueberry,PM016,PVdC,Polymer film,Single polymer/coating,Low_Compatibility,0.0,0.4444444444444445,,0,14.4444,,,,True,32
FRU_014,Blueberry,PM017,PVC rigid,Polymer film,Single polymer/coating,Low_Compatibility,0.0,0.4444444444444445,,0,14.4444,,,,True,33
FRU_014,Blueberry,PM029,Aluminum foil,Metal,Rigid/foil metal,Low_Compatibility,0.0,0.4444444444444445,,0,14.4444,,,,True,34
FRU_014,Blueberry,PM030,Tinplate steel,Metal,Rigid/foil metal,Low_Compatibility,0.0,0.4444444444444445,,0,14.4444,,,,True,35
FRU_014,Blueberry,PM032,PA/PE laminate,Multilayer laminate/structure,Multilayer,Low_Compatibility,0.0,0.4444444444444445,,0,14.4444,,,,True,36
FRU_014,Blueberry,PM034,PET/Al/PE laminate,Multilayer laminate/structure,Multilayer,Low_Compatibility,0.0,0.4444444444444445,,0,14.4444,,,,True,37
FRU_014,Blueberry,PM035,PET/EVOH/PE laminate,Multilayer laminate/structure,Multilayer,Low_Compatibility,0.0,0.4444444444444445,,0,14.4444,,,,True,38
FRU_014,Blueberry,PM036,PE/PA/EVOH/PE laminate,Multilayer laminate/structure,Multilayer,Low_Compatibility,0.0,0.4444444444444445,,0,14.4444,,,,True,39
FRU_014,Blueberry,PM015,EVOH,Polymer film,Single polymer/coating,Insufficient_Evidence,,0.0,,0,,,,Excluded from recommendation pool because deterministic evidence is insufficient,False,40
VEG_024,Bottle Gourd,PM001,LDPE,Polymer film,Single polymer/coating,Insufficient_Evidence,,0.0,,0,,,,Excluded from recommendation pool because deterministic evidence is insufficient,False,1
VEG_024,Bottle Gourd,PM002,LLDPE,Polymer film,Single polymer/coating,Insufficient_Evidence,,0.0,,0,,,,Excluded from recommendation pool because deterministic evidence is insufficient,False,2
VEG_024,Bottle Gourd,PM003,MDPE,Polymer film,Single polymer/coating,Insufficient_Evidence,,0.0,,0,,,,Excluded from recommendation pool because deterministic evidence is insufficient,False,3
VEG_024,Bottle Gourd,PM004,HDPE,Polymer film,Single polymer/coating,Insufficient_Evidence,,0.0,,0,,,,Excluded from recommendation pool because deterministic evidence is insufficient,False,4
VEG_024,Bottle Gourd,PM005,PP,Polymer film,Single polymer/coating,Insufficient_Evidence,,0.0,,0,,,,Excluded from recommendation pool because deterministic evidence is insufficient,False,5
VEG_024,Bottle Gourd,PM006,CPP,Polymer film,Single polymer/coating,Insufficient_Evidence,,0.0,,0,,,,Excluded from recommendation pool because deterministic evidence is insufficient,False,6
VEG_024,Bottle Gourd,PM007,BOPP,Polymer film,Single polymer/coating,Insufficient_Evidence,,0.0,,0,,,,Excluded from recommendation pool because deterministic evidence is insufficient,False,7
VEG_024,Bottle Gourd,PM008,Metallized BOPP,Polymer film,Single polymer/coating,Insufficient_Evidence,,0.0,,0,,,,Excluded from recommendation pool because deterministic evidence is insufficient,False,8
VEG_024,Bottle Gourd,PM009,PET,Polymer film,Single polymer/coating,Insufficient_Evidence,,0.0,,0,,,,Excluded from recommendation pool because deterministic evidence is insufficient,False,9
VEG_024,Bottle Gourd,PM010,BOPET,Polymer film,Single polymer/coating,Insufficient_Evidence,,0.0,,0,,,,Excluded from recommendation pool because deterministic evidence is insufficient,False,10
VEG_024,Bottle Gourd,PM011,Metallized PET,Polymer film,Single polymer/coating,Insufficient_Evidence,,0.0,,0,,,,Excluded from recommendation pool because deterministic evidence is insufficient,False,11
VEG_024,Bottle Gourd,PM012,PVdC-coated PET,Polymer film,Single polymer/coating,Insufficient_Evidence,,0.0,,0,,,,Excluded from recommendation pool because deterministic evidence is insufficient,False,12
VEG_024,Bottle Gourd,PM013,PA6 / Nylon-6,Multilayer laminate/structure,Multilayer,Insufficient_Evidence,,0.0,,0,,,,Excluded from recommendation pool because deterministic evidence is insufficient,False,13
VEG_024,Bottle Gourd,PM014,BOPA / Oriented Nylon,Multilayer laminate/structure,Multilayer,Insufficient_Evidence,,0.0,,0,,,,Excluded from recommendation pool because deterministic evidence is insufficient,False,14
VEG_024,Bottle Gourd,PM015,EVOH,Polymer film,Single polymer/coating,Insufficient_Evidence,,0.0,,0,,,,Excluded from recommendation pool because deterministic evidence is insufficient,False,15
VEG_024,Bottle Gourd,PM016,PVdC,Polymer film,Single polymer/coating,Insufficient_Evidence,,0.0,,0,,,,Excluded from recommendation pool because deterministic evidence is insufficient,False,16
VEG_024,Bottle Gourd,PM017,PVC rigid,Polymer film,Single polymer/coating,Insufficient_Evidence,,0.0,,0,,,,Excluded from recommendation pool because deterministic evidence is insufficient,False,17
VEG_024,Bottle Gourd,PM018,PVC plasticized,Polymer film,Single polymer/coating,Insufficient_Evidence,,0.0,,0,,,,Excluded from recommendation pool because deterministic evidence is insufficient,False,18
VEG_024,Bottle Gourd,PM019,PS,Polymer film,Single polymer/coating,Insufficient_Evidence,,0.0,,0,,,,Excluded from recommendation pool because deterministic evidence is insufficient,False,19
VEG_024,Bottle Gourd,PM020,HIPS,Polymer film,Single polymer/coating,Insufficient_Evidence,,0.0,,0,,,,Excluded from recommendation pool because deterministic evidence is insufficient,False,20
VEG_024,Bottle Gourd,PM021,EPS,Polymer film,Single polymer/coating,Insufficient_Evidence,,0.0,,0,,,,Excluded from recommendation pool because deterministic evidence is insufficient,False,21
VEG_024,Bottle Gourd,PM022,PLA,Biodegradable polymer,Polymer film,Insufficient_Evidence,,0.0,,0,,,,Excluded from recommendation pool because deterministic evidence is insufficient,False,22
VEG_024,Bottle Gourd,PM023,PHA,Biodegradable polymer,Polymer film,Insufficient_Evidence,,0.0,,0,,,,Excluded from recommendation pool because deterministic evidence is insufficient,False,23
VEG_024,Bottle Gourd,PM024,Cellulose film,Paper/cellulosic,Paper/film,Insufficient_Evidence,,0.0,,0,,,,Excluded from recommendation pool because deterministic evidence is insufficient,False,24
VEG_024,Bottle Gourd,PM025,Coated cellulose film,Paper/cellulosic,Paper/film,Insufficient_Evidence,,0.0,,0,,,,Excluded from recommendation pool because deterministic evidence is insufficient,False,25
VEG_024,Bottle Gourd,PM026,Kraft paper,Paper/cellulosic,Paper/film,Insufficient_Evidence,,0.0,,0,,,,Excluded from recommendation pool because deterministic evidence is insufficient,False,26
VEG_024,Bottle Gourd,PM027,Coated paper,Paper/cellulosic,Paper/film,Insufficient_Evidence,,0.0,,0,,,,Excluded from recommendation pool because deterministic evidence is insufficient,False,27
VEG_024,Bottle Gourd,PM028,Glassine paper,Paper/cellulosic,Paper/film,Insufficient_Evidence,,0.0,,0,,,,Excluded from recommendation pool because deterministic evidence is insufficient,False,28
VEG_024,Bottle Gourd,PM029,Aluminum foil,Metal,Rigid/foil metal,Insufficient_Evidence,,0.0,,0,,,,Excluded from recommendation pool because deterministic evidence is insufficient,False,29
VEG_024,Bottle Gourd,PM030,Tinplate steel,Metal,Rigid/foil metal,Insufficient_Evidence,,0.0,,0,,,,Excluded from recommendation pool because deterministic evidence is insufficient,False,30
VEG_024,Bottle Gourd,PM031,PET/PE laminate,Multilayer laminate/structure,Multilayer,Insufficient_Evidence,,0.0,,0,,,,Excluded from recommendation pool because deterministic evidence is insufficient,False,31
VEG_024,Bottle Gourd,PM032,PA/PE laminate,Multilayer laminate/structure,Multilayer,Insufficient_Evidence,,0.0,,0,,,,Excluded from recommendation pool because deterministic evidence is insufficient,False,32
VEG_024,Bottle Gourd,PM033,PET/CPP laminate,Multilayer laminate/structure,Multilayer,Insufficient_Evidence,,0.0,,0,,,,Excluded from recommendation pool because deterministic evidence is insufficient,False,33
VEG_024,Bottle Gourd,PM034,PET/Al/PE laminate,Multilayer laminate/structure,Multilayer,Insufficient_Evidence,,0.0,,0,,,,Excluded from recommendation pool because deterministic evidence is insufficient,False,34
VEG_024,Bottle Gourd,PM035,PET/EVOH/PE laminate,Multilayer laminate/structure,Multilayer,Insufficient_Evidence,,0.0,,0,,,,Excluded from recommendation pool because deterministic evidence is insufficient,False,35
VEG_024,Bottle Gourd,PM036,PE/PA/EVOH/PE laminate,Multilayer laminate/structure,Multilayer,Insufficient_Evidence,,0.0,,0,,,,Excluded from recommendation pool because deterministic evidence is insufficient,False,36
VEG_024,Bottle Gourd,PM037,BOPP/CPP laminate,Multilayer laminate/structure,Multilayer,Insufficient_Evidence,,0.0,,0,,,,Excluded from recommendation pool because deterministic evidence is insufficient,False,37
VEG_024,Bottle Gourd,PM038,Micro-perforated PE film,Fresh-produce breathable film,Perforated film,Insufficient_Evidence,,0.0,,0,,,,Excluded from recommendation pool because deterministic evidence is insufficient,False,38
VEG_024,Bottle Gourd,PM039,Micro-perforated PP film,Fresh-produce breathable film,Perforated film,Insufficient_Evidence,,0.0,,0,,,,Excluded from recommendation pool because deterministic evidence is insufficient,False,39
VEG_024,Bottle Gourd,PM040,Breathable cellulose film,Fresh-produce breathable film,Breathable film,Insufficient_Evidence,,0.0,,0,,,,Excluded from recommendation pool because deterministic evidence is insufficient,False,40
VEG_013,Brinjal / Eggplant,PM001,LDPE,Polymer film,Single polymer/coating,Compatible,83.33,0.6666666666666666,,0,86.6667,,,,True,1
VEG_013,Brinjal / Eggplant,PM002,LLDPE,Polymer film,Single polymer/coating,Compatible,83.33,0.6666666666666666,,0,86.6667,,,,True,2
VEG_013,Brinjal / Eggplant,PM003,MDPE,Polymer film,Single polymer/coating,Compatible,83.33,0.6666666666666666,,0,86.6667,,,,True,3
VEG_013,Brinjal / Eggplant,PM007,BOPP,Polymer film,Single polymer/coating,Compatible,83.33,0.6666666666666666,,0,86.6667,,,,True,4
VEG_013,Brinjal / Eggplant,PM013,PA6 / Nylon-6,Multilayer laminate/structure,Multilayer,Compatible,83.33,0.6666666666666666,,0,86.6667,,,,True,5
VEG_013,Brinjal / Eggplant,PM014,BOPA / Oriented Nylon,Multilayer laminate/structure,Multilayer,Compatible,83.33,0.6666666666666666,,0,86.6667,,,,True,6
VEG_013,Brinjal / Eggplant,PM018,PVC plasticized,Polymer film,Single polymer/coating,Compatible,83.33,0.6666666666666666,,0,86.6667,,,,True,7
VEG_013,Brinjal / Eggplant,PM019,PS,Polymer film,Single polymer/coating,Compatible,83.33,0.6666666666666666,,0,86.6667,,,,True,8
VEG_013,Brinjal / Eggplant,PM020,HIPS,Polymer film,Single polymer/coating,Compatible,83.33,0.6666666666666666,,0,86.6667,,,,True,9
VEG_013,Brinjal / Eggplant,PM021,EPS,Polymer film,Single polymer/coating,Compatible,83.33,0.6666666666666666,,0,86.6667,,,,True,10
VEG_013,Brinjal / Eggplant,PM022,PLA,Biodegradable polymer,Polymer film,Compatible,83.33,0.6666666666666666,,0,86.6667,,,,True,11
VEG_013,Brinjal / Eggplant,PM023,PHA,Biodegradable polymer,Polymer film,Compatible,83.33,0.6666666666666666,,0,86.6667,,,,True,12
VEG_013,Brinjal / Eggplant,PM024,Cellulose film,Paper/cellulosic,Paper/film,Compatible,83.33,0.6666666666666666,,0,86.6667,,,,True,13
VEG_013,Brinjal / Eggplant,PM025,Coated cellulose film,Paper/cellulosic,Paper/film,Compatible,83.33,0.6666666666666666,,0,86.6667,,,,True,14
VEG_013,Brinjal / Eggplant,PM026,Kraft paper,Paper/cellulosic,Paper/film,Compatible,83.33,0.6666666666666666,,0,86.6667,,,,True,15
VEG_013,Brinjal / Eggplant,PM027,Coated paper,Paper/cellulosic,Paper/film,Compatible,83.33,0.6666666666666666,,0,86.6667,,,,True,16
VEG_013,Brinjal / Eggplant,PM028,Glassine paper,Paper/cellulosic,Paper/film,Compatible,83.33,0.6666666666666666,,0,86.6667,,,,True,17
VEG_013,Brinjal / Eggplant,PM038,Micro-perforated PE film,Fresh-produce breathable film,Perforated film,Compatible,83.33,0.6666666666666666,,0,86.6667,,,,True,18
VEG_013,Brinjal / Eggplant,PM039,Micro-perforated PP film,Fresh-produce breathable film,Perforated film,Compatible,83.33,0.6666666666666666,,0,86.6667,,,,True,19
VEG_013,Brinjal / Eggplant,PM040,Breathable cellulose film,Fresh-produce breathable film,Breathable film,Compatible,83.33,0.6666666666666666,,0,86.6667,,,,True,20
VEG_013,Brinjal / Eggplant,PM004,HDPE,Polymer film,Single polymer/coating,Low_Compatibility,41.67,0.6666666666666666,,0,51.6709,,,,True,21
VEG_013,Brinjal / Eggplant,PM031,PET/PE laminate,Multilayer laminate/structure,Multilayer,Low_Compatibility,41.67,0.6666666666666666,,0,51.6709,,,,True,22
VEG_013,Brinjal / Eggplant,PM033,PET/CPP laminate,Multilayer laminate/structure,Multilayer,Low_Compatibility,41.67,0.6666666666666666,,0,51.6709,,,,True,23
VEG_013,Brinjal / Eggplant,PM037,BOPP/CPP laminate,Multilayer laminate/structure,Multilayer,Low_Compatibility,41.67,0.6666666666666666,,0,51.6709,,,,True,24
VEG_013,Brinjal / Eggplant,PM005,PP,Polymer film,Single polymer/coating,Low_Compatibility,0.0,0.6666666666666666,,0,16.6667,,,,True,25
VEG_013,Brinjal / Eggplant,PM006,CPP,Polymer film,Single polymer/coating,Low_Compatibility,0.0,0.6666666666666666,,0,16.6667,,,,True,26
VEG_013,Brinjal / Eggplant,PM008,Metallized BOPP,Polymer film,Single polymer/coating,Low_Compatibility,0.0,0.6666666666666666,,0,16.6667,,,,True,27
VEG_013,Brinjal / Eggplant,PM009,PET,Polymer film,Single polymer/coating,Low_Compatibility,0.0,0.6666666666666666,,0,16.6667,,,,True,28
VEG_013,Brinjal / Eggplant,PM010,BOPET,Polymer film,Single polymer/coating,Low_Compatibility,0.0,0.6666666666666666,,0,16.6667,,,,True,29
VEG_013,Brinjal / Eggplant,PM011,Metallized PET,Polymer film,Single polymer/coating,Low_Compatibility,0.0,0.6666666666666666,,0,16.6667,,,,True,30
VEG_013,Brinjal / Eggplant,PM012,PVdC-coated PET,Polymer film,Single polymer/coating,Low_Compatibility,0.0,0.6666666666666666,,0,16.6667,,,,True,31
VEG_013,Brinjal / Eggplant,PM016,PVdC,Polymer film,Single polymer/coating,Low_Compatibility,0.0,0.6666666666666666,,0,16.6667,,,,True,32
VEG_013,Brinjal / Eggplant,PM017,PVC rigid,Polymer film,Single polymer/coating,Low_Compatibility,0.0,0.6666666666666666,,0,16.6667,,,,True,33
VEG_013,Brinjal / Eggplant,PM029,Aluminum foil,Metal,Rigid/foil metal,Low_Compatibility,0.0,0.6666666666666666,,0,16.6667,,,,True,34
VEG_013,Brinjal / Eggplant,PM030,Tinplate steel,Metal,Rigid/foil metal,Low_Compatibility,0.0,0.6666666666666666,,0,16.6667,,,,True,35
VEG_013,Brinjal / Eggplant,PM032,PA/PE laminate,Multilayer laminate/structure,Multilayer,Low_Compatibility,0.0,0.6666666666666666,,0,16.6667,,,,True,36
VEG_013,Brinjal / Eggplant,PM034,PET/Al/PE laminate,Multilayer laminate/structure,Multilayer,Low_Compatibility,0.0,0.6666666666666666,,0,16.6667,,,,True,37
VEG_013,Brinjal / Eggplant,PM035,PET/EVOH/PE laminate,Multilayer laminate/structure,Multilayer,Low_Compatibility,0.0,0.6666666666666666,,0,16.6667,,,,True,38
VEG_013,Brinjal / Eggplant,PM036,PE/PA/EVOH/PE laminate,Multilayer laminate/structure,Multilayer,Low_Compatibility,0.0,0.6666666666666666,,0,16.6667,,,,True,39
VEG_013,Brinjal / Eggplant,PM015,EVOH,Polymer film,Single polymer/coating,Insufficient_Evidence,,0.0,,0,,,,Excluded from recommendation pool because deterministic evidence is insufficient,False,40
VEG_007,Broccoli,PM001,LDPE,Polymer film,Single polymer/coating,Compatible,83.33,0.6666666666666666,,0,86.6667,,,,True,1
VEG_007,Broccoli,PM002,LLDPE,Polymer film,Single polymer/coating,Compatible,83.33,0.6666666666666666,,0,86.6667,,,,True,2
VEG_007,Broccoli,PM013,PA6 / Nylon-6,Multilayer laminate/structure,Multilayer,Compatible,83.33,0.6666666666666666,,0,86.6667,,,,True,3
VEG_007,Broccoli,PM014,BOPA / Oriented Nylon,Multilayer laminate/structure,Multilayer,Compatible,83.33,0.6666666666666666,,0,86.6667,,,,True,4
VEG_007,Broccoli,PM019,PS,Polymer film,Single polymer/coating,Compatible,83.33,0.6666666666666666,,0,86.6667,,,,True,5
VEG_007,Broccoli,PM020,HIPS,Polymer film,Single polymer/coating,Compatible,83.33,0.6666666666666666,,0,86.6667,,,,True,6
VEG_007,Broccoli,PM021,EPS,Polymer film,Single polymer/coating,Compatible,83.33,0.6666666666666666,,0,86.6667,,,,True,7
VEG_007,Broccoli,PM024,Cellulose film,Paper/cellulosic,Paper/film,Compatible,83.33,0.6666666666666666,,0,86.6667,,,,True,8
VEG_007,Broccoli,PM026,Kraft paper,Paper/cellulosic,Paper/film,Compatible,83.33,0.6666666666666666,,0,86.6667,,,,True,9
VEG_007,Broccoli,PM038,Micro-perforated PE film,Fresh-produce breathable film,Perforated film,Compatible,83.33,0.6666666666666666,,0,86.6667,,,,True,10
VEG_007,Broccoli,PM039,Micro-perforated PP film,Fresh-produce breathable film,Perforated film,Compatible,83.33,0.6666666666666666,,0,86.6667,,,,True,11
VEG_007,Broccoli,PM040,Breathable cellulose film,Fresh-produce breathable film,Breathable film,Compatible,83.33,0.6666666666666666,,0,86.6667,,,,True,12
VEG_007,Broccoli,PM003,MDPE,Polymer film,Single polymer/coating,Low_Compatibility,41.67,0.6666666666666666,,0,51.6709,,,,True,13
VEG_007,Broccoli,PM007,BOPP,Polymer film,Single polymer/coating,Low_Compatibility,41.67,0.6666666666666666,,0,51.6709,,,,True,14
VEG_007,Broccoli,PM018,PVC plasticized,Polymer film,Single polymer/coating,Low_Compatibility,41.67,0.6666666666666666,,0,51.6709,,,,True,15
VEG_007,Broccoli,PM022,PLA,Biodegradable polymer,Polymer film,Low_Compatibility,41.67,0.6666666666666666,,0,51.6709,,,,True,16
VEG_007,Broccoli,PM023,PHA,Biodegradable polymer,Polymer film,Low_Compatibility,41.67,0.6666666666666666,,0,51.6709,,,,True,17
VEG_007,Broccoli,PM025,Coated cellulose film,Paper/cellulosic,Paper/film,Low_Compatibility,41.67,0.6666666666666666,,0,51.6709,,,,True,18
VEG_007,Broccoli,PM027,Coated paper,Paper/cellulosic,Paper/film,Low_Compatibility,41.67,0.6666666666666666,,0,51.6709,,,,True,19
VEG_007,Broccoli,PM004,HDPE,Polymer film,Single polymer/coating,Low_Compatibility,0.0,0.6666666666666666,,0,16.6667,,,,True,20
VEG_007,Broccoli,PM005,PP,Polymer film,Single polymer/coating,Low_Compatibility,0.0,0.6666666666666666,,0,16.6667,,,,True,21
VEG_007,Broccoli,PM006,CPP,Polymer film,Single polymer/coating,Low_Compatibility,0.0,0.6666666666666666,,0,16.6667,,,,True,22
VEG_007,Broccoli,PM008,Metallized BOPP,Polymer film,Single polymer/coating,Low_Compatibility,0.0,0.6666666666666666,,0,16.6667,,,,True,23
VEG_007,Broccoli,PM009,PET,Polymer film,Single polymer/coating,Low_Compatibility,0.0,0.6666666666666666,,0,16.6667,,,,True,24
VEG_007,Broccoli,PM010,BOPET,Polymer film,Single polymer/coating,Low_Compatibility,0.0,0.6666666666666666,,0,16.6667,,,,True,25
VEG_007,Broccoli,PM011,Metallized PET,Polymer film,Single polymer/coating,Low_Compatibility,0.0,0.6666666666666666,,0,16.6667,,,,True,26
VEG_007,Broccoli,PM012,PVdC-coated PET,Polymer film,Single polymer/coating,Low_Compatibility,0.0,0.6666666666666666,,0,16.6667,,,,True,27
VEG_007,Broccoli,PM016,PVdC,Polymer film,Single polymer/coating,Low_Compatibility,0.0,0.6666666666666666,,0,16.6667,,,,True,28
VEG_007,Broccoli,PM017,PVC rigid,Polymer film,Single polymer/coating,Low_Compatibility,0.0,0.6666666666666666,,0,16.6667,,,,True,29
VEG_007,Broccoli,PM028,Glassine paper,Paper/cellulosic,Paper/film,Low_Compatibility,0.0,0.6666666666666666,,0,16.6667,,,,True,30
VEG_007,Broccoli,PM029,Aluminum foil,Metal,Rigid/foil metal,Low_Compatibility,0.0,0.6666666666666666,,0,16.6667,,,,True,31
VEG_007,Broccoli,PM030,Tinplate steel,Metal,Rigid/foil metal,Low_Compatibility,0.0,0.6666666666666666,,0,16.6667,,,,True,32
VEG_007,Broccoli,PM031,PET/PE laminate,Multilayer laminate/structure,Multilayer,Low_Compatibility,0.0,0.6666666666666666,,0,16.6667,,,,True,33
VEG_007,Broccoli,PM032,PA/PE laminate,Multilayer laminate/structure,Multilayer,Low_Compatibility,0.0,0.6666666666666666,,0,16.6667,,,,True,34
VEG_007,Broccoli,PM033,PET/CPP laminate,Multilayer laminate/structure,Multilayer,Low_Compatibility,0.0,0.6666666666666666,,0,16.6667,,,,True,35
VEG_007,Broccoli,PM034,PET/Al/PE laminate,Multilayer laminate/structure,Multilayer,Low_Compatibility,0.0,0.6666666666666666,,0,16.6667,,,,True,36
VEG_007,Broccoli,PM035,PET/EVOH/PE laminate,Multilayer laminate/structure,Multilayer,Low_Compatibility,0.0,0.6666666666666666,,0,16.6667,,,,True,37
VEG_007,Broccoli,PM036,PE/PA/EVOH/PE laminate,Multilayer laminate/structure,Multilayer,Low_Compatibility,0.0,0.6666666666666666,,0,16.6667,,,,True,38
VEG_007,Broccoli,PM037,BOPP/CPP laminate,Multilayer laminate/structure,Multilayer,Low_Compatibility,0.0,0.6666666666666666,,0,16.6667,,,,True,39
VEG_007,Broccoli,PM015,EVOH,Polymer film,Single polymer/coating,Insufficient_Evidence,,0.0,,0,,,,Excluded from recommendation pool because deterministic evidence is insufficient,False,40
MEAT_004,Buffalo meat,PM002,LLDPE,Polymer film,Single polymer/coating,Conditionally_Compatible,72.22,0.4444444444444445,,0,75.1117,,,,True,1
MEAT_004,Buffalo meat,PM003,MDPE,Polymer film,Single polymer/coating,Conditionally_Compatible,72.22,0.4444444444444445,,0,75.1117,,,,True,2
MEAT_004,Buffalo meat,PM006,CPP,Polymer film,Single polymer/coating,Conditionally_Compatible,72.22,0.4444444444444445,,0,75.1117,,,,True,3
MEAT_004,Buffalo meat,PM031,PET/PE laminate,Multilayer laminate/structure,Multilayer,Conditionally_Compatible,72.22,0.4444444444444445,,0,75.1117,,,,True,4
MEAT_004,Buffalo meat,PM032,PA/PE laminate,Multilayer laminate/structure,Multilayer,Conditionally_Compatible,72.22,0.4444444444444445,,0,75.1117,,,,True,5
MEAT_004,Buffalo meat,PM033,PET/CPP laminate,Multilayer laminate/structure,Multilayer,Conditionally_Compatible,72.22,0.4444444444444445,,0,75.1117,,,,True,6
MEAT_004,Buffalo meat,PM037,BOPP/CPP laminate,Multilayer laminate/structure,Multilayer,Conditionally_Compatible,72.22,0.4444444444444445,,0,75.1117,,,,True,7
MEAT_004,Buffalo meat,PM039,Micro-perforated PP film,Fresh-produce breathable film,Perforated film,Conditionally_Compatible,72.22,0.4444444444444445,,0,75.1117,,,,True,8
MEAT_004,Buffalo meat,PM001,LDPE,Polymer film,Single polymer/coating,Conditionally_Compatible,63.19,0.4444444444444445,,0,67.5262,,,,True,9
MEAT_004,Buffalo meat,PM004,HDPE,Polymer film,Single polymer/coating,Conditionally_Compatible,63.19,0.4444444444444445,,0,67.5262,,,,True,10
MEAT_004,Buffalo meat,PM005,PP,Polymer film,Single polymer/coating,Conditionally_Compatible,63.19,0.4444444444444445,,0,67.5262,,,,True,11
MEAT_004,Buffalo meat,PM034,PET/Al/PE laminate,Multilayer laminate/structure,Multilayer,Conditionally_Compatible,63.19,0.4444444444444445,,0,67.5262,,,,True,12
MEAT_004,Buffalo meat,PM035,PET/EVOH/PE laminate,Multilayer laminate/structure,Multilayer,Conditionally_Compatible,63.19,0.4444444444444445,,0,67.5262,,,,True,13
MEAT_004,Buffalo meat,PM038,Micro-perforated PE film,Fresh-produce breathable film,Perforated film,Conditionally_Compatible,63.19,0.4444444444444445,,0,67.5262,,,,True,14
MEAT_004,Buffalo meat,PM036,PE/PA/EVOH/PE laminate,Multilayer laminate/structure,Multilayer,Conditionally_Compatible,55.55,0.3333333333333334,,0,59.9972,,,,True,15
MEAT_004,Buffalo meat,PM007,BOPP,Polymer film,Single polymer/coating,Low_Compatibility,54.17,0.4444444444444445,,0,59.9491,,,,True,16
MEAT_004,Buffalo meat,PM008,Metallized BOPP,Polymer film,Single polymer/coating,Low_Compatibility,54.17,0.4444444444444445,,0,59.9491,,,,True,17
MEAT_004,Buffalo meat,PM009,PET,Polymer film,Single polymer/coating,Low_Compatibility,54.17,0.4444444444444445,,0,59.9491,,,,True,18
MEAT_004,Buffalo meat,PM010,BOPET,Polymer film,Single polymer/coating,Low_Compatibility,54.17,0.4444444444444445,,0,59.9491,,,,True,19
MEAT_004,Buffalo meat,PM011,Metallized PET,Polymer film,Single polymer/coating,Low_Compatibility,54.17,0.4444444444444445,,0,59.9491,,,,True,20
MEAT_004,Buffalo meat,PM012,PVdC-coated PET,Polymer film,Single polymer/coating,Low_Compatibility,54.17,0.4444444444444445,,0,59.9491,,,,True,21
MEAT_004,Buffalo meat,PM013,PA6 / Nylon-6,Multilayer laminate/structure,Multilayer,Low_Compatibility,54.17,0.4444444444444445,,0,59.9491,,,,True,22
MEAT_004,Buffalo meat,PM014,BOPA / Oriented Nylon,Multilayer laminate/structure,Multilayer,Low_Compatibility,54.17,0.4444444444444445,,0,59.9491,,,,True,23
MEAT_004,Buffalo meat,PM016,PVdC,Polymer film,Single polymer/coating,Conditionally_Compatible,54.17,0.4444444444444445,,0,59.9491,,,,True,24
MEAT_004,Buffalo meat,PM025,Coated cellulose film,Paper/cellulosic,Paper/film,Conditionally_Compatible,54.17,0.4444444444444445,,0,59.9491,,,,True,25
MEAT_004,Buffalo meat,PM015,EVOH,Polymer film,Single polymer/coating,Low_Compatibility,45.14,0.4444444444444445,,0,52.3636,,,,True,26
MEAT_004,Buffalo meat,PM017,PVC rigid,Polymer film,Single polymer/coating,Low_Compatibility,45.14,0.4444444444444445,,0,52.3636,,,,True,27
MEAT_004,Buffalo meat,PM020,HIPS,Polymer film,Single polymer/coating,Low_Compatibility,45.14,0.4444444444444445,,0,52.3636,,,,True,28
MEAT_004,Buffalo meat,PM022,PLA,Biodegradable polymer,Polymer film,Low_Compatibility,45.14,0.4444444444444445,,0,52.3636,,,,True,29
MEAT_004,Buffalo meat,PM023,PHA,Biodegradable polymer,Polymer film,Low_Compatibility,45.14,0.4444444444444445,,0,52.3636,,,,True,30
MEAT_004,Buffalo meat,PM027,Coated paper,Paper/cellulosic,Paper/film,Low_Compatibility,45.14,0.4444444444444445,,0,52.3636,,,,True,31
MEAT_004,Buffalo meat,PM029,Aluminum foil,Metal,Rigid/foil metal,Low_Compatibility,45.14,0.4444444444444445,,0,52.3636,,,,True,32
MEAT_004,Buffalo meat,PM018,PVC plasticized,Polymer film,Single polymer/coating,Low_Compatibility,44.45,0.3333333333333334,,0,50.6728,,,,True,33
MEAT_004,Buffalo meat,PM019,PS,Polymer film,Single polymer/coating,Low_Compatibility,36.11,0.4444444444444445,,0,44.7781,,,,True,34
MEAT_004,Buffalo meat,PM026,Kraft paper,Paper/cellulosic,Paper/film,Low_Compatibility,36.11,0.4444444444444445,,0,44.7781,,,,True,35
MEAT_004,Buffalo meat,PM028,Glassine paper,Paper/cellulosic,Paper/film,Low_Compatibility,36.11,0.4444444444444445,,0,44.7781,,,,True,36
MEAT_004,Buffalo meat,PM024,Cellulose film,Paper/cellulosic,Paper/film,Low_Compatibility,33.33,0.3333333333333334,,0,41.3317,,,,True,37
MEAT_004,Buffalo meat,PM030,Tinplate steel,Metal,Rigid/foil metal,Low_Compatibility,33.33,0.3333333333333334,,0,41.3317,,,,True,38
MEAT_004,Buffalo meat,PM040,Breathable cellulose film,Fresh-produce breathable film,Breathable film,Low_Compatibility,33.33,0.3333333333333334,,0,41.3317,,,,True,39
MEAT_004,Buffalo meat,PM021,EPS,Polymer film,Single polymer/coating,Low_Compatibility,18.06,0.4444444444444445,,0,29.6155,,,,True,40
PREP_027,Butter chicken,PM002,LLDPE,Polymer film,Single polymer/coating,Conditionally_Compatible,70.0,0.4000000000000001,,0,72.8024,,,,True,1
PREP_027,Butter chicken,PM003,MDPE,Polymer film,Single polymer/coating,Conditionally_Compatible,70.0,0.4000000000000001,,0,72.8024,,,,True,2
PREP_027,Butter chicken,PM006,CPP,Polymer film,Single polymer/coating,Conditionally_Compatible,70.0,0.4000000000000001,,0,72.8024,,,,True,3
PREP_027,Butter chicken,PM031,PET/PE laminate,Multilayer laminate/structure,Multilayer,Conditionally_Compatible,70.0,0.4000000000000001,,0,72.8024,,,,True,4
PREP_027,Butter chicken,PM032,PA/PE laminate,Multilayer laminate/structure,Multilayer,Conditionally_Compatible,70.0,0.4000000000000001,,0,72.8024,,,,True,5
PREP_027,Butter chicken,PM033,PET/CPP laminate,Multilayer laminate/structure,Multilayer,Conditionally_Compatible,70.0,0.4000000000000001,,0,72.8024,,,,True,6
PREP_027,Butter chicken,PM037,BOPP/CPP laminate,Multilayer laminate/structure,Multilayer,Conditionally_Compatible,70.0,0.4000000000000001,,0,72.8024,,,,True,7
PREP_027,Butter chicken,PM039,Micro-perforated PP film,Fresh-produce breathable film,Perforated film,Conditionally_Compatible,70.0,0.4000000000000001,,0,72.8024,,,,True,8
PREP_027,Butter chicken,PM001,LDPE,Polymer film,Single polymer/coating,Conditionally_Compatible,61.25,0.4000000000000001,,0,65.4521,,,,True,9
PREP_027,Butter chicken,PM004,HDPE,Polymer film,Single polymer/coating,Conditionally_Compatible,61.25,0.4000000000000001,,0,65.4521,,,,True,10
PREP_027,Butter chicken,PM005,PP,Polymer film,Single polymer/coating,Conditionally_Compatible,61.25,0.4000000000000001,,0,65.4521,,,,True,11
PREP_027,Butter chicken,PM034,PET/Al/PE laminate,Multilayer laminate/structure,Multilayer,Conditionally_Compatible,61.25,0.4000000000000001,,0,65.4521,,,,True,12
PREP_027,Butter chicken,PM035,PET/EVOH/PE laminate,Multilayer laminate/structure,Multilayer,Conditionally_Compatible,61.25,0.4000000000000001,,0,65.4521,,,,True,13
PREP_027,Butter chicken,PM038,Micro-perforated PE film,Fresh-produce breathable film,Perforated film,Conditionally_Compatible,61.25,0.4000000000000001,,0,65.4521,,,,True,14
PREP_027,Butter chicken,PM036,PE/PA/EVOH/PE laminate,Multilayer laminate/structure,Multilayer,Conditionally_Compatible,54.16,0.3000000000000001,,0,58.4962,,,,True,15
PREP_027,Butter chicken,PM007,BOPP,Polymer film,Single polymer/coating,Low_Compatibility,52.5,0.4000000000000001,,0,58.1018,,,,True,16
PREP_027,Butter chicken,PM008,Metallized BOPP,Polymer film,Single polymer/coating,Low_Compatibility,52.5,0.4000000000000001,,0,58.1018,,,,True,17
PREP_027,Butter chicken,PM009,PET,Polymer film,Single polymer/coating,Low_Compatibility,52.5,0.4000000000000001,,0,58.1018,,,,True,18
PREP_027,Butter chicken,PM010,BOPET,Polymer film,Single polymer/coating,Low_Compatibility,52.5,0.4000000000000001,,0,58.1018,,,,True,19
PREP_027,Butter chicken,PM011,Metallized PET,Polymer film,Single polymer/coating,Low_Compatibility,52.5,0.4000000000000001,,0,58.1018,,,,True,20
PREP_027,Butter chicken,PM012,PVdC-coated PET,Polymer film,Single polymer/coating,Low_Compatibility,52.5,0.4000000000000001,,0,58.1018,,,,True,21
PREP_027,Butter chicken,PM013,PA6 / Nylon-6,Multilayer laminate/structure,Multilayer,Low_Compatibility,52.5,0.4000000000000001,,0,58.1018,,,,True,22
PREP_027,Butter chicken,PM014,BOPA / Oriented Nylon,Multilayer laminate/structure,Multilayer,Low_Compatibility,52.5,0.4000000000000001,,0,58.1018,,,,True,23
PREP_027,Butter chicken,PM016,PVdC,Polymer film,Single polymer/coating,Conditionally_Compatible,52.5,0.4000000000000001,,0,58.1018,,,,True,24
PREP_027,Butter chicken,PM025,Coated cellulose film,Paper/cellulosic,Paper/film,Conditionally_Compatible,52.5,0.4000000000000001,,0,58.1018,,,,True,25
PREP_027,Butter chicken,PM015,EVOH,Polymer film,Single polymer/coating,Low_Compatibility,43.75,0.4000000000000001,,0,50.7515,,,,True,26
PREP_027,Butter chicken,PM017,PVC rigid,Polymer film,Single polymer/coating,Low_Compatibility,43.75,0.4000000000000001,,0,50.7515,,,,True,27
PREP_027,Butter chicken,PM020,HIPS,Polymer film,Single polymer/coating,Low_Compatibility,43.75,0.4000000000000001,,0,50.7515,,,,True,28
PREP_027,Butter chicken,PM022,PLA,Biodegradable polymer,Polymer film,Low_Compatibility,43.75,0.4000000000000001,,0,50.7515,,,,True,29
PREP_027,Butter chicken,PM023,PHA,Biodegradable polymer,Polymer film,Low_Compatibility,43.75,0.4000000000000001,,0,50.7515,,,,True,30
PREP_027,Butter chicken,PM027,Coated paper,Paper/cellulosic,Paper/film,Low_Compatibility,43.75,0.4000000000000001,,0,50.7515,,,,True,31
PREP_027,Butter chicken,PM029,Aluminum foil,Metal,Rigid/foil metal,Low_Compatibility,43.75,0.4000000000000001,,0,50.7515,,,,True,32
PREP_027,Butter chicken,PM018,PVC plasticized,Polymer film,Single polymer/coating,Low_Compatibility,43.34,0.3000000000000001,,0,49.4071,,,,True,33
PREP_027,Butter chicken,PM019,PS,Polymer film,Single polymer/coating,Low_Compatibility,35.0,0.4000000000000001,,0,43.4012,,,,True,34
PREP_027,Butter chicken,PM026,Kraft paper,Paper/cellulosic,Paper/film,Low_Compatibility,35.0,0.4000000000000001,,0,43.4012,,,,True,35
PREP_027,Butter chicken,PM028,Glassine paper,Paper/cellulosic,Paper/film,Low_Compatibility,35.0,0.4000000000000001,,0,43.4012,,,,True,36
PREP_027,Butter chicken,PM024,Cellulose film,Paper/cellulosic,Paper/film,Low_Compatibility,32.5,0.3000000000000001,,0,40.3011,,,,True,37
PREP_027,Butter chicken,PM030,Tinplate steel,Metal,Rigid/foil metal,Low_Compatibility,32.5,0.3000000000000001,,0,40.3011,,,,True,38
PREP_027,Butter chicken,PM040,Breathable cellulose film,Fresh-produce breathable film,Breathable film,Low_Compatibility,32.5,0.3000000000000001,,0,40.3011,,,,True,39
PREP_027,Butter chicken,PM021,EPS,Polymer film,Single polymer/coating,Low_Compatibility,17.5,0.4000000000000001,,0,28.7006,,,,True,40
VEG_005,Cabbage,PM001,LDPE,Polymer film,Single polymer/coating,Compatible,83.33,0.6666666666666666,,0,86.6667,,,,True,1
VEG_005,Cabbage,PM002,LLDPE,Polymer film,Single polymer/coating,Compatible,83.33,0.6666666666666666,,0,86.6667,,,,True,2
VEG_005,Cabbage,PM003,MDPE,Polymer film,Single polymer/coating,Compatible,83.33,0.6666666666666666,,0,86.6667,,,,True,3
VEG_005,Cabbage,PM004,HDPE,Polymer film,Single polymer/coating,Compatible,83.33,0.6666666666666666,,0,86.6667,,,,True,4
VEG_005,Cabbage,PM005,PP,Polymer film,Single polymer/coating,Compatible,83.33,0.6666666666666666,,0,86.6667,,,,True,5
VEG_005,Cabbage,PM006,CPP,Polymer film,Single polymer/coating,Compatible,83.33,0.6666666666666666,,0,86.6667,,,,True,6
VEG_005,Cabbage,PM007,BOPP,Polymer film,Single polymer/coating,Compatible,83.33,0.6666666666666666,,0,86.6667,,,,True,7
VEG_005,Cabbage,PM009,PET,Polymer film,Single polymer/coating,Compatible,83.33,0.6666666666666666,,0,86.6667,,,,True,8
VEG_005,Cabbage,PM010,BOPET,Polymer film,Single polymer/coating,Compatible,83.33,0.6666666666666666,,0,86.6667,,,,True,9
VEG_005,Cabbage,PM013,PA6 / Nylon-6,Multilayer laminate/structure,Multilayer,Compatible,83.33,0.6666666666666666,,0,86.6667,,,,True,10
VEG_005,Cabbage,PM014,BOPA / Oriented Nylon,Multilayer laminate/structure,Multilayer,Compatible,83.33,0.6666666666666666,,0,86.6667,,,,True,11
VEG_005,Cabbage,PM017,PVC rigid,Polymer film,Single polymer/coating,Compatible,83.33,0.6666666666666666,,0,86.6667,,,,True,12
VEG_005,Cabbage,PM018,PVC plasticized,Polymer film,Single polymer/coating,Compatible,83.33,0.6666666666666666,,0,86.6667,,,,True,13
VEG_005,Cabbage,PM019,PS,Polymer film,Single polymer/coating,Compatible,83.33,0.6666666666666666,,0,86.6667,,,,True,14
VEG_005,Cabbage,PM020,HIPS,Polymer film,Single polymer/coating,Compatible,83.33,0.6666666666666666,,0,86.6667,,,,True,15
VEG_005,Cabbage,PM021,EPS,Polymer film,Single polymer/coating,Compatible,83.33,0.6666666666666666,,0,86.6667,,,,True,16
VEG_005,Cabbage,PM022,PLA,Biodegradable polymer,Polymer film,Compatible,83.33,0.6666666666666666,,0,86.6667,,,,True,17
VEG_005,Cabbage,PM023,PHA,Biodegradable polymer,Polymer film,Compatible,83.33,0.6666666666666666,,0,86.6667,,,,True,18
VEG_005,Cabbage,PM024,Cellulose film,Paper/cellulosic,Paper/film,Compatible,83.33,0.6666666666666666,,0,86.6667,,,,True,19
VEG_005,Cabbage,PM025,Coated cellulose film,Paper/cellulosic,Paper/film,Compatible,83.33,0.6666666666666666,,0,86.6667,,,,True,20
VEG_005,Cabbage,PM026,Kraft paper,Paper/cellulosic,Paper/film,Compatible,83.33,0.6666666666666666,,0,86.6667,,,,True,21
VEG_005,Cabbage,PM027,Coated paper,Paper/cellulosic,Paper/film,Compatible,83.33,0.6666666666666666,,0,86.6667,,,,True,22
VEG_005,Cabbage,PM028,Glassine paper,Paper/cellulosic,Paper/film,Compatible,83.33,0.6666666666666666,,0,86.6667,,,,True,23
VEG_005,Cabbage,PM031,PET/PE laminate,Multilayer laminate/structure,Multilayer,Compatible,83.33,0.6666666666666666,,0,86.6667,,,,True,24
VEG_005,Cabbage,PM033,PET/CPP laminate,Multilayer laminate/structure,Multilayer,Compatible,83.33,0.6666666666666666,,0,86.6667,,,,True,25
VEG_005,Cabbage,PM037,BOPP/CPP laminate,Multilayer laminate/structure,Multilayer,Compatible,83.33,0.6666666666666666,,0,86.6667,,,,True,26
VEG_005,Cabbage,PM038,Micro-perforated PE film,Fresh-produce breathable film,Perforated film,Compatible,83.33,0.6666666666666666,,0,86.6667,,,,True,27
VEG_005,Cabbage,PM039,Micro-perforated PP film,Fresh-produce breathable film,Perforated film,Compatible,83.33,0.6666666666666666,,0,86.6667,,,,True,28
VEG_005,Cabbage,PM040,Breathable cellulose film,Fresh-produce breathable film,Breathable film,Compatible,83.33,0.6666666666666666,,0,86.6667,,,,True,29
VEG_005,Cabbage,PM008,Metallized BOPP,Polymer film,Single polymer/coating,Low_Compatibility,41.67,0.6666666666666666,,0,51.6709,,,,True,30
VEG_005,Cabbage,PM011,Metallized PET,Polymer film,Single polymer/coating,Low_Compatibility,41.67,0.6666666666666666,,0,51.6709,,,,True,31
VEG_005,Cabbage,PM012,PVdC-coated PET,Polymer film,Single polymer/coating,Low_Compatibility,41.67,0.6666666666666666,,0,51.6709,,,,True,32
VEG_005,Cabbage,PM016,PVdC,Polymer film,Single polymer/coating,Low_Compatibility,41.67,0.6666666666666666,,0,51.6709,,,,True,33
VEG_005,Cabbage,PM032,PA/PE laminate,Multilayer laminate/structure,Multilayer,Low_Compatibility,41.67,0.6666666666666666,,0,51.6709,,,,True,34
VEG_005,Cabbage,PM029,Aluminum foil,Metal,Rigid/foil metal,Low_Compatibility,0.0,0.6666666666666666,,0,16.6667,,,,True,35
VEG_005,Cabbage,PM030,Tinplate steel,Metal,Rigid/foil metal,Low_Compatibility,0.0,0.6666666666666666,,0,16.6667,,,,True,36
VEG_005,Cabbage,PM034,PET/Al/PE laminate,Multilayer laminate/structure,Multilayer,Low_Compatibility,0.0,0.6666666666666666,,0,16.6667,,,,True,37
VEG_005,Cabbage,PM035,PET/EVOH/PE laminate,Multilayer laminate/structure,Multilayer,Low_Compatibility,0.0,0.6666666666666666,,0,16.6667,,,,True,38
VEG_005,Cabbage,PM036,PE/PA/EVOH/PE laminate,Multilayer laminate/structure,Multilayer,Low_Compatibility,0.0,0.6666666666666666,,0,16.6667,,,,True,39
VEG_005,Cabbage,PM015,EVOH,Polymer film,Single polymer/coating,Insufficient_Evidence,,0.0,,0,,,,Excluded from recommendation pool because deterministic evidence is insufficient,False,40
FRU_025,Cantaloupe,PM001,LDPE,Polymer film,Single polymer/coating,Compatible,83.33,0.6666666666666666,,0,86.6667,,,,True,1
FRU_025,Cantaloupe,PM002,LLDPE,Polymer film,Single polymer/coating,Compatible,83.33,0.6666666666666666,,0,86.6667,,,,True,2
FRU_025,Cantaloupe,PM003,MDPE,Polymer film,Single polymer/coating,Compatible,83.33,0.6666666666666666,,0,86.6667,,,,True,3
FRU_025,Cantaloupe,PM007,BOPP,Polymer film,Single polymer/coating,Compatible,83.33,0.6666666666666666,,0,86.6667,,,,True,4
FRU_025,Cantaloupe,PM013,PA6 / Nylon-6,Multilayer laminate/structure,Multilayer,Compatible,83.33,0.6666666666666666,,0,86.6667,,,,True,5
FRU_025,Cantaloupe,PM014,BOPA / Oriented Nylon,Multilayer laminate/structure,Multilayer,Compatible,83.33,0.6666666666666666,,0,86.6667,,,,True,6
FRU_025,Cantaloupe,PM018,PVC plasticized,Polymer film,Single polymer/coating,Compatible,83.33,0.6666666666666666,,0,86.6667,,,,True,7
FRU_025,Cantaloupe,PM019,PS,Polymer film,Single polymer/coating,Compatible,83.33,0.6666666666666666,,0,86.6667,,,,True,8
FRU_025,Cantaloupe,PM020,HIPS,Polymer film,Single polymer/coating,Compatible,83.33,0.6666666666666666,,0,86.6667,,,,True,9
FRU_025,Cantaloupe,PM021,EPS,Polymer film,Single polymer/coating,Compatible,83.33,0.6666666666666666,,0,86.6667,,,,True,10
FRU_025,Cantaloupe,PM022,PLA,Biodegradable polymer,Polymer film,Compatible,83.33,0.6666666666666666,,0,86.6667,,,,True,11
FRU_025,Cantaloupe,PM023,PHA,Biodegradable polymer,Polymer film,Compatible,83.33,0.6666666666666666,,0,86.6667,,,,True,12
FRU_025,Cantaloupe,PM024,Cellulose film,Paper/cellulosic,Paper/film,Compatible,83.33,0.6666666666666666,,0,86.6667,,,,True,13
FRU_025,Cantaloupe,PM025,Coated cellulose film,Paper/cellulosic,Paper/film,Compatible,83.33,0.6666666666666666,,0,86.6667,,,,True,14
FRU_025,Cantaloupe,PM026,Kraft paper,Paper/cellulosic,Paper/film,Compatible,83.33,0.6666666666666666,,0,86.6667,,,,True,15
FRU_025,Cantaloupe,PM027,Coated paper,Paper/cellulosic,Paper/film,Compatible,83.33,0.6666666666666666,,0,86.6667,,,,True,16
FRU_025,Cantaloupe,PM028,Glassine paper,Paper/cellulosic,Paper/film,Compatible,83.33,0.6666666666666666,,0,86.6667,,,,True,17
FRU_025,Cantaloupe,PM038,Micro-perforated PE film,Fresh-produce breathable film,Perforated film,Compatible,83.33,0.6666666666666666,,0,86.6667,,,,True,18
FRU_025,Cantaloupe,PM039,Micro-perforated PP film,Fresh-produce breathable film,Perforated film,Compatible,83.33,0.6666666666666666,,0,86.6667,,,,True,19
FRU_025,Cantaloupe,PM040,Breathable cellulose film,Fresh-produce breathable film,Breathable film,Compatible,83.33,0.6666666666666666,,0,86.6667,,,,True,20
FRU_025,Cantaloupe,PM004,HDPE,Polymer film,Single polymer/coating,Low_Compatibility,41.67,0.6666666666666666,,0,51.6709,,,,True,21
FRU_025,Cantaloupe,PM031,PET/PE laminate,Multilayer laminate/structure,Multilayer,Low_Compatibility,41.67,0.6666666666666666,,0,51.6709,,,,True,22
FRU_025,Cantaloupe,PM033,PET/CPP laminate,Multilayer laminate/structure,Multilayer,Low_Compatibility,41.67,0.6666666666666666,,0,51.6709,,,,True,23
FRU_025,Cantaloupe,PM037,BOPP/CPP laminate,Multilayer laminate/structure,Multilayer,Low_Compatibility,41.67,0.6666666666666666,,0,51.6709,,,,True,24
FRU_025,Cantaloupe,PM005,PP,Polymer film,Single polymer/coating,Low_Compatibility,0.0,0.6666666666666666,,0,16.6667,,,,True,25
FRU_025,Cantaloupe,PM006,CPP,Polymer film,Single polymer/coating,Low_Compatibility,0.0,0.6666666666666666,,0,16.6667,,,,True,26
FRU_025,Cantaloupe,PM008,Metallized BOPP,Polymer film,Single polymer/coating,Low_Compatibility,0.0,0.6666666666666666,,0,16.6667,,,,True,27
FRU_025,Cantaloupe,PM009,PET,Polymer film,Single polymer/coating,Low_Compatibility,0.0,0.6666666666666666,,0,16.6667,,,,True,28
FRU_025,Cantaloupe,PM010,BOPET,Polymer film,Single polymer/coating,Low_Compatibility,0.0,0.6666666666666666,,0,16.6667,,,,True,29
FRU_025,Cantaloupe,PM011,Metallized PET,Polymer film,Single polymer/coating,Low_Compatibility,0.0,0.6666666666666666,,0,16.6667,,,,True,30
FRU_025,Cantaloupe,PM012,PVdC-coated PET,Polymer film,Single polymer/coating,Low_Compatibility,0.0,0.6666666666666666,,0,16.6667,,,,True,31
FRU_025,Cantaloupe,PM016,PVdC,Polymer film,Single polymer/coating,Low_Compatibility,0.0,0.6666666666666666,,0,16.6667,,,,True,32
FRU_025,Cantaloupe,PM017,PVC rigid,Polymer film,Single polymer/coating,Low_Compatibility,0.0,0.6666666666666666,,0,16.6667,,,,True,33
FRU_025,Cantaloupe,PM029,Aluminum foil,Metal,Rigid/foil metal,Low_Compatibility,0.0,0.6666666666666666,,0,16.6667,,,,True,34
FRU_025,Cantaloupe,PM030,Tinplate steel,Metal,Rigid/foil metal,Low_Compatibility,0.0,0.6666666666666666,,0,16.6667,,,,True,35
FRU_025,Cantaloupe,PM032,PA/PE laminate,Multilayer laminate/structure,Multilayer,Low_Compatibility,0.0,0.6666666666666666,,0,16.6667,,,,True,36
FRU_025,Cantaloupe,PM034,PET/Al/PE laminate,Multilayer laminate/structure,Multilayer,Low_Compatibility,0.0,0.6666666666666666,,0,16.6667,,,,True,37
FRU_025,Cantaloupe,PM035,PET/EVOH/PE laminate,Multilayer laminate/structure,Multilayer,Low_Compatibility,0.0,0.6666666666666666,,0,16.6667,,,,True,38
FRU_025,Cantaloupe,PM036,PE/PA/EVOH/PE laminate,Multilayer laminate/structure,Multilayer,Low_Compatibility,0.0,0.6666666666666666,,0,16.6667,,,,True,39
FRU_025,Cantaloupe,PM015,EVOH,Polymer film,Single polymer/coating,Insufficient_Evidence,,0.0,,0,,,,Excluded from recommendation pool because deterministic evidence is insufficient,False,40
VEG_011,Capsicum / Bell Pepper,PM001,LDPE,Polymer film,Single polymer/coating,Compatible,83.33,0.6666666666666666,,0,86.6667,,,,True,1
VEG_011,Capsicum / Bell Pepper,PM002,LLDPE,Polymer film,Single polymer/coating,Compatible,83.33,0.6666666666666666,,0,86.6667,,,,True,2
VEG_011,Capsicum / Bell Pepper,PM003,MDPE,Polymer film,Single polymer/coating,Compatible,83.33,0.6666666666666666,,0,86.6667,,,,True,3
VEG_011,Capsicum / Bell Pepper,PM004,HDPE,Polymer film,Single polymer/coating,Compatible,83.33,0.6666666666666666,,0,86.6667,,,,True,4
VEG_011,Capsicum / Bell Pepper,PM005,PP,Polymer film,Single polymer/coating,Compatible,83.33,0.6666666666666666,,0,86.6667,,,,True,5
VEG_011,Capsicum / Bell Pepper,PM006,CPP,Polymer film,Single polymer/coating,Compatible,83.33,0.6666666666666666,,0,86.6667,,,,True,6
VEG_011,Capsicum / Bell Pepper,PM007,BOPP,Polymer film,Single polymer/coating,Compatible,83.33,0.6666666666666666,,0,86.6667,,,,True,7
VEG_011,Capsicum / Bell Pepper,PM009,PET,Polymer film,Single polymer/coating,Compatible,83.33,0.6666666666666666,,0,86.6667,,,,True,8
VEG_011,Capsicum / Bell Pepper,PM010,BOPET,Polymer film,Single polymer/coating,Compatible,83.33,0.6666666666666666,,0,86.6667,,,,True,9
VEG_011,Capsicum / Bell Pepper,PM013,PA6 / Nylon-6,Multilayer laminate/structure,Multilayer,Compatible,83.33,0.6666666666666666,,0,86.6667,,,,True,10
VEG_011,Capsicum / Bell Pepper,PM014,BOPA / Oriented Nylon,Multilayer laminate/structure,Multilayer,Compatible,83.33,0.6666666666666666,,0,86.6667,,,,True,11
VEG_011,Capsicum / Bell Pepper,PM017,PVC rigid,Polymer film,Single polymer/coating,Compatible,83.33,0.6666666666666666,,0,86.6667,,,,True,12
VEG_011,Capsicum / Bell Pepper,PM018,PVC plasticized,Polymer film,Single polymer/coating,Compatible,83.33,0.6666666666666666,,0,86.6667,,,,True,13
VEG_011,Capsicum / Bell Pepper,PM019,PS,Polymer film,Single polymer/coating,Compatible,83.33,0.6666666666666666,,0,86.6667,,,,True,14
VEG_011,Capsicum / Bell Pepper,PM020,HIPS,Polymer film,Single polymer/coating,Compatible,83.33,0.6666666666666666,,0,86.6667,,,,True,15
VEG_011,Capsicum / Bell Pepper,PM021,EPS,Polymer film,Single polymer/coating,Compatible,83.33,0.6666666666666666,,0,86.6667,,,,True,16
VEG_011,Capsicum / Bell Pepper,PM022,PLA,Biodegradable polymer,Polymer film,Compatible,83.33,0.6666666666666666,,0,86.6667,,,,True,17
VEG_011,Capsicum / Bell Pepper,PM023,PHA,Biodegradable polymer,Polymer film,Compatible,83.33,0.6666666666666666,,0,86.6667,,,,True,18
VEG_011,Capsicum / Bell Pepper,PM024,Cellulose film,Paper/cellulosic,Paper/film,Compatible,83.33,0.6666666666666666,,0,86.6667,,,,True,19
VEG_011,Capsicum / Bell Pepper,PM025,Coated cellulose film,Paper/cellulosic,Paper/film,Compatible,83.33,0.6666666666666666,,0,86.6667,,,,True,20
VEG_011,Capsicum / Bell Pepper,PM026,Kraft paper,Paper/cellulosic,Paper/film,Compatible,83.33,0.6666666666666666,,0,86.6667,,,,True,21
VEG_011,Capsicum / Bell Pepper,PM027,Coated paper,Paper/cellulosic,Paper/film,Compatible,83.33,0.6666666666666666,,0,86.6667,,,,True,22
VEG_011,Capsicum / Bell Pepper,PM028,Glassine paper,Paper/cellulosic,Paper/film,Compatible,83.33,0.6666666666666666,,0,86.6667,,,,True,23
VEG_011,Capsicum / Bell Pepper,PM031,PET/PE laminate,Multilayer laminate/structure,Multilayer,Compatible,83.33,0.6666666666666666,,0,86.6667,,,,True,24
VEG_011,Capsicum / Bell Pepper,PM033,PET/CPP laminate,Multilayer laminate/structure,Multilayer,Compatible,83.33,0.6666666666666666,,0,86.6667,,,,True,25
VEG_011,Capsicum / Bell Pepper,PM037,BOPP/CPP laminate,Multilayer laminate/structure,Multilayer,Compatible,83.33,0.6666666666666666,,0,86.6667,,,,True,26
VEG_011,Capsicum / Bell Pepper,PM038,Micro-perforated PE film,Fresh-produce breathable film,Perforated film,Compatible,83.33,0.6666666666666666,,0,86.6667,,,,True,27
VEG_011,Capsicum / Bell Pepper,PM039,Micro-perforated PP film,Fresh-produce breathable film,Perforated film,Compatible,83.33,0.6666666666666666,,0,86.6667,,,,True,28
VEG_011,Capsicum / Bell Pepper,PM040,Breathable cellulose film,Fresh-produce breathable film,Breathable film,Compatible,83.33,0.6666666666666666,,0,86.6667,,,,True,29
VEG_011,Capsicum / Bell Pepper,PM008,Metallized BOPP,Polymer film,Single polymer/coating,Low_Compatibility,41.67,0.6666666666666666,,0,51.6709,,,,True,30
VEG_011,Capsicum / Bell Pepper,PM011,Metallized PET,Polymer film,Single polymer/coating,Low_Compatibility,41.67,0.6666666666666666,,0,51.6709,,,,True,31
VEG_011,Capsicum / Bell Pepper,PM012,PVdC-coated PET,Polymer film,Single polymer/coating,Low_Compatibility,41.67,0.6666666666666666,,0,51.6709,,,,True,32
VEG_011,Capsicum / Bell Pepper,PM016,PVdC,Polymer film,Single polymer/coating,Low_Compatibility,41.67,0.6666666666666666,,0,51.6709,,,,True,33
VEG_011,Capsicum / Bell Pepper,PM032,PA/PE laminate,Multilayer laminate/structure,Multilayer,Low_Compatibility,41.67,0.6666666666666666,,0,51.6709,,,,True,34
VEG_011,Capsicum / Bell Pepper,PM029,Aluminum foil,Metal,Rigid/foil metal,Low_Compatibility,0.0,0.6666666666666666,,0,16.6667,,,,True,35
VEG_011,Capsicum / Bell Pepper,PM030,Tinplate steel,Metal,Rigid/foil metal,Low_Compatibility,0.0,0.6666666666666666,,0,16.6667,,,,True,36
VEG_011,Capsicum / Bell Pepper,PM034,PET/Al/PE laminate,Multilayer laminate/structure,Multilayer,Low_Compatibility,0.0,0.6666666666666666,,0,16.6667,,,,True,37
VEG_011,Capsicum / Bell Pepper,PM035,PET/EVOH/PE laminate,Multilayer laminate/structure,Multilayer,Low_Compatibility,0.0,0.6666666666666666,,0,16.6667,,,,True,38
VEG_011,Capsicum / Bell Pepper,PM036,PE/PA/EVOH/PE laminate,Multilayer laminate/structure,Multilayer,Low_Compatibility,0.0,0.6666666666666666,,0,16.6667,,,,True,39
VEG_011,Capsicum / Bell Pepper,PM015,EVOH,Polymer film,Single polymer/coating,Insufficient_Evidence,,0.0,,0,,,,Excluded from recommendation pool because deterministic evidence is insufficient,False,40
VEG_004,Carrot,PM001,LDPE,Polymer film,Single polymer/coating,Conditionally_Compatible,72.22,0.4444444444444445,,0,75.1117,,,,True,1
VEG_004,Carrot,PM002,LLDPE,Polymer film,Single polymer/coating,Conditionally_Compatible,72.22,0.4444444444444445,,0,75.1117,,,,True,2
VEG_004,Carrot,PM003,MDPE,Polymer film,Single polymer/coating,Conditionally_Compatible,72.22,0.4444444444444445,,0,75.1117,,,,True,3
VEG_004,Carrot,PM004,HDPE,Polymer film,Single polymer/coating,Conditionally_Compatible,72.22,0.4444444444444445,,0,75.1117,,,,True,4
VEG_004,Carrot,PM005,PP,Polymer film,Single polymer/coating,Conditionally_Compatible,72.22,0.4444444444444445,,0,75.1117,,,,True,5
VEG_004,Carrot,PM006,CPP,Polymer film,Single polymer/coating,Conditionally_Compatible,72.22,0.4444444444444445,,0,75.1117,,,,True,6
VEG_004,Carrot,PM007,BOPP,Polymer film,Single polymer/coating,Conditionally_Compatible,72.22,0.4444444444444445,,0,75.1117,,,,True,7
VEG_004,Carrot,PM009,PET,Polymer film,Single polymer/coating,Conditionally_Compatible,72.22,0.4444444444444445,,0,75.1117,,,,True,8
VEG_004,Carrot,PM010,BOPET,Polymer film,Single polymer/coating,Conditionally_Compatible,72.22,0.4444444444444445,,0,75.1117,,,,True,9
VEG_004,Carrot,PM013,PA6 / Nylon-6,Multilayer laminate/structure,Multilayer,Conditionally_Compatible,72.22,0.4444444444444445,,0,75.1117,,,,True,10
VEG_004,Carrot,PM014,BOPA / Oriented Nylon,Multilayer laminate/structure,Multilayer,Conditionally_Compatible,72.22,0.4444444444444445,,0,75.1117,,,,True,11
VEG_004,Carrot,PM017,PVC rigid,Polymer film,Single polymer/coating,Conditionally_Compatible,72.22,0.4444444444444445,,0,75.1117,,,,True,12
VEG_004,Carrot,PM018,PVC plasticized,Polymer film,Single polymer/coating,Conditionally_Compatible,72.22,0.4444444444444445,,0,75.1117,,,,True,13
VEG_004,Carrot,PM019,PS,Polymer film,Single polymer/coating,Conditionally_Compatible,72.22,0.4444444444444445,,0,75.1117,,,,True,14
VEG_004,Carrot,PM020,HIPS,Polymer film,Single polymer/coating,Conditionally_Compatible,72.22,0.4444444444444445,,0,75.1117,,,,True,15
VEG_004,Carrot,PM021,EPS,Polymer film,Single polymer/coating,Conditionally_Compatible,72.22,0.4444444444444445,,0,75.1117,,,,True,16
VEG_004,Carrot,PM022,PLA,Biodegradable polymer,Polymer film,Conditionally_Compatible,72.22,0.4444444444444445,,0,75.1117,,,,True,17
VEG_004,Carrot,PM023,PHA,Biodegradable polymer,Polymer film,Conditionally_Compatible,72.22,0.4444444444444445,,0,75.1117,,,,True,18
VEG_004,Carrot,PM024,Cellulose film,Paper/cellulosic,Paper/film,Conditionally_Compatible,72.22,0.4444444444444445,,0,75.1117,,,,True,19
VEG_004,Carrot,PM025,Coated cellulose film,Paper/cellulosic,Paper/film,Conditionally_Compatible,72.22,0.4444444444444445,,0,75.1117,,,,True,20
VEG_004,Carrot,PM026,Kraft paper,Paper/cellulosic,Paper/film,Conditionally_Compatible,72.22,0.4444444444444445,,0,75.1117,,,,True,21
VEG_004,Carrot,PM027,Coated paper,Paper/cellulosic,Paper/film,Conditionally_Compatible,72.22,0.4444444444444445,,0,75.1117,,,,True,22
VEG_004,Carrot,PM028,Glassine paper,Paper/cellulosic,Paper/film,Conditionally_Compatible,72.22,0.4444444444444445,,0,75.1117,,,,True,23
VEG_004,Carrot,PM031,PET/PE laminate,Multilayer laminate/structure,Multilayer,Conditionally_Compatible,72.22,0.4444444444444445,,0,75.1117,,,,True,24
VEG_004,Carrot,PM033,PET/CPP laminate,Multilayer laminate/structure,Multilayer,Conditionally_Compatible,72.22,0.4444444444444445,,0,75.1117,,,,True,25
VEG_004,Carrot,PM037,BOPP/CPP laminate,Multilayer laminate/structure,Multilayer,Conditionally_Compatible,72.22,0.4444444444444445,,0,75.1117,,,,True,26
VEG_004,Carrot,PM038,Micro-perforated PE film,Fresh-produce breathable film,Perforated film,Conditionally_Compatible,72.22,0.4444444444444445,,0,75.1117,,,,True,27
VEG_004,Carrot,PM039,Micro-perforated PP film,Fresh-produce breathable film,Perforated film,Conditionally_Compatible,72.22,0.4444444444444445,,0,75.1117,,,,True,28
VEG_004,Carrot,PM040,Breathable cellulose film,Fresh-produce breathable film,Breathable film,Conditionally_Compatible,72.22,0.4444444444444445,,0,75.1117,,,,True,29
VEG_004,Carrot,PM008,Metallized BOPP,Polymer film,Single polymer/coating,Low_Compatibility,36.11,0.4444444444444445,,0,44.7781,,,,True,30
VEG_004,Carrot,PM011,Metallized PET,Polymer film,Single polymer/coating,Low_Compatibility,36.11,0.4444444444444445,,0,44.7781,,,,True,31
VEG_004,Carrot,PM012,PVdC-coated PET,Polymer film,Single polymer/coating,Low_Compatibility,36.11,0.4444444444444445,,0,44.7781,,,,True,32
VEG_004,Carrot,PM016,PVdC,Polymer film,Single polymer/coating,Low_Compatibility,36.11,0.4444444444444445,,0,44.7781,,,,True,33
VEG_004,Carrot,PM032,PA/PE laminate,Multilayer laminate/structure,Multilayer,Low_Compatibility,36.11,0.4444444444444445,,0,44.7781,,,,True,34
VEG_004,Carrot,PM029,Aluminum foil,Metal,Rigid/foil metal,Low_Compatibility,0.0,0.4444444444444445,,0,14.4444,,,,True,35
VEG_004,Carrot,PM030,Tinplate steel,Metal,Rigid/foil metal,Low_Compatibility,0.0,0.4444444444444445,,0,14.4444,,,,True,36
VEG_004,Carrot,PM034,PET/Al/PE laminate,Multilayer laminate/structure,Multilayer,Low_Compatibility,0.0,0.4444444444444445,,0,14.4444,,,,True,37
VEG_004,Carrot,PM035,PET/EVOH/PE laminate,Multilayer laminate/structure,Multilayer,Low_Compatibility,0.0,0.4444444444444445,,0,14.4444,,,,True,38
VEG_004,Carrot,PM036,PE/PA/EVOH/PE laminate,Multilayer laminate/structure,Multilayer,Low_Compatibility,0.0,0.4444444444444445,,0,14.4444,,,,True,39
VEG_004,Carrot,PM015,EVOH,Polymer film,Single polymer/coating,Insufficient_Evidence,,0.0,,0,,,,Excluded from recommendation pool because deterministic evidence is insufficient,False,40
VEG_006,Cauliflower,PM001,LDPE,Polymer film,Single polymer/coating,Compatible,83.33,0.6666666666666666,,0,86.6667,,,,True,1
VEG_006,Cauliflower,PM002,LLDPE,Polymer film,Single polymer/coating,Compatible,83.33,0.6666666666666666,,0,86.6667,,,,True,2
VEG_006,Cauliflower,PM003,MDPE,Polymer film,Single polymer/coating,Compatible,83.33,0.6666666666666666,,0,86.6667,,,,True,3
VEG_006,Cauliflower,PM007,BOPP,Polymer film,Single polymer/coating,Compatible,83.33,0.6666666666666666,,0,86.6667,,,,True,4
VEG_006,Cauliflower,PM013,PA6 / Nylon-6,Multilayer laminate/structure,Multilayer,Compatible,83.33,0.6666666666666666,,0,86.6667,,,,True,5
VEG_006,Cauliflower,PM014,BOPA / Oriented Nylon,Multilayer laminate/structure,Multilayer,Compatible,83.33,0.6666666666666666,,0,86.6667,,,,True,6
VEG_006,Cauliflower,PM018,PVC plasticized,Polymer film,Single polymer/coating,Compatible,83.33,0.6666666666666666,,0,86.6667,,,,True,7
VEG_006,Cauliflower,PM019,PS,Polymer film,Single polymer/coating,Compatible,83.33,0.6666666666666666,,0,86.6667,,,,True,8
VEG_006,Cauliflower,PM020,HIPS,Polymer film,Single polymer/coating,Compatible,83.33,0.6666666666666666,,0,86.6667,,,,True,9
VEG_006,Cauliflower,PM021,EPS,Polymer film,Single polymer/coating,Compatible,83.33,0.6666666666666666,,0,86.6667,,,,True,10
VEG_006,Cauliflower,PM022,PLA,Biodegradable polymer,Polymer film,Compatible,83.33,0.6666666666666666,,0,86.6667,,,,True,11
VEG_006,Cauliflower,PM023,PHA,Biodegradable polymer,Polymer film,Compatible,83.33,0.6666666666666666,,0,86.6667,,,,True,12
VEG_006,Cauliflower,PM024,Cellulose film,Paper/cellulosic,Paper/film,Compatible,83.33,0.6666666666666666,,0,86.6667,,,,True,13
VEG_006,Cauliflower,PM025,Coated cellulose film,Paper/cellulosic,Paper/film,Compatible,83.33,0.6666666666666666,,0,86.6667,,,,True,14
VEG_006,Cauliflower,PM026,Kraft paper,Paper/cellulosic,Paper/film,Compatible,83.33,0.6666666666666666,,0,86.6667,,,,True,15
VEG_006,Cauliflower,PM027,Coated paper,Paper/cellulosic,Paper/film,Compatible,83.33,0.6666666666666666,,0,86.6667,,,,True,16
VEG_006,Cauliflower,PM028,Glassine paper,Paper/cellulosic,Paper/film,Compatible,83.33,0.6666666666666666,,0,86.6667,,,,True,17
VEG_006,Cauliflower,PM038,Micro-perforated PE film,Fresh-produce breathable film,Perforated film,Compatible,83.33,0.6666666666666666,,0,86.6667,,,,True,18
VEG_006,Cauliflower,PM039,Micro-perforated PP film,Fresh-produce breathable film,Perforated film,Compatible,83.33,0.6666666666666666,,0,86.6667,,,,True,19
VEG_006,Cauliflower,PM040,Breathable cellulose film,Fresh-produce breathable film,Breathable film,Compatible,83.33,0.6666666666666666,,0,86.6667,,,,True,20
VEG_006,Cauliflower,PM004,HDPE,Polymer film,Single polymer/coating,Low_Compatibility,41.67,0.6666666666666666,,0,51.6709,,,,True,21
VEG_006,Cauliflower,PM031,PET/PE laminate,Multilayer laminate/structure,Multilayer,Low_Compatibility,41.67,0.6666666666666666,,0,51.6709,,,,True,22
VEG_006,Cauliflower,PM033,PET/CPP laminate,Multilayer laminate/structure,Multilayer,Low_Compatibility,41.67,0.6666666666666666,,0,51.6709,,,,True,23
VEG_006,Cauliflower,PM037,BOPP/CPP laminate,Multilayer laminate/structure,Multilayer,Low_Compatibility,41.67,0.6666666666666666,,0,51.6709,,,,True,24
VEG_006,Cauliflower,PM005,PP,Polymer film,Single polymer/coating,Low_Compatibility,0.0,0.6666666666666666,,0,16.6667,,,,True,25
VEG_006,Cauliflower,PM006,CPP,Polymer film,Single polymer/coating,Low_Compatibility,0.0,0.6666666666666666,,0,16.6667,,,,True,26
VEG_006,Cauliflower,PM008,Metallized BOPP,Polymer film,Single polymer/coating,Low_Compatibility,0.0,0.6666666666666666,,0,16.6667,,,,True,27
VEG_006,Cauliflower,PM009,PET,Polymer film,Single polymer/coating,Low_Compatibility,0.0,0.6666666666666666,,0,16.6667,,,,True,28
VEG_006,Cauliflower,PM010,BOPET,Polymer film,Single polymer/coating,Low_Compatibility,0.0,0.6666666666666666,,0,16.6667,,,,True,29
VEG_006,Cauliflower,PM011,Metallized PET,Polymer film,Single polymer/coating,Low_Compatibility,0.0,0.6666666666666666,,0,16.6667,,,,True,30
VEG_006,Cauliflower,PM012,PVdC-coated PET,Polymer film,Single polymer/coating,Low_Compatibility,0.0,0.6666666666666666,,0,16.6667,,,,True,31
VEG_006,Cauliflower,PM016,PVdC,Polymer film,Single polymer/coating,Low_Compatibility,0.0,0.6666666666666666,,0,16.6667,,,,True,32
VEG_006,Cauliflower,PM017,PVC rigid,Polymer film,Single polymer/coating,Low_Compatibility,0.0,0.6666666666666666,,0,16.6667,,,,True,33
VEG_006,Cauliflower,PM029,Aluminum foil,Metal,Rigid/foil metal,Low_Compatibility,0.0,0.6666666666666666,,0,16.6667,,,,True,34
VEG_006,Cauliflower,PM030,Tinplate steel,Metal,Rigid/foil metal,Low_Compatibility,0.0,0.6666666666666666,,0,16.6667,,,,True,35
VEG_006,Cauliflower,PM032,PA/PE laminate,Multilayer laminate/structure,Multilayer,Low_Compatibility,0.0,0.6666666666666666,,0,16.6667,,,,True,36
VEG_006,Cauliflower,PM034,PET/Al/PE laminate,Multilayer laminate/structure,Multilayer,Low_Compatibility,0.0,0.6666666666666666,,0,16.6667,,,,True,37
VEG_006,Cauliflower,PM035,PET/EVOH/PE laminate,Multilayer laminate/structure,Multilayer,Low_Compatibility,0.0,0.6666666666666666,,0,16.6667,,,,True,38
VEG_006,Cauliflower,PM036,PE/PA/EVOH/PE laminate,Multilayer laminate/structure,Multilayer,Low_Compatibility,0.0,0.6666666666666666,,0,16.6667,,,,True,39
VEG_006,Cauliflower,PM015,EVOH,Polymer film,Single polymer/coating,Insufficient_Evidence,,0.0,,0,,,,Excluded from recommendation pool because deterministic evidence is insufficient,False,40
PREP_007,Chapati,PM002,LLDPE,Polymer film,Single polymer/coating,Conditionally_Compatible,70.0,0.4000000000000001,,0,72.8024,,,,True,1
PREP_007,Chapati,PM003,MDPE,Polymer film,Single polymer/coating,Conditionally_Compatible,70.0,0.4000000000000001,,0,72.8024,,,,True,2
PREP_007,Chapati,PM004,HDPE,Polymer film,Single polymer/coating,Conditionally_Compatible,70.0,0.4000000000000001,,0,72.8024,,,,True,3
PREP_007,Chapati,PM005,PP,Polymer film,Single polymer/coating,Conditionally_Compatible,70.0,0.4000000000000001,,0,72.8024,,,,True,4
PREP_007,Chapati,PM006,CPP,Polymer film,Single polymer/coating,Conditionally_Compatible,70.0,0.4000000000000001,,0,72.8024,,,,True,5
PREP_007,Chapati,PM031,PET/PE laminate,Multilayer laminate/structure,Multilayer,Conditionally_Compatible,70.0,0.4000000000000001,,0,72.8024,,,,True,6
PREP_007,Chapati,PM033,PET/CPP laminate,Multilayer laminate/structure,Multilayer,Conditionally_Compatible,70.0,0.4000000000000001,,0,72.8024,,,,True,7
PREP_007,Chapati,PM037,BOPP/CPP laminate,Multilayer laminate/structure,Multilayer,Conditionally_Compatible,70.0,0.4000000000000001,,0,72.8024,,,,True,8
PREP_007,Chapati,PM039,Micro-perforated PP film,Fresh-produce breathable film,Perforated film,Conditionally_Compatible,70.0,0.4000000000000001,,0,72.8024,,,,True,9
PREP_007,Chapati,PM001,LDPE,Polymer film,Single polymer/coating,Conditionally_Compatible,61.25,0.4000000000000001,,0,65.4521,,,,True,10
PREP_007,Chapati,PM025,Coated cellulose film,Paper/cellulosic,Paper/film,Conditionally_Compatible,61.25,0.4000000000000001,,0,65.4521,,,,True,11
PREP_007,Chapati,PM032,PA/PE laminate,Multilayer laminate/structure,Multilayer,Conditionally_Compatible,61.25,0.4000000000000001,,0,65.4521,,,,True,12
PREP_007,Chapati,PM038,Micro-perforated PE film,Fresh-produce breathable film,Perforated film,Conditionally_Compatible,61.25,0.4000000000000001,,0,65.4521,,,,True,13
PREP_007,Chapati,PM018,PVC plasticized,Polymer film,Single polymer/coating,Conditionally_Compatible,54.16,0.3000000000000001,,0,58.4962,,,,True,14
PREP_007,Chapati,PM007,BOPP,Polymer film,Single polymer/coating,Low_Compatibility,52.5,0.4000000000000001,,0,58.1018,,,,True,15
PREP_007,Chapati,PM009,PET,Polymer film,Single polymer/coating,Low_Compatibility,52.5,0.4000000000000001,,0,58.1018,,,,True,16
PREP_007,Chapati,PM010,BOPET,Polymer film,Single polymer/coating,Low_Compatibility,52.5,0.4000000000000001,,0,58.1018,,,,True,17
PREP_007,Chapati,PM013,PA6 / Nylon-6,Multilayer laminate/structure,Multilayer,Low_Compatibility,52.5,0.4000000000000001,,0,58.1018,,,,True,18
PREP_007,Chapati,PM014,BOPA / Oriented Nylon,Multilayer laminate/structure,Multilayer,Low_Compatibility,52.5,0.4000000000000001,,0,58.1018,,,,True,19
PREP_007,Chapati,PM016,PVdC,Polymer film,Single polymer/coating,Conditionally_Compatible,52.5,0.4000000000000001,,0,58.1018,,,,True,20
PREP_007,Chapati,PM017,PVC rigid,Polymer film,Single polymer/coating,Conditionally_Compatible,52.5,0.4000000000000001,,0,58.1018,,,,True,21
PREP_007,Chapati,PM020,HIPS,Polymer film,Single polymer/coating,Conditionally_Compatible,52.5,0.4000000000000001,,0,58.1018,,,,True,22
PREP_007,Chapati,PM022,PLA,Biodegradable polymer,Polymer film,Conditionally_Compatible,52.5,0.4000000000000001,,0,58.1018,,,,True,23
PREP_007,Chapati,PM023,PHA,Biodegradable polymer,Polymer film,Conditionally_Compatible,52.5,0.4000000000000001,,0,58.1018,,,,True,24
PREP_007,Chapati,PM034,PET/Al/PE laminate,Multilayer laminate/structure,Multilayer,Conditionally_Compatible,52.5,0.4000000000000001,,0,58.1018,,,,True,25
PREP_007,Chapati,PM035,PET/EVOH/PE laminate,Multilayer laminate/structure,Multilayer,Conditionally_Compatible,52.5,0.4000000000000001,,0,58.1018,,,,True,26
PREP_007,Chapati,PM008,Metallized BOPP,Polymer film,Single polymer/coating,Low_Compatibility,43.75,0.4000000000000001,,0,50.7515,,,,True,27
PREP_007,Chapati,PM011,Metallized PET,Polymer film,Single polymer/coating,Low_Compatibility,43.75,0.4000000000000001,,0,50.7515,,,,True,28
PREP_007,Chapati,PM012,PVdC-coated PET,Polymer film,Single polymer/coating,Low_Compatibility,43.75,0.4000000000000001,,0,50.7515,,,,True,29
PREP_007,Chapati,PM015,EVOH,Polymer film,Single polymer/coating,Low_Compatibility,43.75,0.4000000000000001,,0,50.7515,,,,True,30
PREP_007,Chapati,PM019,PS,Polymer film,Single polymer/coating,Low_Compatibility,43.75,0.4000000000000001,,0,50.7515,,,,True,31
PREP_007,Chapati,PM027,Coated paper,Paper/cellulosic,Paper/film,Low_Compatibility,43.75,0.4000000000000001,,0,50.7515,,,,True,32
PREP_007,Chapati,PM036,PE/PA/EVOH/PE laminate,Multilayer laminate/structure,Multilayer,Low_Compatibility,43.34,0.3000000000000001,,0,49.4071,,,,True,33
PREP_007,Chapati,PM026,Kraft paper,Paper/cellulosic,Paper/film,Low_Compatibility,35.0,0.4000000000000001,,0,43.4012,,,,True,34
PREP_007,Chapati,PM028,Glassine paper,Paper/cellulosic,Paper/film,Low_Compatibility,35.0,0.4000000000000001,,0,43.4012,,,,True,35
PREP_007,Chapati,PM029,Aluminum foil,Metal,Rigid/foil metal,Low_Compatibility,35.0,0.4000000000000001,,0,43.4012,,,,True,36
PREP_007,Chapati,PM024,Cellulose film,Paper/cellulosic,Paper/film,Low_Compatibility,32.5,0.3000000000000001,,0,40.3011,,,,True,37
PREP_007,Chapati,PM040,Breathable cellulose film,Fresh-produce breathable film,Breathable film,Low_Compatibility,32.5,0.3000000000000001,,0,40.3011,,,,True,38
PREP_007,Chapati,PM030,Tinplate steel,Metal,Rigid/foil metal,Low_Compatibility,21.66,0.3000000000000001,,0,31.1951,,,,True,39
PREP_007,Chapati,PM021,EPS,Polymer film,Single polymer/coating,Low_Compatibility,17.5,0.4000000000000001,,0,28.7006,,,,True,40
PREP_028,Chicken 65,PM002,LLDPE,Polymer film,Single polymer/coating,Conditionally_Compatible,70.0,0.4000000000000001,,0,72.8024,,,,True,1
PREP_028,Chicken 65,PM003,MDPE,Polymer film,Single polymer/coating,Conditionally_Compatible,70.0,0.4000000000000001,,0,72.8024,,,,True,2
PREP_028,Chicken 65,PM004,HDPE,Polymer film,Single polymer/coating,Conditionally_Compatible,70.0,0.4000000000000001,,0,72.8024,,,,True,3
PREP_028,Chicken 65,PM005,PP,Polymer film,Single polymer/coating,Conditionally_Compatible,70.0,0.4000000000000001,,0,72.8024,,,,True,4
PREP_028,Chicken 65,PM006,CPP,Polymer film,Single polymer/coating,Conditionally_Compatible,70.0,0.4000000000000001,,0,72.8024,,,,True,5
PREP_028,Chicken 65,PM031,PET/PE laminate,Multilayer laminate/structure,Multilayer,Conditionally_Compatible,70.0,0.4000000000000001,,0,72.8024,,,,True,6
PREP_028,Chicken 65,PM033,PET/CPP laminate,Multilayer laminate/structure,Multilayer,Conditionally_Compatible,70.0,0.4000000000000001,,0,72.8024,,,,True,7
PREP_028,Chicken 65,PM037,BOPP/CPP laminate,Multilayer laminate/structure,Multilayer,Conditionally_Compatible,70.0,0.4000000000000001,,0,72.8024,,,,True,8
PREP_028,Chicken 65,PM039,Micro-perforated PP film,Fresh-produce breathable film,Perforated film,Conditionally_Compatible,70.0,0.4000000000000001,,0,72.8024,,,,True,9
PREP_028,Chicken 65,PM001,LDPE,Polymer film,Single polymer/coating,Conditionally_Compatible,61.25,0.4000000000000001,,0,65.4521,,,,True,10
PREP_028,Chicken 65,PM025,Coated cellulose film,Paper/cellulosic,Paper/film,Conditionally_Compatible,61.25,0.4000000000000001,,0,65.4521,,,,True,11
PREP_028,Chicken 65,PM032,PA/PE laminate,Multilayer laminate/structure,Multilayer,Conditionally_Compatible,61.25,0.4000000000000001,,0,65.4521,,,,True,12
PREP_028,Chicken 65,PM038,Micro-perforated PE film,Fresh-produce breathable film,Perforated film,Conditionally_Compatible,61.25,0.4000000000000001,,0,65.4521,,,,True,13
PREP_028,Chicken 65,PM018,PVC plasticized,Polymer film,Single polymer/coating,Conditionally_Compatible,54.16,0.3000000000000001,,0,58.4962,,,,True,14
PREP_028,Chicken 65,PM007,BOPP,Polymer film,Single polymer/coating,Low_Compatibility,52.5,0.4000000000000001,,0,58.1018,,,,True,15
PREP_028,Chicken 65,PM009,PET,Polymer film,Single polymer/coating,Low_Compatibility,52.5,0.4000000000000001,,0,58.1018,,,,True,16
PREP_028,Chicken 65,PM010,BOPET,Polymer film,Single polymer/coating,Low_Compatibility,52.5,0.4000000000000001,,0,58.1018,,,,True,17
PREP_028,Chicken 65,PM013,PA6 / Nylon-6,Multilayer laminate/structure,Multilayer,Low_Compatibility,52.5,0.4000000000000001,,0,58.1018,,,,True,18
PREP_028,Chicken 65,PM014,BOPA / Oriented Nylon,Multilayer laminate/structure,Multilayer,Low_Compatibility,52.5,0.4000000000000001,,0,58.1018,,,,True,19
PREP_028,Chicken 65,PM016,PVdC,Polymer film,Single polymer/coating,Conditionally_Compatible,52.5,0.4000000000000001,,0,58.1018,,,,True,20
PREP_028,Chicken 65,PM017,PVC rigid,Polymer film,Single polymer/coating,Conditionally_Compatible,52.5,0.4000000000000001,,0,58.1018,,,,True,21
PREP_028,Chicken 65,PM020,HIPS,Polymer film,Single polymer/coating,Conditionally_Compatible,52.5,0.4000000000000001,,0,58.1018,,,,True,22
PREP_028,Chicken 65,PM022,PLA,Biodegradable polymer,Polymer film,Conditionally_Compatible,52.5,0.4000000000000001,,0,58.1018,,,,True,23
PREP_028,Chicken 65,PM023,PHA,Biodegradable polymer,Polymer film,Conditionally_Compatible,52.5,0.4000000000000001,,0,58.1018,,,,True,24
PREP_028,Chicken 65,PM034,PET/Al/PE laminate,Multilayer laminate/structure,Multilayer,Conditionally_Compatible,52.5,0.4000000000000001,,0,58.1018,,,,True,25
PREP_028,Chicken 65,PM035,PET/EVOH/PE laminate,Multilayer laminate/structure,Multilayer,Conditionally_Compatible,52.5,0.4000000000000001,,0,58.1018,,,,True,26
PREP_028,Chicken 65,PM008,Metallized BOPP,Polymer film,Single polymer/coating,Low_Compatibility,43.75,0.4000000000000001,,0,50.7515,,,,True,27
PREP_028,Chicken 65,PM011,Metallized PET,Polymer film,Single polymer/coating,Low_Compatibility,43.75,0.4000000000000001,,0,50.7515,,,,True,28
PREP_028,Chicken 65,PM012,PVdC-coated PET,Polymer film,Single polymer/coating,Low_Compatibility,43.75,0.4000000000000001,,0,50.7515,,,,True,29
PREP_028,Chicken 65,PM015,EVOH,Polymer film,Single polymer/coating,Low_Compatibility,43.75,0.4000000000000001,,0,50.7515,,,,True,30
PREP_028,Chicken 65,PM019,PS,Polymer film,Single polymer/coating,Low_Compatibility,43.75,0.4000000000000001,,0,50.7515,,,,True,31
PREP_028,Chicken 65,PM027,Coated paper,Paper/cellulosic,Paper/film,Low_Compatibility,43.75,0.4000000000000001,,0,50.7515,,,,True,32
PREP_028,Chicken 65,PM036,PE/PA/EVOH/PE laminate,Multilayer laminate/structure,Multilayer,Low_Compatibility,43.34,0.3000000000000001,,0,49.4071,,,,True,33
PREP_028,Chicken 65,PM026,Kraft paper,Paper/cellulosic,Paper/film,Low_Compatibility,35.0,0.4000000000000001,,0,43.4012,,,,True,34
PREP_028,Chicken 65,PM028,Glassine paper,Paper/cellulosic,Paper/film,Low_Compatibility,35.0,0.4000000000000001,,0,43.4012,,,,True,35
PREP_028,Chicken 65,PM029,Aluminum foil,Metal,Rigid/foil metal,Low_Compatibility,35.0,0.4000000000000001,,0,43.4012,,,,True,36
PREP_028,Chicken 65,PM024,Cellulose film,Paper/cellulosic,Paper/film,Low_Compatibility,32.5,0.3000000000000001,,0,40.3011,,,,True,37
PREP_028,Chicken 65,PM040,Breathable cellulose film,Fresh-produce breathable film,Breathable film,Low_Compatibility,32.5,0.3000000000000001,,0,40.3011,,,,True,38
PREP_028,Chicken 65,PM030,Tinplate steel,Metal,Rigid/foil metal,Low_Compatibility,21.66,0.3000000000000001,,0,31.1951,,,,True,39
PREP_028,Chicken 65,PM021,EPS,Polymer film,Single polymer/coating,Low_Compatibility,17.5,0.4000000000000001,,0,28.7006,,,,True,40
PREP_014,Chicken biryani,PM002,LLDPE,Polymer film,Single polymer/coating,Conditionally_Compatible,70.0,0.4000000000000001,,0,72.8024,,,,True,1
PREP_014,Chicken biryani,PM003,MDPE,Polymer film,Single polymer/coating,Conditionally_Compatible,70.0,0.4000000000000001,,0,72.8024,,,,True,2
PREP_014,Chicken biryani,PM004,HDPE,Polymer film,Single polymer/coating,Conditionally_Compatible,70.0,0.4000000000000001,,0,72.8024,,,,True,3
PREP_014,Chicken biryani,PM005,PP,Polymer film,Single polymer/coating,Conditionally_Compatible,70.0,0.4000000000000001,,0,72.8024,,,,True,4
PREP_014,Chicken biryani,PM006,CPP,Polymer film,Single polymer/coating,Conditionally_Compatible,70.0,0.4000000000000001,,0,72.8024,,,,True,5
PREP_014,Chicken biryani,PM031,PET/PE laminate,Multilayer laminate/structure,Multilayer,Conditionally_Compatible,70.0,0.4000000000000001,,0,72.8024,,,,True,6
PREP_014,Chicken biryani,PM033,PET/CPP laminate,Multilayer laminate/structure,Multilayer,Conditionally_Compatible,70.0,0.4000000000000001,,0,72.8024,,,,True,7
PREP_014,Chicken biryani,PM037,BOPP/CPP laminate,Multilayer laminate/structure,Multilayer,Conditionally_Compatible,70.0,0.4000000000000001,,0,72.8024,,,,True,8
PREP_014,Chicken biryani,PM039,Micro-perforated PP film,Fresh-produce breathable film,Perforated film,Conditionally_Compatible,70.0,0.4000000000000001,,0,72.8024,,,,True,9
PREP_014,Chicken biryani,PM001,LDPE,Polymer film,Single polymer/coating,Conditionally_Compatible,61.25,0.4000000000000001,,0,65.4521,,,,True,10
PREP_014,Chicken biryani,PM025,Coated cellulose film,Paper/cellulosic,Paper/film,Conditionally_Compatible,61.25,0.4000000000000001,,0,65.4521,,,,True,11
PREP_014,Chicken biryani,PM032,PA/PE laminate,Multilayer laminate/structure,Multilayer,Conditionally_Compatible,61.25,0.4000000000000001,,0,65.4521,,,,True,12
PREP_014,Chicken biryani,PM038,Micro-perforated PE film,Fresh-produce breathable film,Perforated film,Conditionally_Compatible,61.25,0.4000000000000001,,0,65.4521,,,,True,13
PREP_014,Chicken biryani,PM018,PVC plasticized,Polymer film,Single polymer/coating,Conditionally_Compatible,54.16,0.3000000000000001,,0,58.4962,,,,True,14
PREP_014,Chicken biryani,PM007,BOPP,Polymer film,Single polymer/coating,Low_Compatibility,52.5,0.4000000000000001,,0,58.1018,,,,True,15
PREP_014,Chicken biryani,PM009,PET,Polymer film,Single polymer/coating,Low_Compatibility,52.5,0.4000000000000001,,0,58.1018,,,,True,16
PREP_014,Chicken biryani,PM010,BOPET,Polymer film,Single polymer/coating,Low_Compatibility,52.5,0.4000000000000001,,0,58.1018,,,,True,17
PREP_014,Chicken biryani,PM013,PA6 / Nylon-6,Multilayer laminate/structure,Multilayer,Low_Compatibility,52.5,0.4000000000000001,,0,58.1018,,,,True,18
PREP_014,Chicken biryani,PM014,BOPA / Oriented Nylon,Multilayer laminate/structure,Multilayer,Low_Compatibility,52.5,0.4000000000000001,,0,58.1018,,,,True,19
PREP_014,Chicken biryani,PM016,PVdC,Polymer film,Single polymer/coating,Conditionally_Compatible,52.5,0.4000000000000001,,0,58.1018,,,,True,20
PREP_014,Chicken biryani,PM017,PVC rigid,Polymer film,Single polymer/coating,Conditionally_Compatible,52.5,0.4000000000000001,,0,58.1018,,,,True,21
PREP_014,Chicken biryani,PM020,HIPS,Polymer film,Single polymer/coating,Conditionally_Compatible,52.5,0.4000000000000001,,0,58.1018,,,,True,22
PREP_014,Chicken biryani,PM022,PLA,Biodegradable polymer,Polymer film,Conditionally_Compatible,52.5,0.4000000000000001,,0,58.1018,,,,True,23
PREP_014,Chicken biryani,PM023,PHA,Biodegradable polymer,Polymer film,Conditionally_Compatible,52.5,0.4000000000000001,,0,58.1018,,,,True,24
PREP_014,Chicken biryani,PM034,PET/Al/PE laminate,Multilayer laminate/structure,Multilayer,Conditionally_Compatible,52.5,0.4000000000000001,,0,58.1018,,,,True,25
PREP_014,Chicken biryani,PM035,PET/EVOH/PE laminate,Multilayer laminate/structure,Multilayer,Conditionally_Compatible,52.5,0.4000000000000001,,0,58.1018,,,,True,26
PREP_014,Chicken biryani,PM008,Metallized BOPP,Polymer film,Single polymer/coating,Low_Compatibility,43.75,0.4000000000000001,,0,50.7515,,,,True,27
PREP_014,Chicken biryani,PM011,Metallized PET,Polymer film,Single polymer/coating,Low_Compatibility,43.75,0.4000000000000001,,0,50.7515,,,,True,28
PREP_014,Chicken biryani,PM012,PVdC-coated PET,Polymer film,Single polymer/coating,Low_Compatibility,43.75,0.4000000000000001,,0,50.7515,,,,True,29
PREP_014,Chicken biryani,PM015,EVOH,Polymer film,Single polymer/coating,Low_Compatibility,43.75,0.4000000000000001,,0,50.7515,,,,True,30
PREP_014,Chicken biryani,PM019,PS,Polymer film,Single polymer/coating,Low_Compatibility,43.75,0.4000000000000001,,0,50.7515,,,,True,31
PREP_014,Chicken biryani,PM027,Coated paper,Paper/cellulosic,Paper/film,Low_Compatibility,43.75,0.4000000000000001,,0,50.7515,,,,True,32
PREP_014,Chicken biryani,PM036,PE/PA/EVOH/PE laminate,Multilayer laminate/structure,Multilayer,Low_Compatibility,43.34,0.3000000000000001,,0,49.4071,,,,True,33
PREP_014,Chicken biryani,PM026,Kraft paper,Paper/cellulosic,Paper/film,Low_Compatibility,35.0,0.4000000000000001,,0,43.4012,,,,True,34
PREP_014,Chicken biryani,PM028,Glassine paper,Paper/cellulosic,Paper/film,Low_Compatibility,35.0,0.4000000000000001,,0,43.4012,,,,True,35
PREP_014,Chicken biryani,PM029,Aluminum foil,Metal,Rigid/foil metal,Low_Compatibility,35.0,0.4000000000000001,,0,43.4012,,,,True,36
PREP_014,Chicken biryani,PM024,Cellulose film,Paper/cellulosic,Paper/film,Low_Compatibility,32.5,0.3000000000000001,,0,40.3011,,,,True,37
PREP_014,Chicken biryani,PM040,Breathable cellulose film,Fresh-produce breathable film,Breathable film,Low_Compatibility,32.5,0.3000000000000001,,0,40.3011,,,,True,38
PREP_014,Chicken biryani,PM030,Tinplate steel,Metal,Rigid/foil metal,Low_Compatibility,21.66,0.3000000000000001,,0,31.1951,,,,True,39
PREP_014,Chicken biryani,PM021,EPS,Polymer film,Single polymer/coating,Low_Compatibility,17.5,0.4000000000000001,,0,28.7006,,,,True,40
MEAT_001,Chicken breast,PM002,LLDPE,Polymer film,Single polymer/coating,Conditionally_Compatible,72.22,0.4444444444444445,,0,75.1117,,,,True,1
MEAT_001,Chicken breast,PM003,MDPE,Polymer film,Single polymer/coating,Conditionally_Compatible,72.22,0.4444444444444445,,0,75.1117,,,,True,2
MEAT_001,Chicken breast,PM006,CPP,Polymer film,Single polymer/coating,Conditionally_Compatible,72.22,0.4444444444444445,,0,75.1117,,,,True,3
MEAT_001,Chicken breast,PM031,PET/PE laminate,Multilayer laminate/structure,Multilayer,Conditionally_Compatible,72.22,0.4444444444444445,,0,75.1117,,,,True,4
MEAT_001,Chicken breast,PM032,PA/PE laminate,Multilayer laminate/structure,Multilayer,Conditionally_Compatible,72.22,0.4444444444444445,,0,75.1117,,,,True,5
MEAT_001,Chicken breast,PM033,PET/CPP laminate,Multilayer laminate/structure,Multilayer,Conditionally_Compatible,72.22,0.4444444444444445,,0,75.1117,,,,True,6
MEAT_001,Chicken breast,PM037,BOPP/CPP laminate,Multilayer laminate/structure,Multilayer,Conditionally_Compatible,72.22,0.4444444444444445,,0,75.1117,,,,True,7
MEAT_001,Chicken breast,PM039,Micro-perforated PP film,Fresh-produce breathable film,Perforated film,Conditionally_Compatible,72.22,0.4444444444444445,,0,75.1117,,,,True,8
MEAT_001,Chicken breast,PM001,LDPE,Polymer film,Single polymer/coating,Conditionally_Compatible,63.19,0.4444444444444445,,0,67.5262,,,,True,9
MEAT_001,Chicken breast,PM004,HDPE,Polymer film,Single polymer/coating,Conditionally_Compatible,63.19,0.4444444444444445,,0,67.5262,,,,True,10
MEAT_001,Chicken breast,PM005,PP,Polymer film,Single polymer/coating,Conditionally_Compatible,63.19,0.4444444444444445,,0,67.5262,,,,True,11
MEAT_001,Chicken breast,PM034,PET/Al/PE laminate,Multilayer laminate/structure,Multilayer,Conditionally_Compatible,63.19,0.4444444444444445,,0,67.5262,,,,True,12
MEAT_001,Chicken breast,PM035,PET/EVOH/PE laminate,Multilayer laminate/structure,Multilayer,Conditionally_Compatible,63.19,0.4444444444444445,,0,67.5262,,,,True,13
MEAT_001,Chicken breast,PM038,Micro-perforated PE film,Fresh-produce breathable film,Perforated film,Conditionally_Compatible,63.19,0.4444444444444445,,0,67.5262,,,,True,14
MEAT_001,Chicken breast,PM036,PE/PA/EVOH/PE laminate,Multilayer laminate/structure,Multilayer,Conditionally_Compatible,55.55,0.3333333333333334,,0,59.9972,,,,True,15
MEAT_001,Chicken breast,PM007,BOPP,Polymer film,Single polymer/coating,Low_Compatibility,54.17,0.4444444444444445,,0,59.9491,,,,True,16
MEAT_001,Chicken breast,PM008,Metallized BOPP,Polymer film,Single polymer/coating,Low_Compatibility,54.17,0.4444444444444445,,0,59.9491,,,,True,17
MEAT_001,Chicken breast,PM009,PET,Polymer film,Single polymer/coating,Low_Compatibility,54.17,0.4444444444444445,,0,59.9491,,,,True,18
MEAT_001,Chicken breast,PM010,BOPET,Polymer film,Single polymer/coating,Low_Compatibility,54.17,0.4444444444444445,,0,59.9491,,,,True,19
MEAT_001,Chicken breast,PM011,Metallized PET,Polymer film,Single polymer/coating,Low_Compatibility,54.17,0.4444444444444445,,0,59.9491,,,,True,20
MEAT_001,Chicken breast,PM012,PVdC-coated PET,Polymer film,Single polymer/coating,Low_Compatibility,54.17,0.4444444444444445,,0,59.9491,,,,True,21
MEAT_001,Chicken breast,PM013,PA6 / Nylon-6,Multilayer laminate/structure,Multilayer,Low_Compatibility,54.17,0.4444444444444445,,0,59.9491,,,,True,22
MEAT_001,Chicken breast,PM014,BOPA / Oriented Nylon,Multilayer laminate/structure,Multilayer,Low_Compatibility,54.17,0.4444444444444445,,0,59.9491,,,,True,23
MEAT_001,Chicken breast,PM016,PVdC,Polymer film,Single polymer/coating,Conditionally_Compatible,54.17,0.4444444444444445,,0,59.9491,,,,True,24
MEAT_001,Chicken breast,PM025,Coated cellulose film,Paper/cellulosic,Paper/film,Conditionally_Compatible,54.17,0.4444444444444445,,0,59.9491,,,,True,25
MEAT_001,Chicken breast,PM015,EVOH,Polymer film,Single polymer/coating,Low_Compatibility,45.14,0.4444444444444445,,0,52.3636,,,,True,26
MEAT_001,Chicken breast,PM017,PVC rigid,Polymer film,Single polymer/coating,Low_Compatibility,45.14,0.4444444444444445,,0,52.3636,,,,True,27
MEAT_001,Chicken breast,PM020,HIPS,Polymer film,Single polymer/coating,Low_Compatibility,45.14,0.4444444444444445,,0,52.3636,,,,True,28
MEAT_001,Chicken breast,PM022,PLA,Biodegradable polymer,Polymer film,Low_Compatibility,45.14,0.4444444444444445,,0,52.3636,,,,True,29
MEAT_001,Chicken breast,PM023,PHA,Biodegradable polymer,Polymer film,Low_Compatibility,45.14,0.4444444444444445,,0,52.3636,,,,True,30
MEAT_001,Chicken breast,PM027,Coated paper,Paper/cellulosic,Paper/film,Low_Compatibility,45.14,0.4444444444444445,,0,52.3636,,,,True,31
MEAT_001,Chicken breast,PM029,Aluminum foil,Metal,Rigid/foil metal,Low_Compatibility,45.14,0.4444444444444445,,0,52.3636,,,,True,32
MEAT_001,Chicken breast,PM018,PVC plasticized,Polymer film,Single polymer/coating,Low_Compatibility,44.45,0.3333333333333334,,0,50.6728,,,,True,33
MEAT_001,Chicken breast,PM019,PS,Polymer film,Single polymer/coating,Low_Compatibility,36.11,0.4444444444444445,,0,44.7781,,,,True,34
MEAT_001,Chicken breast,PM026,Kraft paper,Paper/cellulosic,Paper/film,Low_Compatibility,36.11,0.4444444444444445,,0,44.7781,,,,True,35
MEAT_001,Chicken breast,PM028,Glassine paper,Paper/cellulosic,Paper/film,Low_Compatibility,36.11,0.4444444444444445,,0,44.7781,,,,True,36
MEAT_001,Chicken breast,PM024,Cellulose film,Paper/cellulosic,Paper/film,Low_Compatibility,33.33,0.3333333333333334,,0,41.3317,,,,True,37
MEAT_001,Chicken breast,PM030,Tinplate steel,Metal,Rigid/foil metal,Low_Compatibility,33.33,0.3333333333333334,,0,41.3317,,,,True,38
MEAT_001,Chicken breast,PM040,Breathable cellulose film,Fresh-produce breathable film,Breathable film,Low_Compatibility,33.33,0.3333333333333334,,0,41.3317,,,,True,39
MEAT_001,Chicken breast,PM021,EPS,Polymer film,Single polymer/coating,Low_Compatibility,18.06,0.4444444444444445,,0,29.6155,,,,True,40
MEAT_007,Chicken mince,PM002,LLDPE,Polymer film,Single polymer/coating,Conditionally_Compatible,72.22,0.4444444444444445,,0,75.1117,,,,True,1
MEAT_007,Chicken mince,PM003,MDPE,Polymer film,Single polymer/coating,Conditionally_Compatible,72.22,0.4444444444444445,,0,75.1117,,,,True,2
MEAT_007,Chicken mince,PM006,CPP,Polymer film,Single polymer/coating,Conditionally_Compatible,72.22,0.4444444444444445,,0,75.1117,,,,True,3
MEAT_007,Chicken mince,PM031,PET/PE laminate,Multilayer laminate/structure,Multilayer,Conditionally_Compatible,72.22,0.4444444444444445,,0,75.1117,,,,True,4
MEAT_007,Chicken mince,PM032,PA/PE laminate,Multilayer laminate/structure,Multilayer,Conditionally_Compatible,72.22,0.4444444444444445,,0,75.1117,,,,True,5
MEAT_007,Chicken mince,PM033,PET/CPP laminate,Multilayer laminate/structure,Multilayer,Conditionally_Compatible,72.22,0.4444444444444445,,0,75.1117,,,,True,6
MEAT_007,Chicken mince,PM037,BOPP/CPP laminate,Multilayer laminate/structure,Multilayer,Conditionally_Compatible,72.22,0.4444444444444445,,0,75.1117,,,,True,7
MEAT_007,Chicken mince,PM039,Micro-perforated PP film,Fresh-produce breathable film,Perforated film,Conditionally_Compatible,72.22,0.4444444444444445,,0,75.1117,,,,True,8
MEAT_007,Chicken mince,PM001,LDPE,Polymer film,Single polymer/coating,Conditionally_Compatible,63.19,0.4444444444444445,,0,67.5262,,,,True,9
MEAT_007,Chicken mince,PM004,HDPE,Polymer film,Single polymer/coating,Conditionally_Compatible,63.19,0.4444444444444445,,0,67.5262,,,,True,10
MEAT_007,Chicken mince,PM005,PP,Polymer film,Single polymer/coating,Conditionally_Compatible,63.19,0.4444444444444445,,0,67.5262,,,,True,11
MEAT_007,Chicken mince,PM034,PET/Al/PE laminate,Multilayer laminate/structure,Multilayer,Conditionally_Compatible,63.19,0.4444444444444445,,0,67.5262,,,,True,12
MEAT_007,Chicken mince,PM035,PET/EVOH/PE laminate,Multilayer laminate/structure,Multilayer,Conditionally_Compatible,63.19,0.4444444444444445,,0,67.5262,,,,True,13
MEAT_007,Chicken mince,PM038,Micro-perforated PE film,Fresh-produce breathable film,Perforated film,Conditionally_Compatible,63.19,0.4444444444444445,,0,67.5262,,,,True,14
MEAT_007,Chicken mince,PM036,PE/PA/EVOH/PE laminate,Multilayer laminate/structure,Multilayer,Conditionally_Compatible,55.55,0.3333333333333334,,0,59.9972,,,,True,15
MEAT_007,Chicken mince,PM007,BOPP,Polymer film,Single polymer/coating,Low_Compatibility,54.17,0.4444444444444445,,0,59.9491,,,,True,16
MEAT_007,Chicken mince,PM008,Metallized BOPP,Polymer film,Single polymer/coating,Low_Compatibility,54.17,0.4444444444444445,,0,59.9491,,,,True,17
MEAT_007,Chicken mince,PM009,PET,Polymer film,Single polymer/coating,Low_Compatibility,54.17,0.4444444444444445,,0,59.9491,,,,True,18
MEAT_007,Chicken mince,PM010,BOPET,Polymer film,Single polymer/coating,Low_Compatibility,54.17,0.4444444444444445,,0,59.9491,,,,True,19
MEAT_007,Chicken mince,PM011,Metallized PET,Polymer film,Single polymer/coating,Low_Compatibility,54.17,0.4444444444444445,,0,59.9491,,,,True,20
MEAT_007,Chicken mince,PM012,PVdC-coated PET,Polymer film,Single polymer/coating,Low_Compatibility,54.17,0.4444444444444445,,0,59.9491,,,,True,21
MEAT_007,Chicken mince,PM013,PA6 / Nylon-6,Multilayer laminate/structure,Multilayer,Low_Compatibility,54.17,0.4444444444444445,,0,59.9491,,,,True,22
MEAT_007,Chicken mince,PM014,BOPA / Oriented Nylon,Multilayer laminate/structure,Multilayer,Low_Compatibility,54.17,0.4444444444444445,,0,59.9491,,,,True,23
MEAT_007,Chicken mince,PM016,PVdC,Polymer film,Single polymer/coating,Conditionally_Compatible,54.17,0.4444444444444445,,0,59.9491,,,,True,24
MEAT_007,Chicken mince,PM025,Coated cellulose film,Paper/cellulosic,Paper/film,Conditionally_Compatible,54.17,0.4444444444444445,,0,59.9491,,,,True,25
MEAT_007,Chicken mince,PM015,EVOH,Polymer film,Single polymer/coating,Low_Compatibility,45.14,0.4444444444444445,,0,52.3636,,,,True,26
MEAT_007,Chicken mince,PM017,PVC rigid,Polymer film,Single polymer/coating,Low_Compatibility,45.14,0.4444444444444445,,0,52.3636,,,,True,27
MEAT_007,Chicken mince,PM020,HIPS,Polymer film,Single polymer/coating,Low_Compatibility,45.14,0.4444444444444445,,0,52.3636,,,,True,28
MEAT_007,Chicken mince,PM022,PLA,Biodegradable polymer,Polymer film,Low_Compatibility,45.14,0.4444444444444445,,0,52.3636,,,,True,29
MEAT_007,Chicken mince,PM023,PHA,Biodegradable polymer,Polymer film,Low_Compatibility,45.14,0.4444444444444445,,0,52.3636,,,,True,30
MEAT_007,Chicken mince,PM027,Coated paper,Paper/cellulosic,Paper/film,Low_Compatibility,45.14,0.4444444444444445,,0,52.3636,,,,True,31
MEAT_007,Chicken mince,PM029,Aluminum foil,Metal,Rigid/foil metal,Low_Compatibility,45.14,0.4444444444444445,,0,52.3636,,,,True,32
MEAT_007,Chicken mince,PM018,PVC plasticized,Polymer film,Single polymer/coating,Low_Compatibility,44.45,0.3333333333333334,,0,50.6728,,,,True,33
MEAT_007,Chicken mince,PM019,PS,Polymer film,Single polymer/coating,Low_Compatibility,36.11,0.4444444444444445,,0,44.7781,,,,True,34
MEAT_007,Chicken mince,PM026,Kraft paper,Paper/cellulosic,Paper/film,Low_Compatibility,36.11,0.4444444444444445,,0,44.7781,,,,True,35
MEAT_007,Chicken mince,PM028,Glassine paper,Paper/cellulosic,Paper/film,Low_Compatibility,36.11,0.4444444444444445,,0,44.7781,,,,True,36
MEAT_007,Chicken mince,PM024,Cellulose film,Paper/cellulosic,Paper/film,Low_Compatibility,33.33,0.3333333333333334,,0,41.3317,,,,True,37
MEAT_007,Chicken mince,PM030,Tinplate steel,Metal,Rigid/foil metal,Low_Compatibility,33.33,0.3333333333333334,,0,41.3317,,,,True,38
MEAT_007,Chicken mince,PM040,Breathable cellulose film,Fresh-produce breathable film,Breathable film,Low_Compatibility,33.33,0.3333333333333334,,0,41.3317,,,,True,39
MEAT_007,Chicken mince,PM021,EPS,Polymer film,Single polymer/coating,Low_Compatibility,18.06,0.4444444444444445,,0,29.6155,,,,True,40
MEAT_002,Chicken thigh,PM002,LLDPE,Polymer film,Single polymer/coating,Conditionally_Compatible,72.22,0.4444444444444445,,0,75.1117,,,,True,1
MEAT_002,Chicken thigh,PM003,MDPE,Polymer film,Single polymer/coating,Conditionally_Compatible,72.22,0.4444444444444445,,0,75.1117,,,,True,2
MEAT_002,Chicken thigh,PM006,CPP,Polymer film,Single polymer/coating,Conditionally_Compatible,72.22,0.4444444444444445,,0,75.1117,,,,True,3
MEAT_002,Chicken thigh,PM031,PET/PE laminate,Multilayer laminate/structure,Multilayer,Conditionally_Compatible,72.22,0.4444444444444445,,0,75.1117,,,,True,4
MEAT_002,Chicken thigh,PM032,PA/PE laminate,Multilayer laminate/structure,Multilayer,Conditionally_Compatible,72.22,0.4444444444444445,,0,75.1117,,,,True,5
MEAT_002,Chicken thigh,PM033,PET/CPP laminate,Multilayer laminate/structure,Multilayer,Conditionally_Compatible,72.22,0.4444444444444445,,0,75.1117,,,,True,6
MEAT_002,Chicken thigh,PM037,BOPP/CPP laminate,Multilayer laminate/structure,Multilayer,Conditionally_Compatible,72.22,0.4444444444444445,,0,75.1117,,,,True,7
MEAT_002,Chicken thigh,PM039,Micro-perforated PP film,Fresh-produce breathable film,Perforated film,Conditionally_Compatible,72.22,0.4444444444444445,,0,75.1117,,,,True,8
MEAT_002,Chicken thigh,PM001,LDPE,Polymer film,Single polymer/coating,Conditionally_Compatible,63.19,0.4444444444444445,,0,67.5262,,,,True,9
MEAT_002,Chicken thigh,PM004,HDPE,Polymer film,Single polymer/coating,Conditionally_Compatible,63.19,0.4444444444444445,,0,67.5262,,,,True,10
MEAT_002,Chicken thigh,PM005,PP,Polymer film,Single polymer/coating,Conditionally_Compatible,63.19,0.4444444444444445,,0,67.5262,,,,True,11
MEAT_002,Chicken thigh,PM034,PET/Al/PE laminate,Multilayer laminate/structure,Multilayer,Conditionally_Compatible,63.19,0.4444444444444445,,0,67.5262,,,,True,12
MEAT_002,Chicken thigh,PM035,PET/EVOH/PE laminate,Multilayer laminate/structure,Multilayer,Conditionally_Compatible,63.19,0.4444444444444445,,0,67.5262,,,,True,13
MEAT_002,Chicken thigh,PM038,Micro-perforated PE film,Fresh-produce breathable film,Perforated film,Conditionally_Compatible,63.19,0.4444444444444445,,0,67.5262,,,,True,14
MEAT_002,Chicken thigh,PM036,PE/PA/EVOH/PE laminate,Multilayer laminate/structure,Multilayer,Conditionally_Compatible,55.55,0.3333333333333334,,0,59.9972,,,,True,15
MEAT_002,Chicken thigh,PM007,BOPP,Polymer film,Single polymer/coating,Low_Compatibility,54.17,0.4444444444444445,,0,59.9491,,,,True,16
MEAT_002,Chicken thigh,PM008,Metallized BOPP,Polymer film,Single polymer/coating,Low_Compatibility,54.17,0.4444444444444445,,0,59.9491,,,,True,17
MEAT_002,Chicken thigh,PM009,PET,Polymer film,Single polymer/coating,Low_Compatibility,54.17,0.4444444444444445,,0,59.9491,,,,True,18
MEAT_002,Chicken thigh,PM010,BOPET,Polymer film,Single polymer/coating,Low_Compatibility,54.17,0.4444444444444445,,0,59.9491,,,,True,19
MEAT_002,Chicken thigh,PM011,Metallized PET,Polymer film,Single polymer/coating,Low_Compatibility,54.17,0.4444444444444445,,0,59.9491,,,,True,20
MEAT_002,Chicken thigh,PM012,PVdC-coated PET,Polymer film,Single polymer/coating,Low_Compatibility,54.17,0.4444444444444445,,0,59.9491,,,,True,21
MEAT_002,Chicken thigh,PM013,PA6 / Nylon-6,Multilayer laminate/structure,Multilayer,Low_Compatibility,54.17,0.4444444444444445,,0,59.9491,,,,True,22
MEAT_002,Chicken thigh,PM014,BOPA / Oriented Nylon,Multilayer laminate/structure,Multilayer,Low_Compatibility,54.17,0.4444444444444445,,0,59.9491,,,,True,23
MEAT_002,Chicken thigh,PM016,PVdC,Polymer film,Single polymer/coating,Conditionally_Compatible,54.17,0.4444444444444445,,0,59.9491,,,,True,24
MEAT_002,Chicken thigh,PM025,Coated cellulose film,Paper/cellulosic,Paper/film,Conditionally_Compatible,54.17,0.4444444444444445,,0,59.9491,,,,True,25
MEAT_002,Chicken thigh,PM015,EVOH,Polymer film,Single polymer/coating,Low_Compatibility,45.14,0.4444444444444445,,0,52.3636,,,,True,26
MEAT_002,Chicken thigh,PM017,PVC rigid,Polymer film,Single polymer/coating,Low_Compatibility,45.14,0.4444444444444445,,0,52.3636,,,,True,27
MEAT_002,Chicken thigh,PM020,HIPS,Polymer film,Single polymer/coating,Low_Compatibility,45.14,0.4444444444444445,,0,52.3636,,,,True,28
MEAT_002,Chicken thigh,PM022,PLA,Biodegradable polymer,Polymer film,Low_Compatibility,45.14,0.4444444444444445,,0,52.3636,,,,True,29
MEAT_002,Chicken thigh,PM023,PHA,Biodegradable polymer,Polymer film,Low_Compatibility,45.14,0.4444444444444445,,0,52.3636,,,,True,30
MEAT_002,Chicken thigh,PM027,Coated paper,Paper/cellulosic,Paper/film,Low_Compatibility,45.14,0.4444444444444445,,0,52.3636,,,,True,31
MEAT_002,Chicken thigh,PM029,Aluminum foil,Metal,Rigid/foil metal,Low_Compatibility,45.14,0.4444444444444445,,0,52.3636,,,,True,32
MEAT_002,Chicken thigh,PM018,PVC plasticized,Polymer film,Single polymer/coating,Low_Compatibility,44.45,0.3333333333333334,,0,50.6728,,,,True,33
MEAT_002,Chicken thigh,PM019,PS,Polymer film,Single polymer/coating,Low_Compatibility,36.11,0.4444444444444445,,0,44.7781,,,,True,34
MEAT_002,Chicken thigh,PM026,Kraft paper,Paper/cellulosic,Paper/film,Low_Compatibility,36.11,0.4444444444444445,,0,44.7781,,,,True,35
MEAT_002,Chicken thigh,PM028,Glassine paper,Paper/cellulosic,Paper/film,Low_Compatibility,36.11,0.4444444444444445,,0,44.7781,,,,True,36
MEAT_002,Chicken thigh,PM024,Cellulose film,Paper/cellulosic,Paper/film,Low_Compatibility,33.33,0.3333333333333334,,0,41.3317,,,,True,37
MEAT_002,Chicken thigh,PM030,Tinplate steel,Metal,Rigid/foil metal,Low_Compatibility,33.33,0.3333333333333334,,0,41.3317,,,,True,38
MEAT_002,Chicken thigh,PM040,Breathable cellulose film,Fresh-produce breathable film,Breathable film,Low_Compatibility,33.33,0.3333333333333334,,0,41.3317,,,,True,39
MEAT_002,Chicken thigh,PM021,EPS,Polymer film,Single polymer/coating,Low_Compatibility,18.06,0.4444444444444445,,0,29.6155,,,,True,40
PREP_026,Chole,PM002,LLDPE,Polymer film,Single polymer/coating,Conditionally_Compatible,70.0,0.4000000000000001,,0,72.8024,,,,True,1
PREP_026,Chole,PM003,MDPE,Polymer film,Single polymer/coating,Conditionally_Compatible,70.0,0.4000000000000001,,0,72.8024,,,,True,2
PREP_026,Chole,PM006,CPP,Polymer film,Single polymer/coating,Conditionally_Compatible,70.0,0.4000000000000001,,0,72.8024,,,,True,3
PREP_026,Chole,PM031,PET/PE laminate,Multilayer laminate/structure,Multilayer,Conditionally_Compatible,70.0,0.4000000000000001,,0,72.8024,,,,True,4
PREP_026,Chole,PM032,PA/PE laminate,Multilayer laminate/structure,Multilayer,Conditionally_Compatible,70.0,0.4000000000000001,,0,72.8024,,,,True,5
PREP_026,Chole,PM033,PET/CPP laminate,Multilayer laminate/structure,Multilayer,Conditionally_Compatible,70.0,0.4000000000000001,,0,72.8024,,,,True,6
PREP_026,Chole,PM037,BOPP/CPP laminate,Multilayer laminate/structure,Multilayer,Conditionally_Compatible,70.0,0.4000000000000001,,0,72.8024,,,,True,7
PREP_026,Chole,PM039,Micro-perforated PP film,Fresh-produce breathable film,Perforated film,Conditionally_Compatible,70.0,0.4000000000000001,,0,72.8024,,,,True,8
PREP_026,Chole,PM001,LDPE,Polymer film,Single polymer/coating,Conditionally_Compatible,61.25,0.4000000000000001,,0,65.4521,,,,True,9
PREP_026,Chole,PM004,HDPE,Polymer film,Single polymer/coating,Conditionally_Compatible,61.25,0.4000000000000001,,0,65.4521,,,,True,10
PREP_026,Chole,PM005,PP,Polymer film,Single polymer/coating,Conditionally_Compatible,61.25,0.4000000000000001,,0,65.4521,,,,True,11
PREP_026,Chole,PM034,PET/Al/PE laminate,Multilayer laminate/structure,Multilayer,Conditionally_Compatible,61.25,0.4000000000000001,,0,65.4521,,,,True,12
PREP_026,Chole,PM035,PET/EVOH/PE laminate,Multilayer laminate/structure,Multilayer,Conditionally_Compatible,61.25,0.4000000000000001,,0,65.4521,,,,True,13
PREP_026,Chole,PM038,Micro-perforated PE film,Fresh-produce breathable film,Perforated film,Conditionally_Compatible,61.25,0.4000000000000001,,0,65.4521,,,,True,14
PREP_026,Chole,PM036,PE/PA/EVOH/PE laminate,Multilayer laminate/structure,Multilayer,Conditionally_Compatible,54.16,0.3000000000000001,,0,58.4962,,,,True,15
PREP_026,Chole,PM007,BOPP,Polymer film,Single polymer/coating,Low_Compatibility,52.5,0.4000000000000001,,0,58.1018,,,,True,16
PREP_026,Chole,PM008,Metallized BOPP,Polymer film,Single polymer/coating,Low_Compatibility,52.5,0.4000000000000001,,0,58.1018,,,,True,17
PREP_026,Chole,PM009,PET,Polymer film,Single polymer/coating,Low_Compatibility,52.5,0.4000000000000001,,0,58.1018,,,,True,18
PREP_026,Chole,PM010,BOPET,Polymer film,Single polymer/coating,Low_Compatibility,52.5,0.4000000000000001,,0,58.1018,,,,True,19
PREP_026,Chole,PM011,Metallized PET,Polymer film,Single polymer/coating,Low_Compatibility,52.5,0.4000000000000001,,0,58.1018,,,,True,20
PREP_026,Chole,PM012,PVdC-coated PET,Polymer film,Single polymer/coating,Low_Compatibility,52.5,0.4000000000000001,,0,58.1018,,,,True,21
PREP_026,Chole,PM013,PA6 / Nylon-6,Multilayer laminate/structure,Multilayer,Low_Compatibility,52.5,0.4000000000000001,,0,58.1018,,,,True,22
PREP_026,Chole,PM014,BOPA / Oriented Nylon,Multilayer laminate/structure,Multilayer,Low_Compatibility,52.5,0.4000000000000001,,0,58.1018,,,,True,23
PREP_026,Chole,PM016,PVdC,Polymer film,Single polymer/coating,Conditionally_Compatible,52.5,0.4000000000000001,,0,58.1018,,,,True,24
PREP_026,Chole,PM025,Coated cellulose film,Paper/cellulosic,Paper/film,Conditionally_Compatible,52.5,0.4000000000000001,,0,58.1018,,,,True,25
PREP_026,Chole,PM015,EVOH,Polymer film,Single polymer/coating,Low_Compatibility,43.75,0.4000000000000001,,0,50.7515,,,,True,26
PREP_026,Chole,PM017,PVC rigid,Polymer film,Single polymer/coating,Low_Compatibility,43.75,0.4000000000000001,,0,50.7515,,,,True,27
PREP_026,Chole,PM020,HIPS,Polymer film,Single polymer/coating,Low_Compatibility,43.75,0.4000000000000001,,0,50.7515,,,,True,28
PREP_026,Chole,PM022,PLA,Biodegradable polymer,Polymer film,Low_Compatibility,43.75,0.4000000000000001,,0,50.7515,,,,True,29
PREP_026,Chole,PM023,PHA,Biodegradable polymer,Polymer film,Low_Compatibility,43.75,0.4000000000000001,,0,50.7515,,,,True,30
PREP_026,Chole,PM027,Coated paper,Paper/cellulosic,Paper/film,Low_Compatibility,43.75,0.4000000000000001,,0,50.7515,,,,True,31
PREP_026,Chole,PM029,Aluminum foil,Metal,Rigid/foil metal,Low_Compatibility,43.75,0.4000000000000001,,0,50.7515,,,,True,32
PREP_026,Chole,PM018,PVC plasticized,Polymer film,Single polymer/coating,Low_Compatibility,43.34,0.3000000000000001,,0,49.4071,,,,True,33
PREP_026,Chole,PM019,PS,Polymer film,Single polymer/coating,Low_Compatibility,35.0,0.4000000000000001,,0,43.4012,,,,True,34
PREP_026,Chole,PM026,Kraft paper,Paper/cellulosic,Paper/film,Low_Compatibility,35.0,0.4000000000000001,,0,43.4012,,,,True,35
PREP_026,Chole,PM028,Glassine paper,Paper/cellulosic,Paper/film,Low_Compatibility,35.0,0.4000000000000001,,0,43.4012,,,,True,36
PREP_026,Chole,PM024,Cellulose film,Paper/cellulosic,Paper/film,Low_Compatibility,32.5,0.3000000000000001,,0,40.3011,,,,True,37
PREP_026,Chole,PM030,Tinplate steel,Metal,Rigid/foil metal,Low_Compatibility,32.5,0.3000000000000001,,0,40.3011,,,,True,38
PREP_026,Chole,PM040,Breathable cellulose film,Fresh-produce breathable film,Breathable film,Low_Compatibility,32.5,0.3000000000000001,,0,40.3011,,,,True,39
PREP_026,Chole,PM021,EPS,Polymer film,Single polymer/coating,Low_Compatibility,17.5,0.4000000000000001,,0,28.7006,,,,True,40
PREP_043,Chole bhature,PM001,LDPE,Polymer film,Single polymer/coating,Conditionally_Compatible,70.0,0.4000000000000001,,0,72.8024,,,,True,1
PREP_043,Chole bhature,PM002,LLDPE,Polymer film,Single polymer/coating,Conditionally_Compatible,70.0,0.4000000000000001,,0,72.8024,,,,True,2
PREP_043,Chole bhature,PM003,MDPE,Polymer film,Single polymer/coating,Conditionally_Compatible,70.0,0.4000000000000001,,0,72.8024,,,,True,3
PREP_043,Chole bhature,PM004,HDPE,Polymer film,Single polymer/coating,Conditionally_Compatible,70.0,0.4000000000000001,,0,72.8024,,,,True,4
PREP_043,Chole bhature,PM005,PP,Polymer film,Single polymer/coating,Conditionally_Compatible,70.0,0.4000000000000001,,0,72.8024,,,,True,5
PREP_043,Chole bhature,PM006,CPP,Polymer film,Single polymer/coating,Conditionally_Compatible,70.0,0.4000000000000001,,0,72.8024,,,,True,6
PREP_043,Chole bhature,PM016,PVdC,Polymer film,Single polymer/coating,Conditionally_Compatible,70.0,0.4000000000000001,,0,72.8024,,,,True,7
PREP_043,Chole bhature,PM025,Coated cellulose film,Paper/cellulosic,Paper/film,Conditionally_Compatible,70.0,0.4000000000000001,,0,72.8024,,,,True,8
PREP_043,Chole bhature,PM031,PET/PE laminate,Multilayer laminate/structure,Multilayer,Conditionally_Compatible,70.0,0.4000000000000001,,0,72.8024,,,,True,9
PREP_043,Chole bhature,PM032,PA/PE laminate,Multilayer laminate/structure,Multilayer,Conditionally_Compatible,70.0,0.4000000000000001,,0,72.8024,,,,True,10
PREP_043,Chole bhature,PM033,PET/CPP laminate,Multilayer laminate/structure,Multilayer,Conditionally_Compatible,70.0,0.4000000000000001,,0,72.8024,,,,True,11
PREP_043,Chole bhature,PM037,BOPP/CPP laminate,Multilayer laminate/structure,Multilayer,Conditionally_Compatible,70.0,0.4000000000000001,,0,72.8024,,,,True,12
PREP_043,Chole bhature,PM038,Micro-perforated PE film,Fresh-produce breathable film,Perforated film,Conditionally_Compatible,70.0,0.4000000000000001,,0,72.8024,,,,True,13
PREP_043,Chole bhature,PM039,Micro-perforated PP film,Fresh-produce breathable film,Perforated film,Conditionally_Compatible,70.0,0.4000000000000001,,0,72.8024,,,,True,14
PREP_043,Chole bhature,PM017,PVC rigid,Polymer film,Single polymer/coating,Conditionally_Compatible,61.25,0.4000000000000001,,0,65.4521,,,,True,15
PREP_043,Chole bhature,PM020,HIPS,Polymer film,Single polymer/coating,Conditionally_Compatible,61.25,0.4000000000000001,,0,65.4521,,,,True,16
PREP_043,Chole bhature,PM022,PLA,Biodegradable polymer,Polymer film,Conditionally_Compatible,61.25,0.4000000000000001,,0,65.4521,,,,True,17
PREP_043,Chole bhature,PM023,PHA,Biodegradable polymer,Polymer film,Conditionally_Compatible,61.25,0.4000000000000001,,0,65.4521,,,,True,18
PREP_043,Chole bhature,PM034,PET/Al/PE laminate,Multilayer laminate/structure,Multilayer,Conditionally_Compatible,61.25,0.4000000000000001,,0,65.4521,,,,True,19
PREP_043,Chole bhature,PM035,PET/EVOH/PE laminate,Multilayer laminate/structure,Multilayer,Conditionally_Compatible,61.25,0.4000000000000001,,0,65.4521,,,,True,20
PREP_043,Chole bhature,PM018,PVC plasticized,Polymer film,Single polymer/coating,Conditionally_Compatible,54.16,0.3000000000000001,,0,58.4962,,,,True,21
PREP_043,Chole bhature,PM036,PE/PA/EVOH/PE laminate,Multilayer laminate/structure,Multilayer,Conditionally_Compatible,54.16,0.3000000000000001,,0,58.4962,,,,True,22
PREP_043,Chole bhature,PM007,BOPP,Polymer film,Single polymer/coating,Low_Compatibility,52.5,0.4000000000000001,,0,58.1018,,,,True,23
PREP_043,Chole bhature,PM008,Metallized BOPP,Polymer film,Single polymer/coating,Low_Compatibility,52.5,0.4000000000000001,,0,58.1018,,,,True,24
PREP_043,Chole bhature,PM009,PET,Polymer film,Single polymer/coating,Low_Compatibility,52.5,0.4000000000000001,,0,58.1018,,,,True,25
PREP_043,Chole bhature,PM010,BOPET,Polymer film,Single polymer/coating,Low_Compatibility,52.5,0.4000000000000001,,0,58.1018,,,,True,26
PREP_043,Chole bhature,PM011,Metallized PET,Polymer film,Single polymer/coating,Low_Compatibility,52.5,0.4000000000000001,,0,58.1018,,,,True,27
PREP_043,Chole bhature,PM012,PVdC-coated PET,Polymer film,Single polymer/coating,Low_Compatibility,52.5,0.4000000000000001,,0,58.1018,,,,True,28
PREP_043,Chole bhature,PM013,PA6 / Nylon-6,Multilayer laminate/structure,Multilayer,Low_Compatibility,52.5,0.4000000000000001,,0,58.1018,,,,True,29
PREP_043,Chole bhature,PM014,BOPA / Oriented Nylon,Multilayer laminate/structure,Multilayer,Low_Compatibility,52.5,0.4000000000000001,,0,58.1018,,,,True,30
PREP_043,Chole bhature,PM015,EVOH,Polymer film,Single polymer/coating,Low_Compatibility,52.5,0.4000000000000001,,0,58.1018,,,,True,31
PREP_043,Chole bhature,PM019,PS,Polymer film,Single polymer/coating,Conditionally_Compatible,52.5,0.4000000000000001,,0,58.1018,,,,True,32
PREP_043,Chole bhature,PM027,Coated paper,Paper/cellulosic,Paper/film,Low_Compatibility,43.75,0.4000000000000001,,0,50.7515,,,,True,33
PREP_043,Chole bhature,PM028,Glassine paper,Paper/cellulosic,Paper/film,Low_Compatibility,43.75,0.4000000000000001,,0,50.7515,,,,True,34
PREP_043,Chole bhature,PM029,Aluminum foil,Metal,Rigid/foil metal,Low_Compatibility,43.75,0.4000000000000001,,0,50.7515,,,,True,35
PREP_043,Chole bhature,PM026,Kraft paper,Paper/cellulosic,Paper/film,Low_Compatibility,35.0,0.4000000000000001,,0,43.4012,,,,True,36
PREP_043,Chole bhature,PM024,Cellulose film,Paper/cellulosic,Paper/film,Low_Compatibility,32.5,0.3000000000000001,,0,40.3011,,,,True,37
PREP_043,Chole bhature,PM030,Tinplate steel,Metal,Rigid/foil metal,Low_Compatibility,32.5,0.3000000000000001,,0,40.3011,,,,True,38
PREP_043,Chole bhature,PM040,Breathable cellulose film,Fresh-produce breathable film,Breathable film,Low_Compatibility,32.5,0.3000000000000001,,0,40.3011,,,,True,39
PREP_043,Chole bhature,PM021,EPS,Polymer film,Single polymer/coating,Low_Compatibility,26.25,0.4000000000000001,,0,36.0509,,,,True,40
PREP_009,Coconut chutney,PM002,LLDPE,Polymer film,Single polymer/coating,Conditionally_Compatible,70.0,0.4000000000000001,,0,72.8024,,,,True,1
PREP_009,Coconut chutney,PM003,MDPE,Polymer film,Single polymer/coating,Conditionally_Compatible,70.0,0.4000000000000001,,0,72.8024,,,,True,2
PREP_009,Coconut chutney,PM006,CPP,Polymer film,Single polymer/coating,Conditionally_Compatible,70.0,0.4000000000000001,,0,72.8024,,,,True,3
PREP_009,Coconut chutney,PM031,PET/PE laminate,Multilayer laminate/structure,Multilayer,Conditionally_Compatible,70.0,0.4000000000000001,,0,72.8024,,,,True,4
PREP_009,Coconut chutney,PM032,PA/PE laminate,Multilayer laminate/structure,Multilayer,Conditionally_Compatible,70.0,0.4000000000000001,,0,72.8024,,,,True,5
PREP_009,Coconut chutney,PM033,PET/CPP laminate,Multilayer laminate/structure,Multilayer,Conditionally_Compatible,70.0,0.4000000000000001,,0,72.8024,,,,True,6
PREP_009,Coconut chutney,PM037,BOPP/CPP laminate,Multilayer laminate/structure,Multilayer,Conditionally_Compatible,70.0,0.4000000000000001,,0,72.8024,,,,True,7
PREP_009,Coconut chutney,PM039,Micro-perforated PP film,Fresh-produce breathable film,Perforated film,Conditionally_Compatible,70.0,0.4000000000000001,,0,72.8024,,,,True,8
PREP_009,Coconut chutney,PM001,LDPE,Polymer film,Single polymer/coating,Conditionally_Compatible,61.25,0.4000000000000001,,0,65.4521,,,,True,9
PREP_009,Coconut chutney,PM004,HDPE,Polymer film,Single polymer/coating,Conditionally_Compatible,61.25,0.4000000000000001,,0,65.4521,,,,True,10
PREP_009,Coconut chutney,PM005,PP,Polymer film,Single polymer/coating,Conditionally_Compatible,61.25,0.4000000000000001,,0,65.4521,,,,True,11
PREP_009,Coconut chutney,PM034,PET/Al/PE laminate,Multilayer laminate/structure,Multilayer,Conditionally_Compatible,61.25,0.4000000000000001,,0,65.4521,,,,True,12
PREP_009,Coconut chutney,PM035,PET/EVOH/PE laminate,Multilayer laminate/structure,Multilayer,Conditionally_Compatible,61.25,0.4000000000000001,,0,65.4521,,,,True,13
PREP_009,Coconut chutney,PM038,Micro-perforated PE film,Fresh-produce breathable film,Perforated film,Conditionally_Compatible,61.25,0.4000000000000001,,0,65.4521,,,,True,14
PREP_009,Coconut chutney,PM036,PE/PA/EVOH/PE laminate,Multilayer laminate/structure,Multilayer,Conditionally_Compatible,54.16,0.3000000000000001,,0,58.4962,,,,True,15
PREP_009,Coconut chutney,PM007,BOPP,Polymer film,Single polymer/coating,Low_Compatibility,52.5,0.4000000000000001,,0,58.1018,,,,True,16
PREP_009,Coconut chutney,PM008,Metallized BOPP,Polymer film,Single polymer/coating,Low_Compatibility,52.5,0.4000000000000001,,0,58.1018,,,,True,17
PREP_009,Coconut chutney,PM009,PET,Polymer film,Single polymer/coating,Low_Compatibility,52.5,0.4000000000000001,,0,58.1018,,,,True,18
PREP_009,Coconut chutney,PM010,BOPET,Polymer film,Single polymer/coating,Low_Compatibility,52.5,0.4000000000000001,,0,58.1018,,,,True,19
PREP_009,Coconut chutney,PM011,Metallized PET,Polymer film,Single polymer/coating,Low_Compatibility,52.5,0.4000000000000001,,0,58.1018,,,,True,20
PREP_009,Coconut chutney,PM012,PVdC-coated PET,Polymer film,Single polymer/coating,Low_Compatibility,52.5,0.4000000000000001,,0,58.1018,,,,True,21
PREP_009,Coconut chutney,PM013,PA6 / Nylon-6,Multilayer laminate/structure,Multilayer,Low_Compatibility,52.5,0.4000000000000001,,0,58.1018,,,,True,22
PREP_009,Coconut chutney,PM014,BOPA / Oriented Nylon,Multilayer laminate/structure,Multilayer,Low_Compatibility,52.5,0.4000000000000001,,0,58.1018,,,,True,23
PREP_009,Coconut chutney,PM016,PVdC,Polymer film,Single polymer/coating,Conditionally_Compatible,52.5,0.4000000000000001,,0,58.1018,,,,True,24
PREP_009,Coconut chutney,PM025,Coated cellulose film,Paper/cellulosic,Paper/film,Conditionally_Compatible,52.5,0.4000000000000001,,0,58.1018,,,,True,25
PREP_009,Coconut chutney,PM015,EVOH,Polymer film,Single polymer/coating,Low_Compatibility,43.75,0.4000000000000001,,0,50.7515,,,,True,26
PREP_009,Coconut chutney,PM017,PVC rigid,Polymer film,Single polymer/coating,Low_Compatibility,43.75,0.4000000000000001,,0,50.7515,,,,True,27
PREP_009,Coconut chutney,PM020,HIPS,Polymer film,Single polymer/coating,Low_Compatibility,43.75,0.4000000000000001,,0,50.7515,,,,True,28
PREP_009,Coconut chutney,PM022,PLA,Biodegradable polymer,Polymer film,Low_Compatibility,43.75,0.4000000000000001,,0,50.7515,,,,True,29
PREP_009,Coconut chutney,PM023,PHA,Biodegradable polymer,Polymer film,Low_Compatibility,43.75,0.4000000000000001,,0,50.7515,,,,True,30
PREP_009,Coconut chutney,PM027,Coated paper,Paper/cellulosic,Paper/film,Low_Compatibility,43.75,0.4000000000000001,,0,50.7515,,,,True,31
PREP_009,Coconut chutney,PM029,Aluminum foil,Metal,Rigid/foil metal,Low_Compatibility,43.75,0.4000000000000001,,0,50.7515,,,,True,32
PREP_009,Coconut chutney,PM018,PVC plasticized,Polymer film,Single polymer/coating,Low_Compatibility,43.34,0.3000000000000001,,0,49.4071,,,,True,33
PREP_009,Coconut chutney,PM019,PS,Polymer film,Single polymer/coating,Low_Compatibility,35.0,0.4000000000000001,,0,43.4012,,,,True,34
PREP_009,Coconut chutney,PM026,Kraft paper,Paper/cellulosic,Paper/film,Low_Compatibility,35.0,0.4000000000000001,,0,43.4012,,,,True,35
PREP_009,Coconut chutney,PM028,Glassine paper,Paper/cellulosic,Paper/film,Low_Compatibility,35.0,0.4000000000000001,,0,43.4012,,,,True,36
PREP_009,Coconut chutney,PM024,Cellulose film,Paper/cellulosic,Paper/film,Low_Compatibility,32.5,0.3000000000000001,,0,40.3011,,,,True,37
PREP_009,Coconut chutney,PM030,Tinplate steel,Metal,Rigid/foil metal,Low_Compatibility,32.5,0.3000000000000001,,0,40.3011,,,,True,38
PREP_009,Coconut chutney,PM040,Breathable cellulose film,Fresh-produce breathable film,Breathable film,Low_Compatibility,32.5,0.3000000000000001,,0,40.3011,,,,True,39
PREP_009,Coconut chutney,PM021,EPS,Polymer film,Single polymer/coating,Low_Compatibility,17.5,0.4000000000000001,,0,28.7006,,,,True,40
SEA_002,Cod,PM002,LLDPE,Polymer film,Single polymer/coating,Conditionally_Compatible,72.22,0.4444444444444445,,0,75.1117,,,,True,1
SEA_002,Cod,PM003,MDPE,Polymer film,Single polymer/coating,Conditionally_Compatible,72.22,0.4444444444444445,,0,75.1117,,,,True,2
SEA_002,Cod,PM006,CPP,Polymer film,Single polymer/coating,Conditionally_Compatible,72.22,0.4444444444444445,,0,75.1117,,,,True,3
SEA_002,Cod,PM031,PET/PE laminate,Multilayer laminate/structure,Multilayer,Conditionally_Compatible,72.22,0.4444444444444445,,0,75.1117,,,,True,4
SEA_002,Cod,PM032,PA/PE laminate,Multilayer laminate/structure,Multilayer,Conditionally_Compatible,72.22,0.4444444444444445,,0,75.1117,,,,True,5
SEA_002,Cod,PM033,PET/CPP laminate,Multilayer laminate/structure,Multilayer,Conditionally_Compatible,72.22,0.4444444444444445,,0,75.1117,,,,True,6
SEA_002,Cod,PM037,BOPP/CPP laminate,Multilayer laminate/structure,Multilayer,Conditionally_Compatible,72.22,0.4444444444444445,,0,75.1117,,,,True,7
SEA_002,Cod,PM039,Micro-perforated PP film,Fresh-produce breathable film,Perforated film,Conditionally_Compatible,72.22,0.4444444444444445,,0,75.1117,,,,True,8
SEA_002,Cod,PM001,LDPE,Polymer film,Single polymer/coating,Conditionally_Compatible,63.19,0.4444444444444445,,0,67.5262,,,,True,9
SEA_002,Cod,PM004,HDPE,Polymer film,Single polymer/coating,Conditionally_Compatible,63.19,0.4444444444444445,,0,67.5262,,,,True,10
SEA_002,Cod,PM005,PP,Polymer film,Single polymer/coating,Conditionally_Compatible,63.19,0.4444444444444445,,0,67.5262,,,,True,11
SEA_002,Cod,PM034,PET/Al/PE laminate,Multilayer laminate/structure,Multilayer,Conditionally_Compatible,63.19,0.4444444444444445,,0,67.5262,,,,True,12
SEA_002,Cod,PM035,PET/EVOH/PE laminate,Multilayer laminate/structure,Multilayer,Conditionally_Compatible,63.19,0.4444444444444445,,0,67.5262,,,,True,13
SEA_002,Cod,PM038,Micro-perforated PE film,Fresh-produce breathable film,Perforated film,Conditionally_Compatible,63.19,0.4444444444444445,,0,67.5262,,,,True,14
SEA_002,Cod,PM036,PE/PA/EVOH/PE laminate,Multilayer laminate/structure,Multilayer,Conditionally_Compatible,55.55,0.3333333333333334,,0,59.9972,,,,True,15
SEA_002,Cod,PM007,BOPP,Polymer film,Single polymer/coating,Low_Compatibility,54.17,0.4444444444444445,,0,59.9491,,,,True,16
SEA_002,Cod,PM008,Metallized BOPP,Polymer film,Single polymer/coating,Low_Compatibility,54.17,0.4444444444444445,,0,59.9491,,,,True,17
SEA_002,Cod,PM009,PET,Polymer film,Single polymer/coating,Low_Compatibility,54.17,0.4444444444444445,,0,59.9491,,,,True,18
SEA_002,Cod,PM010,BOPET,Polymer film,Single polymer/coating,Low_Compatibility,54.17,0.4444444444444445,,0,59.9491,,,,True,19
SEA_002,Cod,PM011,Metallized PET,Polymer film,Single polymer/coating,Low_Compatibility,54.17,0.4444444444444445,,0,59.9491,,,,True,20
SEA_002,Cod,PM012,PVdC-coated PET,Polymer film,Single polymer/coating,Low_Compatibility,54.17,0.4444444444444445,,0,59.9491,,,,True,21
SEA_002,Cod,PM013,PA6 / Nylon-6,Multilayer laminate/structure,Multilayer,Low_Compatibility,54.17,0.4444444444444445,,0,59.9491,,,,True,22
SEA_002,Cod,PM014,BOPA / Oriented Nylon,Multilayer laminate/structure,Multilayer,Low_Compatibility,54.17,0.4444444444444445,,0,59.9491,,,,True,23
SEA_002,Cod,PM016,PVdC,Polymer film,Single polymer/coating,Conditionally_Compatible,54.17,0.4444444444444445,,0,59.9491,,,,True,24
SEA_002,Cod,PM025,Coated cellulose film,Paper/cellulosic,Paper/film,Conditionally_Compatible,54.17,0.4444444444444445,,0,59.9491,,,,True,25
SEA_002,Cod,PM015,EVOH,Polymer film,Single polymer/coating,Low_Compatibility,45.14,0.4444444444444445,,0,52.3636,,,,True,26
SEA_002,Cod,PM017,PVC rigid,Polymer film,Single polymer/coating,Low_Compatibility,45.14,0.4444444444444445,,0,52.3636,,,,True,27
SEA_002,Cod,PM020,HIPS,Polymer film,Single polymer/coating,Low_Compatibility,45.14,0.4444444444444445,,0,52.3636,,,,True,28
SEA_002,Cod,PM022,PLA,Biodegradable polymer,Polymer film,Low_Compatibility,45.14,0.4444444444444445,,0,52.3636,,,,True,29
SEA_002,Cod,PM023,PHA,Biodegradable polymer,Polymer film,Low_Compatibility,45.14,0.4444444444444445,,0,52.3636,,,,True,30
SEA_002,Cod,PM027,Coated paper,Paper/cellulosic,Paper/film,Low_Compatibility,45.14,0.4444444444444445,,0,52.3636,,,,True,31
SEA_002,Cod,PM029,Aluminum foil,Metal,Rigid/foil metal,Low_Compatibility,45.14,0.4444444444444445,,0,52.3636,,,,True,32
SEA_002,Cod,PM018,PVC plasticized,Polymer film,Single polymer/coating,Low_Compatibility,44.45,0.3333333333333334,,0,50.6728,,,,True,33
SEA_002,Cod,PM019,PS,Polymer film,Single polymer/coating,Low_Compatibility,36.11,0.4444444444444445,,0,44.7781,,,,True,34
SEA_002,Cod,PM026,Kraft paper,Paper/cellulosic,Paper/film,Low_Compatibility,36.11,0.4444444444444445,,0,44.7781,,,,True,35
SEA_002,Cod,PM028,Glassine paper,Paper/cellulosic,Paper/film,Low_Compatibility,36.11,0.4444444444444445,,0,44.7781,,,,True,36
SEA_002,Cod,PM024,Cellulose film,Paper/cellulosic,Paper/film,Low_Compatibility,33.33,0.3333333333333334,,0,41.3317,,,,True,37
SEA_002,Cod,PM030,Tinplate steel,Metal,Rigid/foil metal,Low_Compatibility,33.33,0.3333333333333334,,0,41.3317,,,,True,38
SEA_002,Cod,PM040,Breathable cellulose film,Fresh-produce breathable film,Breathable film,Low_Compatibility,33.33,0.3333333333333334,,0,41.3317,,,,True,39
SEA_002,Cod,PM021,EPS,Polymer film,Single polymer/coating,Low_Compatibility,18.06,0.4444444444444445,,0,29.6155,,,,True,40
SEA_005,Crab,PM002,LLDPE,Polymer film,Single polymer/coating,Conditionally_Compatible,72.22,0.4444444444444445,,0,75.1117,,,,True,1
SEA_005,Crab,PM003,MDPE,Polymer film,Single polymer/coating,Conditionally_Compatible,72.22,0.4444444444444445,,0,75.1117,,,,True,2
SEA_005,Crab,PM006,CPP,Polymer film,Single polymer/coating,Conditionally_Compatible,72.22,0.4444444444444445,,0,75.1117,,,,True,3
SEA_005,Crab,PM031,PET/PE laminate,Multilayer laminate/structure,Multilayer,Conditionally_Compatible,72.22,0.4444444444444445,,0,75.1117,,,,True,4
SEA_005,Crab,PM032,PA/PE laminate,Multilayer laminate/structure,Multilayer,Conditionally_Compatible,72.22,0.4444444444444445,,0,75.1117,,,,True,5
SEA_005,Crab,PM033,PET/CPP laminate,Multilayer laminate/structure,Multilayer,Conditionally_Compatible,72.22,0.4444444444444445,,0,75.1117,,,,True,6
SEA_005,Crab,PM037,BOPP/CPP laminate,Multilayer laminate/structure,Multilayer,Conditionally_Compatible,72.22,0.4444444444444445,,0,75.1117,,,,True,7
SEA_005,Crab,PM039,Micro-perforated PP film,Fresh-produce breathable film,Perforated film,Conditionally_Compatible,72.22,0.4444444444444445,,0,75.1117,,,,True,8
SEA_005,Crab,PM001,LDPE,Polymer film,Single polymer/coating,Conditionally_Compatible,63.19,0.4444444444444445,,0,67.5262,,,,True,9
SEA_005,Crab,PM004,HDPE,Polymer film,Single polymer/coating,Conditionally_Compatible,63.19,0.4444444444444445,,0,67.5262,,,,True,10
SEA_005,Crab,PM005,PP,Polymer film,Single polymer/coating,Conditionally_Compatible,63.19,0.4444444444444445,,0,67.5262,,,,True,11
SEA_005,Crab,PM034,PET/Al/PE laminate,Multilayer laminate/structure,Multilayer,Conditionally_Compatible,63.19,0.4444444444444445,,0,67.5262,,,,True,12
SEA_005,Crab,PM035,PET/EVOH/PE laminate,Multilayer laminate/structure,Multilayer,Conditionally_Compatible,63.19,0.4444444444444445,,0,67.5262,,,,True,13
SEA_005,Crab,PM038,Micro-perforated PE film,Fresh-produce breathable film,Perforated film,Conditionally_Compatible,63.19,0.4444444444444445,,0,67.5262,,,,True,14
SEA_005,Crab,PM036,PE/PA/EVOH/PE laminate,Multilayer laminate/structure,Multilayer,Conditionally_Compatible,55.55,0.3333333333333334,,0,59.9972,,,,True,15
SEA_005,Crab,PM007,BOPP,Polymer film,Single polymer/coating,Low_Compatibility,54.17,0.4444444444444445,,0,59.9491,,,,True,16
SEA_005,Crab,PM008,Metallized BOPP,Polymer film,Single polymer/coating,Low_Compatibility,54.17,0.4444444444444445,,0,59.9491,,,,True,17
SEA_005,Crab,PM009,PET,Polymer film,Single polymer/coating,Low_Compatibility,54.17,0.4444444444444445,,0,59.9491,,,,True,18
SEA_005,Crab,PM010,BOPET,Polymer film,Single polymer/coating,Low_Compatibility,54.17,0.4444444444444445,,0,59.9491,,,,True,19
SEA_005,Crab,PM011,Metallized PET,Polymer film,Single polymer/coating,Low_Compatibility,54.17,0.4444444444444445,,0,59.9491,,,,True,20
SEA_005,Crab,PM012,PVdC-coated PET,Polymer film,Single polymer/coating,Low_Compatibility,54.17,0.4444444444444445,,0,59.9491,,,,True,21
SEA_005,Crab,PM013,PA6 / Nylon-6,Multilayer laminate/structure,Multilayer,Low_Compatibility,54.17,0.4444444444444445,,0,59.9491,,,,True,22
SEA_005,Crab,PM014,BOPA / Oriented Nylon,Multilayer laminate/structure,Multilayer,Low_Compatibility,54.17,0.4444444444444445,,0,59.9491,,,,True,23
SEA_005,Crab,PM016,PVdC,Polymer film,Single polymer/coating,Conditionally_Compatible,54.17,0.4444444444444445,,0,59.9491,,,,True,24
SEA_005,Crab,PM025,Coated cellulose film,Paper/cellulosic,Paper/film,Conditionally_Compatible,54.17,0.4444444444444445,,0,59.9491,,,,True,25
SEA_005,Crab,PM015,EVOH,Polymer film,Single polymer/coating,Low_Compatibility,45.14,0.4444444444444445,,0,52.3636,,,,True,26
SEA_005,Crab,PM017,PVC rigid,Polymer film,Single polymer/coating,Low_Compatibility,45.14,0.4444444444444445,,0,52.3636,,,,True,27
SEA_005,Crab,PM020,HIPS,Polymer film,Single polymer/coating,Low_Compatibility,45.14,0.4444444444444445,,0,52.3636,,,,True,28
SEA_005,Crab,PM022,PLA,Biodegradable polymer,Polymer film,Low_Compatibility,45.14,0.4444444444444445,,0,52.3636,,,,True,29
SEA_005,Crab,PM023,PHA,Biodegradable polymer,Polymer film,Low_Compatibility,45.14,0.4444444444444445,,0,52.3636,,,,True,30
SEA_005,Crab,PM027,Coated paper,Paper/cellulosic,Paper/film,Low_Compatibility,45.14,0.4444444444444445,,0,52.3636,,,,True,31
SEA_005,Crab,PM029,Aluminum foil,Metal,Rigid/foil metal,Low_Compatibility,45.14,0.4444444444444445,,0,52.3636,,,,True,32
SEA_005,Crab,PM018,PVC plasticized,Polymer film,Single polymer/coating,Low_Compatibility,44.45,0.3333333333333334,,0,50.6728,,,,True,33
SEA_005,Crab,PM019,PS,Polymer film,Single polymer/coating,Low_Compatibility,36.11,0.4444444444444445,,0,44.7781,,,,True,34
SEA_005,Crab,PM026,Kraft paper,Paper/cellulosic,Paper/film,Low_Compatibility,36.11,0.4444444444444445,,0,44.7781,,,,True,35
SEA_005,Crab,PM028,Glassine paper,Paper/cellulosic,Paper/film,Low_Compatibility,36.11,0.4444444444444445,,0,44.7781,,,,True,36
SEA_005,Crab,PM024,Cellulose film,Paper/cellulosic,Paper/film,Low_Compatibility,33.33,0.3333333333333334,,0,41.3317,,,,True,37
SEA_005,Crab,PM030,Tinplate steel,Metal,Rigid/foil metal,Low_Compatibility,33.33,0.3333333333333334,,0,41.3317,,,,True,38
SEA_005,Crab,PM040,Breathable cellulose film,Fresh-produce breathable film,Breathable film,Low_Compatibility,33.33,0.3333333333333334,,0,41.3317,,,,True,39
SEA_005,Crab,PM021,EPS,Polymer film,Single polymer/coating,Low_Compatibility,18.06,0.4444444444444445,,0,29.6155,,,,True,40
VEG_010,Cucumber,PM001,LDPE,Polymer film,Single polymer/coating,Compatible,83.33,0.6666666666666666,,0,86.6667,,,,True,1
VEG_010,Cucumber,PM002,LLDPE,Polymer film,Single polymer/coating,Compatible,83.33,0.6666666666666666,,0,86.6667,,,,True,2
VEG_010,Cucumber,PM003,MDPE,Polymer film,Single polymer/coating,Compatible,83.33,0.6666666666666666,,0,86.6667,,,,True,3
VEG_010,Cucumber,PM004,HDPE,Polymer film,Single polymer/coating,Compatible,83.33,0.6666666666666666,,0,86.6667,,,,True,4
VEG_010,Cucumber,PM005,PP,Polymer film,Single polymer/coating,Compatible,83.33,0.6666666666666666,,0,86.6667,,,,True,5
VEG_010,Cucumber,PM006,CPP,Polymer film,Single polymer/coating,Compatible,83.33,0.6666666666666666,,0,86.6667,,,,True,6
VEG_010,Cucumber,PM007,BOPP,Polymer film,Single polymer/coating,Compatible,83.33,0.6666666666666666,,0,86.6667,,,,True,7
VEG_010,Cucumber,PM009,PET,Polymer film,Single polymer/coating,Compatible,83.33,0.6666666666666666,,0,86.6667,,,,True,8
VEG_010,Cucumber,PM010,BOPET,Polymer film,Single polymer/coating,Compatible,83.33,0.6666666666666666,,0,86.6667,,,,True,9
VEG_010,Cucumber,PM013,PA6 / Nylon-6,Multilayer laminate/structure,Multilayer,Compatible,83.33,0.6666666666666666,,0,86.6667,,,,True,10
VEG_010,Cucumber,PM014,BOPA / Oriented Nylon,Multilayer laminate/structure,Multilayer,Compatible,83.33,0.6666666666666666,,0,86.6667,,,,True,11
VEG_010,Cucumber,PM017,PVC rigid,Polymer film,Single polymer/coating,Compatible,83.33,0.6666666666666666,,0,86.6667,,,,True,12
VEG_010,Cucumber,PM018,PVC plasticized,Polymer film,Single polymer/coating,Compatible,83.33,0.6666666666666666,,0,86.6667,,,,True,13
VEG_010,Cucumber,PM019,PS,Polymer film,Single polymer/coating,Compatible,83.33,0.6666666666666666,,0,86.6667,,,,True,14
VEG_010,Cucumber,PM020,HIPS,Polymer film,Single polymer/coating,Compatible,83.33,0.6666666666666666,,0,86.6667,,,,True,15
VEG_010,Cucumber,PM021,EPS,Polymer film,Single polymer/coating,Compatible,83.33,0.6666666666666666,,0,86.6667,,,,True,16
VEG_010,Cucumber,PM022,PLA,Biodegradable polymer,Polymer film,Compatible,83.33,0.6666666666666666,,0,86.6667,,,,True,17
VEG_010,Cucumber,PM023,PHA,Biodegradable polymer,Polymer film,Compatible,83.33,0.6666666666666666,,0,86.6667,,,,True,18
VEG_010,Cucumber,PM024,Cellulose film,Paper/cellulosic,Paper/film,Compatible,83.33,0.6666666666666666,,0,86.6667,,,,True,19
VEG_010,Cucumber,PM025,Coated cellulose film,Paper/cellulosic,Paper/film,Compatible,83.33,0.6666666666666666,,0,86.6667,,,,True,20
VEG_010,Cucumber,PM026,Kraft paper,Paper/cellulosic,Paper/film,Compatible,83.33,0.6666666666666666,,0,86.6667,,,,True,21
VEG_010,Cucumber,PM027,Coated paper,Paper/cellulosic,Paper/film,Compatible,83.33,0.6666666666666666,,0,86.6667,,,,True,22
VEG_010,Cucumber,PM028,Glassine paper,Paper/cellulosic,Paper/film,Compatible,83.33,0.6666666666666666,,0,86.6667,,,,True,23
VEG_010,Cucumber,PM031,PET/PE laminate,Multilayer laminate/structure,Multilayer,Compatible,83.33,0.6666666666666666,,0,86.6667,,,,True,24
VEG_010,Cucumber,PM033,PET/CPP laminate,Multilayer laminate/structure,Multilayer,Compatible,83.33,0.6666666666666666,,0,86.6667,,,,True,25
VEG_010,Cucumber,PM037,BOPP/CPP laminate,Multilayer laminate/structure,Multilayer,Compatible,83.33,0.6666666666666666,,0,86.6667,,,,True,26
VEG_010,Cucumber,PM038,Micro-perforated PE film,Fresh-produce breathable film,Perforated film,Compatible,83.33,0.6666666666666666,,0,86.6667,,,,True,27
VEG_010,Cucumber,PM039,Micro-perforated PP film,Fresh-produce breathable film,Perforated film,Compatible,83.33,0.6666666666666666,,0,86.6667,,,,True,28
VEG_010,Cucumber,PM040,Breathable cellulose film,Fresh-produce breathable film,Breathable film,Compatible,83.33,0.6666666666666666,,0,86.6667,,,,True,29
VEG_010,Cucumber,PM008,Metallized BOPP,Polymer film,Single polymer/coating,Low_Compatibility,41.67,0.6666666666666666,,0,51.6709,,,,True,30
VEG_010,Cucumber,PM011,Metallized PET,Polymer film,Single polymer/coating,Low_Compatibility,41.67,0.6666666666666666,,0,51.6709,,,,True,31
VEG_010,Cucumber,PM012,PVdC-coated PET,Polymer film,Single polymer/coating,Low_Compatibility,41.67,0.6666666666666666,,0,51.6709,,,,True,32
VEG_010,Cucumber,PM016,PVdC,Polymer film,Single polymer/coating,Low_Compatibility,41.67,0.6666666666666666,,0,51.6709,,,,True,33
VEG_010,Cucumber,PM032,PA/PE laminate,Multilayer laminate/structure,Multilayer,Low_Compatibility,41.67,0.6666666666666666,,0,51.6709,,,,True,34
VEG_010,Cucumber,PM029,Aluminum foil,Metal,Rigid/foil metal,Low_Compatibility,0.0,0.6666666666666666,,0,16.6667,,,,True,35
VEG_010,Cucumber,PM030,Tinplate steel,Metal,Rigid/foil metal,Low_Compatibility,0.0,0.6666666666666666,,0,16.6667,,,,True,36
VEG_010,Cucumber,PM034,PET/Al/PE laminate,Multilayer laminate/structure,Multilayer,Low_Compatibility,0.0,0.6666666666666666,,0,16.6667,,,,True,37
VEG_010,Cucumber,PM035,PET/EVOH/PE laminate,Multilayer laminate/structure,Multilayer,Low_Compatibility,0.0,0.6666666666666666,,0,16.6667,,,,True,38
VEG_010,Cucumber,PM036,PE/PA/EVOH/PE laminate,Multilayer laminate/structure,Multilayer,Low_Compatibility,0.0,0.6666666666666666,,0,16.6667,,,,True,39
VEG_010,Cucumber,PM015,EVOH,Polymer film,Single polymer/coating,Insufficient_Evidence,,0.0,,0,,,,Excluded from recommendation pool because deterministic evidence is insufficient,False,40
PREP_012,Curd rice,PM001,LDPE,Polymer film,Single polymer/coating,Conditionally_Compatible,70.0,0.4000000000000001,,0,72.8024,,,,True,1
PREP_012,Curd rice,PM002,LLDPE,Polymer film,Single polymer/coating,Conditionally_Compatible,70.0,0.4000000000000001,,0,72.8024,,,,True,2
PREP_012,Curd rice,PM003,MDPE,Polymer film,Single polymer/coating,Conditionally_Compatible,70.0,0.4000000000000001,,0,72.8024,,,,True,3
PREP_012,Curd rice,PM004,HDPE,Polymer film,Single polymer/coating,Conditionally_Compatible,70.0,0.4000000000000001,,0,72.8024,,,,True,4
PREP_012,Curd rice,PM005,PP,Polymer film,Single polymer/coating,Conditionally_Compatible,70.0,0.4000000000000001,,0,72.8024,,,,True,5
PREP_012,Curd rice,PM006,CPP,Polymer film,Single polymer/coating,Conditionally_Compatible,70.0,0.4000000000000001,,0,72.8024,,,,True,6
PREP_012,Curd rice,PM016,PVdC,Polymer film,Single polymer/coating,Conditionally_Compatible,70.0,0.4000000000000001,,0,72.8024,,,,True,7
PREP_012,Curd rice,PM025,Coated cellulose film,Paper/cellulosic,Paper/film,Conditionally_Compatible,70.0,0.4000000000000001,,0,72.8024,,,,True,8
PREP_012,Curd rice,PM031,PET/PE laminate,Multilayer laminate/structure,Multilayer,Conditionally_Compatible,70.0,0.4000000000000001,,0,72.8024,,,,True,9
PREP_012,Curd rice,PM032,PA/PE laminate,Multilayer laminate/structure,Multilayer,Conditionally_Compatible,70.0,0.4000000000000001,,0,72.8024,,,,True,10
PREP_012,Curd rice,PM033,PET/CPP laminate,Multilayer laminate/structure,Multilayer,Conditionally_Compatible,70.0,0.4000000000000001,,0,72.8024,,,,True,11
PREP_012,Curd rice,PM037,BOPP/CPP laminate,Multilayer laminate/structure,Multilayer,Conditionally_Compatible,70.0,0.4000000000000001,,0,72.8024,,,,True,12
PREP_012,Curd rice,PM038,Micro-perforated PE film,Fresh-produce breathable film,Perforated film,Conditionally_Compatible,70.0,0.4000000000000001,,0,72.8024,,,,True,13
PREP_012,Curd rice,PM039,Micro-perforated PP film,Fresh-produce breathable film,Perforated film,Conditionally_Compatible,70.0,0.4000000000000001,,0,72.8024,,,,True,14
PREP_012,Curd rice,PM017,PVC rigid,Polymer film,Single polymer/coating,Conditionally_Compatible,61.25,0.4000000000000001,,0,65.4521,,,,True,15
PREP_012,Curd rice,PM020,HIPS,Polymer film,Single polymer/coating,Conditionally_Compatible,61.25,0.4000000000000001,,0,65.4521,,,,True,16
PREP_012,Curd rice,PM022,PLA,Biodegradable polymer,Polymer film,Conditionally_Compatible,61.25,0.4000000000000001,,0,65.4521,,,,True,17
PREP_012,Curd rice,PM023,PHA,Biodegradable polymer,Polymer film,Conditionally_Compatible,61.25,0.4000000000000001,,0,65.4521,,,,True,18
PREP_012,Curd rice,PM034,PET/Al/PE laminate,Multilayer laminate/structure,Multilayer,Conditionally_Compatible,61.25,0.4000000000000001,,0,65.4521,,,,True,19
PREP_012,Curd rice,PM035,PET/EVOH/PE laminate,Multilayer laminate/structure,Multilayer,Conditionally_Compatible,61.25,0.4000000000000001,,0,65.4521,,,,True,20
PREP_012,Curd rice,PM018,PVC plasticized,Polymer film,Single polymer/coating,Conditionally_Compatible,54.16,0.3000000000000001,,0,58.4962,,,,True,21
PREP_012,Curd rice,PM036,PE/PA/EVOH/PE laminate,Multilayer laminate/structure,Multilayer,Conditionally_Compatible,54.16,0.3000000000000001,,0,58.4962,,,,True,22
PREP_012,Curd rice,PM007,BOPP,Polymer film,Single polymer/coating,Low_Compatibility,52.5,0.4000000000000001,,0,58.1018,,,,True,23
PREP_012,Curd rice,PM008,Metallized BOPP,Polymer film,Single polymer/coating,Low_Compatibility,52.5,0.4000000000000001,,0,58.1018,,,,True,24
PREP_012,Curd rice,PM009,PET,Polymer film,Single polymer/coating,Low_Compatibility,52.5,0.4000000000000001,,0,58.1018,,,,True,25
PREP_012,Curd rice,PM010,BOPET,Polymer film,Single polymer/coating,Low_Compatibility,52.5,0.4000000000000001,,0,58.1018,,,,True,26
PREP_012,Curd rice,PM011,Metallized PET,Polymer film,Single polymer/coating,Low_Compatibility,52.5,0.4000000000000001,,0,58.1018,,,,True,27
PREP_012,Curd rice,PM012,PVdC-coated PET,Polymer film,Single polymer/coating,Low_Compatibility,52.5,0.4000000000000001,,0,58.1018,,,,True,28
PREP_012,Curd rice,PM013,PA6 / Nylon-6,Multilayer laminate/structure,Multilayer,Low_Compatibility,52.5,0.4000000000000001,,0,58.1018,,,,True,29
PREP_012,Curd rice,PM014,BOPA / Oriented Nylon,Multilayer laminate/structure,Multilayer,Low_Compatibility,52.5,0.4000000000000001,,0,58.1018,,,,True,30
PREP_012,Curd rice,PM015,EVOH,Polymer film,Single polymer/coating,Low_Compatibility,52.5,0.4000000000000001,,0,58.1018,,,,True,31
PREP_012,Curd rice,PM019,PS,Polymer film,Single polymer/coating,Conditionally_Compatible,52.5,0.4000000000000001,,0,58.1018,,,,True,32
PREP_012,Curd rice,PM027,Coated paper,Paper/cellulosic,Paper/film,Low_Compatibility,43.75,0.4000000000000001,,0,50.7515,,,,True,33
PREP_012,Curd rice,PM028,Glassine paper,Paper/cellulosic,Paper/film,Low_Compatibility,43.75,0.4000000000000001,,0,50.7515,,,,True,34
PREP_012,Curd rice,PM029,Aluminum foil,Metal,Rigid/foil metal,Low_Compatibility,43.75,0.4000000000000001,,0,50.7515,,,,True,35
PREP_012,Curd rice,PM026,Kraft paper,Paper/cellulosic,Paper/film,Low_Compatibility,35.0,0.4000000000000001,,0,43.4012,,,,True,36
PREP_012,Curd rice,PM024,Cellulose film,Paper/cellulosic,Paper/film,Low_Compatibility,32.5,0.3000000000000001,,0,40.3011,,,,True,37
PREP_012,Curd rice,PM030,Tinplate steel,Metal,Rigid/foil metal,Low_Compatibility,32.5,0.3000000000000001,,0,40.3011,,,,True,38
PREP_012,Curd rice,PM040,Breathable cellulose film,Fresh-produce breathable film,Breathable film,Low_Compatibility,32.5,0.3000000000000001,,0,40.3011,,,,True,39
PREP_012,Curd rice,PM021,EPS,Polymer film,Single polymer/coating,Low_Compatibility,26.25,0.4000000000000001,,0,36.0509,,,,True,40
PREP_032,Cutlet,PM001,LDPE,Polymer film,Single polymer/coating,Conditionally_Compatible,70.0,0.4000000000000001,,0,72.8024,,,,True,1
PREP_032,Cutlet,PM002,LLDPE,Polymer film,Single polymer/coating,Conditionally_Compatible,70.0,0.4000000000000001,,0,72.8024,,,,True,2
PREP_032,Cutlet,PM003,MDPE,Polymer film,Single polymer/coating,Conditionally_Compatible,70.0,0.4000000000000001,,0,72.8024,,,,True,3
PREP_032,Cutlet,PM004,HDPE,Polymer film,Single polymer/coating,Conditionally_Compatible,70.0,0.4000000000000001,,0,72.8024,,,,True,4
PREP_032,Cutlet,PM005,PP,Polymer film,Single polymer/coating,Conditionally_Compatible,70.0,0.4000000000000001,,0,72.8024,,,,True,5
PREP_032,Cutlet,PM006,CPP,Polymer film,Single polymer/coating,Conditionally_Compatible,70.0,0.4000000000000001,,0,72.8024,,,,True,6
PREP_032,Cutlet,PM016,PVdC,Polymer film,Single polymer/coating,Conditionally_Compatible,70.0,0.4000000000000001,,0,72.8024,,,,True,7
PREP_032,Cutlet,PM025,Coated cellulose film,Paper/cellulosic,Paper/film,Conditionally_Compatible,70.0,0.4000000000000001,,0,72.8024,,,,True,8
PREP_032,Cutlet,PM031,PET/PE laminate,Multilayer laminate/structure,Multilayer,Conditionally_Compatible,70.0,0.4000000000000001,,0,72.8024,,,,True,9
PREP_032,Cutlet,PM032,PA/PE laminate,Multilayer laminate/structure,Multilayer,Conditionally_Compatible,70.0,0.4000000000000001,,0,72.8024,,,,True,10
PREP_032,Cutlet,PM033,PET/CPP laminate,Multilayer laminate/structure,Multilayer,Conditionally_Compatible,70.0,0.4000000000000001,,0,72.8024,,,,True,11
PREP_032,Cutlet,PM037,BOPP/CPP laminate,Multilayer laminate/structure,Multilayer,Conditionally_Compatible,70.0,0.4000000000000001,,0,72.8024,,,,True,12
PREP_032,Cutlet,PM038,Micro-perforated PE film,Fresh-produce breathable film,Perforated film,Conditionally_Compatible,70.0,0.4000000000000001,,0,72.8024,,,,True,13
PREP_032,Cutlet,PM039,Micro-perforated PP film,Fresh-produce breathable film,Perforated film,Conditionally_Compatible,70.0,0.4000000000000001,,0,72.8024,,,,True,14
PREP_032,Cutlet,PM017,PVC rigid,Polymer film,Single polymer/coating,Conditionally_Compatible,61.25,0.4000000000000001,,0,65.4521,,,,True,15
PREP_032,Cutlet,PM020,HIPS,Polymer film,Single polymer/coating,Conditionally_Compatible,61.25,0.4000000000000001,,0,65.4521,,,,True,16
PREP_032,Cutlet,PM022,PLA,Biodegradable polymer,Polymer film,Conditionally_Compatible,61.25,0.4000000000000001,,0,65.4521,,,,True,17
PREP_032,Cutlet,PM023,PHA,Biodegradable polymer,Polymer film,Conditionally_Compatible,61.25,0.4000000000000001,,0,65.4521,,,,True,18
PREP_032,Cutlet,PM034,PET/Al/PE laminate,Multilayer laminate/structure,Multilayer,Conditionally_Compatible,61.25,0.4000000000000001,,0,65.4521,,,,True,19
PREP_032,Cutlet,PM035,PET/EVOH/PE laminate,Multilayer laminate/structure,Multilayer,Conditionally_Compatible,61.25,0.4000000000000001,,0,65.4521,,,,True,20
PREP_032,Cutlet,PM018,PVC plasticized,Polymer film,Single polymer/coating,Conditionally_Compatible,54.16,0.3000000000000001,,0,58.4962,,,,True,21
PREP_032,Cutlet,PM036,PE/PA/EVOH/PE laminate,Multilayer laminate/structure,Multilayer,Conditionally_Compatible,54.16,0.3000000000000001,,0,58.4962,,,,True,22
PREP_032,Cutlet,PM007,BOPP,Polymer film,Single polymer/coating,Low_Compatibility,52.5,0.4000000000000001,,0,58.1018,,,,True,23
PREP_032,Cutlet,PM008,Metallized BOPP,Polymer film,Single polymer/coating,Low_Compatibility,52.5,0.4000000000000001,,0,58.1018,,,,True,24
PREP_032,Cutlet,PM009,PET,Polymer film,Single polymer/coating,Low_Compatibility,52.5,0.4000000000000001,,0,58.1018,,,,True,25
PREP_032,Cutlet,PM010,BOPET,Polymer film,Single polymer/coating,Low_Compatibility,52.5,0.4000000000000001,,0,58.1018,,,,True,26
PREP_032,Cutlet,PM011,Metallized PET,Polymer film,Single polymer/coating,Low_Compatibility,52.5,0.4000000000000001,,0,58.1018,,,,True,27
PREP_032,Cutlet,PM012,PVdC-coated PET,Polymer film,Single polymer/coating,Low_Compatibility,52.5,0.4000000000000001,,0,58.1018,,,,True,28
PREP_032,Cutlet,PM013,PA6 / Nylon-6,Multilayer laminate/structure,Multilayer,Low_Compatibility,52.5,0.4000000000000001,,0,58.1018,,,,True,29
PREP_032,Cutlet,PM014,BOPA / Oriented Nylon,Multilayer laminate/structure,Multilayer,Low_Compatibility,52.5,0.4000000000000001,,0,58.1018,,,,True,30
PREP_032,Cutlet,PM015,EVOH,Polymer film,Single polymer/coating,Low_Compatibility,52.5,0.4000000000000001,,0,58.1018,,,,True,31
PREP_032,Cutlet,PM019,PS,Polymer film,Single polymer/coating,Conditionally_Compatible,52.5,0.4000000000000001,,0,58.1018,,,,True,32
PREP_032,Cutlet,PM027,Coated paper,Paper/cellulosic,Paper/film,Low_Compatibility,43.75,0.4000000000000001,,0,50.7515,,,,True,33
PREP_032,Cutlet,PM028,Glassine paper,Paper/cellulosic,Paper/film,Low_Compatibility,43.75,0.4000000000000001,,0,50.7515,,,,True,34
PREP_032,Cutlet,PM029,Aluminum foil,Metal,Rigid/foil metal,Low_Compatibility,43.75,0.4000000000000001,,0,50.7515,,,,True,35
PREP_032,Cutlet,PM026,Kraft paper,Paper/cellulosic,Paper/film,Low_Compatibility,35.0,0.4000000000000001,,0,43.4012,,,,True,36
PREP_032,Cutlet,PM024,Cellulose film,Paper/cellulosic,Paper/film,Low_Compatibility,32.5,0.3000000000000001,,0,40.3011,,,,True,37
PREP_032,Cutlet,PM030,Tinplate steel,Metal,Rigid/foil metal,Low_Compatibility,32.5,0.3000000000000001,,0,40.3011,,,,True,38
PREP_032,Cutlet,PM040,Breathable cellulose film,Fresh-produce breathable film,Breathable film,Low_Compatibility,32.5,0.3000000000000001,,0,40.3011,,,,True,39
PREP_032,Cutlet,PM021,EPS,Polymer film,Single polymer/coating,Low_Compatibility,26.25,0.4000000000000001,,0,36.0509,,,,True,40
PREP_024,Dal,PM002,LLDPE,Polymer film,Single polymer/coating,Conditionally_Compatible,70.0,0.4000000000000001,,0,72.8024,,,,True,1
PREP_024,Dal,PM003,MDPE,Polymer film,Single polymer/coating,Conditionally_Compatible,70.0,0.4000000000000001,,0,72.8024,,,,True,2
PREP_024,Dal,PM006,CPP,Polymer film,Single polymer/coating,Conditionally_Compatible,70.0,0.4000000000000001,,0,72.8024,,,,True,3
PREP_024,Dal,PM031,PET/PE laminate,Multilayer laminate/structure,Multilayer,Conditionally_Compatible,70.0,0.4000000000000001,,0,72.8024,,,,True,4
PREP_024,Dal,PM032,PA/PE laminate,Multilayer laminate/structure,Multilayer,Conditionally_Compatible,70.0,0.4000000000000001,,0,72.8024,,,,True,5
PREP_024,Dal,PM033,PET/CPP laminate,Multilayer laminate/structure,Multilayer,Conditionally_Compatible,70.0,0.4000000000000001,,0,72.8024,,,,True,6
PREP_024,Dal,PM037,BOPP/CPP laminate,Multilayer laminate/structure,Multilayer,Conditionally_Compatible,70.0,0.4000000000000001,,0,72.8024,,,,True,7
PREP_024,Dal,PM039,Micro-perforated PP film,Fresh-produce breathable film,Perforated film,Conditionally_Compatible,70.0,0.4000000000000001,,0,72.8024,,,,True,8
PREP_024,Dal,PM001,LDPE,Polymer film,Single polymer/coating,Conditionally_Compatible,61.25,0.4000000000000001,,0,65.4521,,,,True,9
PREP_024,Dal,PM004,HDPE,Polymer film,Single polymer/coating,Conditionally_Compatible,61.25,0.4000000000000001,,0,65.4521,,,,True,10
PREP_024,Dal,PM005,PP,Polymer film,Single polymer/coating,Conditionally_Compatible,61.25,0.4000000000000001,,0,65.4521,,,,True,11
PREP_024,Dal,PM034,PET/Al/PE laminate,Multilayer laminate/structure,Multilayer,Conditionally_Compatible,61.25,0.4000000000000001,,0,65.4521,,,,True,12
PREP_024,Dal,PM035,PET/EVOH/PE laminate,Multilayer laminate/structure,Multilayer,Conditionally_Compatible,61.25,0.4000000000000001,,0,65.4521,,,,True,13
PREP_024,Dal,PM038,Micro-perforated PE film,Fresh-produce breathable film,Perforated film,Conditionally_Compatible,61.25,0.4000000000000001,,0,65.4521,,,,True,14
PREP_024,Dal,PM036,PE/PA/EVOH/PE laminate,Multilayer laminate/structure,Multilayer,Conditionally_Compatible,54.16,0.3000000000000001,,0,58.4962,,,,True,15
PREP_024,Dal,PM007,BOPP,Polymer film,Single polymer/coating,Low_Compatibility,52.5,0.4000000000000001,,0,58.1018,,,,True,16
PREP_024,Dal,PM008,Metallized BOPP,Polymer film,Single polymer/coating,Low_Compatibility,52.5,0.4000000000000001,,0,58.1018,,,,True,17
PREP_024,Dal,PM009,PET,Polymer film,Single polymer/coating,Low_Compatibility,52.5,0.4000000000000001,,0,58.1018,,,,True,18
PREP_024,Dal,PM010,BOPET,Polymer film,Single polymer/coating,Low_Compatibility,52.5,0.4000000000000001,,0,58.1018,,,,True,19
PREP_024,Dal,PM011,Metallized PET,Polymer film,Single polymer/coating,Low_Compatibility,52.5,0.4000000000000001,,0,58.1018,,,,True,20
PREP_024,Dal,PM012,PVdC-coated PET,Polymer film,Single polymer/coating,Low_Compatibility,52.5,0.4000000000000001,,0,58.1018,,,,True,21
PREP_024,Dal,PM013,PA6 / Nylon-6,Multilayer laminate/structure,Multilayer,Low_Compatibility,52.5,0.4000000000000001,,0,58.1018,,,,True,22
PREP_024,Dal,PM014,BOPA / Oriented Nylon,Multilayer laminate/structure,Multilayer,Low_Compatibility,52.5,0.4000000000000001,,0,58.1018,,,,True,23
PREP_024,Dal,PM016,PVdC,Polymer film,Single polymer/coating,Conditionally_Compatible,52.5,0.4000000000000001,,0,58.1018,,,,True,24
PREP_024,Dal,PM025,Coated cellulose film,Paper/cellulosic,Paper/film,Conditionally_Compatible,52.5,0.4000000000000001,,0,58.1018,,,,True,25
PREP_024,Dal,PM015,EVOH,Polymer film,Single polymer/coating,Low_Compatibility,43.75,0.4000000000000001,,0,50.7515,,,,True,26
PREP_024,Dal,PM017,PVC rigid,Polymer film,Single polymer/coating,Low_Compatibility,43.75,0.4000000000000001,,0,50.7515,,,,True,27
PREP_024,Dal,PM020,HIPS,Polymer film,Single polymer/coating,Low_Compatibility,43.75,0.4000000000000001,,0,50.7515,,,,True,28
PREP_024,Dal,PM022,PLA,Biodegradable polymer,Polymer film,Low_Compatibility,43.75,0.4000000000000001,,0,50.7515,,,,True,29
PREP_024,Dal,PM023,PHA,Biodegradable polymer,Polymer film,Low_Compatibility,43.75,0.4000000000000001,,0,50.7515,,,,True,30
PREP_024,Dal,PM027,Coated paper,Paper/cellulosic,Paper/film,Low_Compatibility,43.75,0.4000000000000001,,0,50.7515,,,,True,31
PREP_024,Dal,PM029,Aluminum foil,Metal,Rigid/foil metal,Low_Compatibility,43.75,0.4000000000000001,,0,50.7515,,,,True,32
PREP_024,Dal,PM018,PVC plasticized,Polymer film,Single polymer/coating,Low_Compatibility,43.34,0.3000000000000001,,0,49.4071,,,,True,33
PREP_024,Dal,PM019,PS,Polymer film,Single polymer/coating,Low_Compatibility,35.0,0.4000000000000001,,0,43.4012,,,,True,34
PREP_024,Dal,PM026,Kraft paper,Paper/cellulosic,Paper/film,Low_Compatibility,35.0,0.4000000000000001,,0,43.4012,,,,True,35
PREP_024,Dal,PM028,Glassine paper,Paper/cellulosic,Paper/film,Low_Compatibility,35.0,0.4000000000000001,,0,43.4012,,,,True,36
PREP_024,Dal,PM024,Cellulose film,Paper/cellulosic,Paper/film,Low_Compatibility,32.5,0.3000000000000001,,0,40.3011,,,,True,37
PREP_024,Dal,PM030,Tinplate steel,Metal,Rigid/foil metal,Low_Compatibility,32.5,0.3000000000000001,,0,40.3011,,,,True,38
PREP_024,Dal,PM040,Breathable cellulose film,Fresh-produce breathable film,Breathable film,Low_Compatibility,32.5,0.3000000000000001,,0,40.3011,,,,True,39
PREP_024,Dal,PM021,EPS,Polymer film,Single polymer/coating,Low_Compatibility,17.5,0.4000000000000001,,0,28.7006,,,,True,40
PREP_002,Dosa,PM002,LLDPE,Polymer film,Single polymer/coating,Conditionally_Compatible,70.0,0.4000000000000001,,0,72.8024,,,,True,1
PREP_002,Dosa,PM003,MDPE,Polymer film,Single polymer/coating,Conditionally_Compatible,70.0,0.4000000000000001,,0,72.8024,,,,True,2
PREP_002,Dosa,PM004,HDPE,Polymer film,Single polymer/coating,Conditionally_Compatible,70.0,0.4000000000000001,,0,72.8024,,,,True,3
PREP_002,Dosa,PM005,PP,Polymer film,Single polymer/coating,Conditionally_Compatible,70.0,0.4000000000000001,,0,72.8024,,,,True,4
PREP_002,Dosa,PM006,CPP,Polymer film,Single polymer/coating,Conditionally_Compatible,70.0,0.4000000000000001,,0,72.8024,,,,True,5
PREP_002,Dosa,PM031,PET/PE laminate,Multilayer laminate/structure,Multilayer,Conditionally_Compatible,70.0,0.4000000000000001,,0,72.8024,,,,True,6
PREP_002,Dosa,PM033,PET/CPP laminate,Multilayer laminate/structure,Multilayer,Conditionally_Compatible,70.0,0.4000000000000001,,0,72.8024,,,,True,7
PREP_002,Dosa,PM037,BOPP/CPP laminate,Multilayer laminate/structure,Multilayer,Conditionally_Compatible,70.0,0.4000000000000001,,0,72.8024,,,,True,8
PREP_002,Dosa,PM039,Micro-perforated PP film,Fresh-produce breathable film,Perforated film,Conditionally_Compatible,70.0,0.4000000000000001,,0,72.8024,,,,True,9
PREP_002,Dosa,PM001,LDPE,Polymer film,Single polymer/coating,Conditionally_Compatible,61.25,0.4000000000000001,,0,65.4521,,,,True,10
PREP_002,Dosa,PM025,Coated cellulose film,Paper/cellulosic,Paper/film,Conditionally_Compatible,61.25,0.4000000000000001,,0,65.4521,,,,True,11
PREP_002,Dosa,PM032,PA/PE laminate,Multilayer laminate/structure,Multilayer,Conditionally_Compatible,61.25,0.4000000000000001,,0,65.4521,,,,True,12
PREP_002,Dosa,PM038,Micro-perforated PE film,Fresh-produce breathable film,Perforated film,Conditionally_Compatible,61.25,0.4000000000000001,,0,65.4521,,,,True,13
PREP_002,Dosa,PM018,PVC plasticized,Polymer film,Single polymer/coating,Conditionally_Compatible,54.16,0.3000000000000001,,0,58.4962,,,,True,14
PREP_002,Dosa,PM007,BOPP,Polymer film,Single polymer/coating,Low_Compatibility,52.5,0.4000000000000001,,0,58.1018,,,,True,15
PREP_002,Dosa,PM009,PET,Polymer film,Single polymer/coating,Low_Compatibility,52.5,0.4000000000000001,,0,58.1018,,,,True,16
PREP_002,Dosa,PM010,BOPET,Polymer film,Single polymer/coating,Low_Compatibility,52.5,0.4000000000000001,,0,58.1018,,,,True,17
PREP_002,Dosa,PM013,PA6 / Nylon-6,Multilayer laminate/structure,Multilayer,Low_Compatibility,52.5,0.4000000000000001,,0,58.1018,,,,True,18
PREP_002,Dosa,PM014,BOPA / Oriented Nylon,Multilayer laminate/structure,Multilayer,Low_Compatibility,52.5,0.4000000000000001,,0,58.1018,,,,True,19
PREP_002,Dosa,PM016,PVdC,Polymer film,Single polymer/coating,Conditionally_Compatible,52.5,0.4000000000000001,,0,58.1018,,,,True,20
PREP_002,Dosa,PM017,PVC rigid,Polymer film,Single polymer/coating,Conditionally_Compatible,52.5,0.4000000000000001,,0,58.1018,,,,True,21
PREP_002,Dosa,PM020,HIPS,Polymer film,Single polymer/coating,Conditionally_Compatible,52.5,0.4000000000000001,,0,58.1018,,,,True,22
PREP_002,Dosa,PM022,PLA,Biodegradable polymer,Polymer film,Conditionally_Compatible,52.5,0.4000000000000001,,0,58.1018,,,,True,23
PREP_002,Dosa,PM023,PHA,Biodegradable polymer,Polymer film,Conditionally_Compatible,52.5,0.4000000000000001,,0,58.1018,,,,True,24
PREP_002,Dosa,PM034,PET/Al/PE laminate,Multilayer laminate/structure,Multilayer,Conditionally_Compatible,52.5,0.4000000000000001,,0,58.1018,,,,True,25
PREP_002,Dosa,PM035,PET/EVOH/PE laminate,Multilayer laminate/structure,Multilayer,Conditionally_Compatible,52.5,0.4000000000000001,,0,58.1018,,,,True,26
PREP_002,Dosa,PM008,Metallized BOPP,Polymer film,Single polymer/coating,Low_Compatibility,43.75,0.4000000000000001,,0,50.7515,,,,True,27
PREP_002,Dosa,PM011,Metallized PET,Polymer film,Single polymer/coating,Low_Compatibility,43.75,0.4000000000000001,,0,50.7515,,,,True,28
PREP_002,Dosa,PM012,PVdC-coated PET,Polymer film,Single polymer/coating,Low_Compatibility,43.75,0.4000000000000001,,0,50.7515,,,,True,29
PREP_002,Dosa,PM015,EVOH,Polymer film,Single polymer/coating,Low_Compatibility,43.75,0.4000000000000001,,0,50.7515,,,,True,30
PREP_002,Dosa,PM019,PS,Polymer film,Single polymer/coating,Low_Compatibility,43.75,0.4000000000000001,,0,50.7515,,,,True,31
PREP_002,Dosa,PM027,Coated paper,Paper/cellulosic,Paper/film,Low_Compatibility,43.75,0.4000000000000001,,0,50.7515,,,,True,32
PREP_002,Dosa,PM036,PE/PA/EVOH/PE laminate,Multilayer laminate/structure,Multilayer,Low_Compatibility,43.34,0.3000000000000001,,0,49.4071,,,,True,33
PREP_002,Dosa,PM026,Kraft paper,Paper/cellulosic,Paper/film,Low_Compatibility,35.0,0.4000000000000001,,0,43.4012,,,,True,34
PREP_002,Dosa,PM028,Glassine paper,Paper/cellulosic,Paper/film,Low_Compatibility,35.0,0.4000000000000001,,0,43.4012,,,,True,35
PREP_002,Dosa,PM029,Aluminum foil,Metal,Rigid/foil metal,Low_Compatibility,35.0,0.4000000000000001,,0,43.4012,,,,True,36
PREP_002,Dosa,PM024,Cellulose film,Paper/cellulosic,Paper/film,Low_Compatibility,32.5,0.3000000000000001,,0,40.3011,,,,True,37
PREP_002,Dosa,PM040,Breathable cellulose film,Fresh-produce breathable film,Breathable film,Low_Compatibility,32.5,0.3000000000000001,,0,40.3011,,,,True,38
PREP_002,Dosa,PM030,Tinplate steel,Metal,Rigid/foil metal,Low_Compatibility,21.66,0.3000000000000001,,0,31.1951,,,,True,39
PREP_002,Dosa,PM021,EPS,Polymer film,Single polymer/coating,Low_Compatibility,17.5,0.4000000000000001,,0,28.7006,,,,True,40
FRU_024,Fig,PM001,LDPE,Polymer film,Single polymer/coating,Insufficient_Evidence,,0.0,,0,,,,Excluded from recommendation pool because deterministic evidence is insufficient,False,1
FRU_024,Fig,PM002,LLDPE,Polymer film,Single polymer/coating,Insufficient_Evidence,,0.0,,0,,,,Excluded from recommendation pool because deterministic evidence is insufficient,False,2
FRU_024,Fig,PM003,MDPE,Polymer film,Single polymer/coating,Insufficient_Evidence,,0.0,,0,,,,Excluded from recommendation pool because deterministic evidence is insufficient,False,3
FRU_024,Fig,PM004,HDPE,Polymer film,Single polymer/coating,Insufficient_Evidence,,0.0,,0,,,,Excluded from recommendation pool because deterministic evidence is insufficient,False,4
FRU_024,Fig,PM005,PP,Polymer film,Single polymer/coating,Insufficient_Evidence,,0.0,,0,,,,Excluded from recommendation pool because deterministic evidence is insufficient,False,5
FRU_024,Fig,PM006,CPP,Polymer film,Single polymer/coating,Insufficient_Evidence,,0.0,,0,,,,Excluded from recommendation pool because deterministic evidence is insufficient,False,6
FRU_024,Fig,PM007,BOPP,Polymer film,Single polymer/coating,Insufficient_Evidence,,0.0,,0,,,,Excluded from recommendation pool because deterministic evidence is insufficient,False,7
FRU_024,Fig,PM008,Metallized BOPP,Polymer film,Single polymer/coating,Insufficient_Evidence,,0.0,,0,,,,Excluded from recommendation pool because deterministic evidence is insufficient,False,8
FRU_024,Fig,PM009,PET,Polymer film,Single polymer/coating,Insufficient_Evidence,,0.0,,0,,,,Excluded from recommendation pool because deterministic evidence is insufficient,False,9
FRU_024,Fig,PM010,BOPET,Polymer film,Single polymer/coating,Insufficient_Evidence,,0.0,,0,,,,Excluded from recommendation pool because deterministic evidence is insufficient,False,10
FRU_024,Fig,PM011,Metallized PET,Polymer film,Single polymer/coating,Insufficient_Evidence,,0.0,,0,,,,Excluded from recommendation pool because deterministic evidence is insufficient,False,11
FRU_024,Fig,PM012,PVdC-coated PET,Polymer film,Single polymer/coating,Insufficient_Evidence,,0.0,,0,,,,Excluded from recommendation pool because deterministic evidence is insufficient,False,12
FRU_024,Fig,PM013,PA6 / Nylon-6,Multilayer laminate/structure,Multilayer,Insufficient_Evidence,,0.0,,0,,,,Excluded from recommendation pool because deterministic evidence is insufficient,False,13
FRU_024,Fig,PM014,BOPA / Oriented Nylon,Multilayer laminate/structure,Multilayer,Insufficient_Evidence,,0.0,,0,,,,Excluded from recommendation pool because deterministic evidence is insufficient,False,14
FRU_024,Fig,PM015,EVOH,Polymer film,Single polymer/coating,Insufficient_Evidence,,0.0,,0,,,,Excluded from recommendation pool because deterministic evidence is insufficient,False,15
FRU_024,Fig,PM016,PVdC,Polymer film,Single polymer/coating,Insufficient_Evidence,,0.0,,0,,,,Excluded from recommendation pool because deterministic evidence is insufficient,False,16
FRU_024,Fig,PM017,PVC rigid,Polymer film,Single polymer/coating,Insufficient_Evidence,,0.0,,0,,,,Excluded from recommendation pool because deterministic evidence is insufficient,False,17
FRU_024,Fig,PM018,PVC plasticized,Polymer film,Single polymer/coating,Insufficient_Evidence,,0.0,,0,,,,Excluded from recommendation pool because deterministic evidence is insufficient,False,18
FRU_024,Fig,PM019,PS,Polymer film,Single polymer/coating,Insufficient_Evidence,,0.0,,0,,,,Excluded from recommendation pool because deterministic evidence is insufficient,False,19
FRU_024,Fig,PM020,HIPS,Polymer film,Single polymer/coating,Insufficient_Evidence,,0.0,,0,,,,Excluded from recommendation pool because deterministic evidence is insufficient,False,20
FRU_024,Fig,PM021,EPS,Polymer film,Single polymer/coating,Insufficient_Evidence,,0.0,,0,,,,Excluded from recommendation pool because deterministic evidence is insufficient,False,21
FRU_024,Fig,PM022,PLA,Biodegradable polymer,Polymer film,Insufficient_Evidence,,0.0,,0,,,,Excluded from recommendation pool because deterministic evidence is insufficient,False,22
FRU_024,Fig,PM023,PHA,Biodegradable polymer,Polymer film,Insufficient_Evidence,,0.0,,0,,,,Excluded from recommendation pool because deterministic evidence is insufficient,False,23
FRU_024,Fig,PM024,Cellulose film,Paper/cellulosic,Paper/film,Insufficient_Evidence,,0.0,,0,,,,Excluded from recommendation pool because deterministic evidence is insufficient,False,24
FRU_024,Fig,PM025,Coated cellulose film,Paper/cellulosic,Paper/film,Insufficient_Evidence,,0.0,,0,,,,Excluded from recommendation pool because deterministic evidence is insufficient,False,25
FRU_024,Fig,PM026,Kraft paper,Paper/cellulosic,Paper/film,Insufficient_Evidence,,0.0,,0,,,,Excluded from recommendation pool because deterministic evidence is insufficient,False,26
FRU_024,Fig,PM027,Coated paper,Paper/cellulosic,Paper/film,Insufficient_Evidence,,0.0,,0,,,,Excluded from recommendation pool because deterministic evidence is insufficient,False,27
FRU_024,Fig,PM028,Glassine paper,Paper/cellulosic,Paper/film,Insufficient_Evidence,,0.0,,0,,,,Excluded from recommendation pool because deterministic evidence is insufficient,False,28
FRU_024,Fig,PM029,Aluminum foil,Metal,Rigid/foil metal,Insufficient_Evidence,,0.0,,0,,,,Excluded from recommendation pool because deterministic evidence is insufficient,False,29
FRU_024,Fig,PM030,Tinplate steel,Metal,Rigid/foil metal,Insufficient_Evidence,,0.0,,0,,,,Excluded from recommendation pool because deterministic evidence is insufficient,False,30
FRU_024,Fig,PM031,PET/PE laminate,Multilayer laminate/structure,Multilayer,Insufficient_Evidence,,0.0,,0,,,,Excluded from recommendation pool because deterministic evidence is insufficient,False,31
FRU_024,Fig,PM032,PA/PE laminate,Multilayer laminate/structure,Multilayer,Insufficient_Evidence,,0.0,,0,,,,Excluded from recommendation pool because deterministic evidence is insufficient,False,32
FRU_024,Fig,PM033,PET/CPP laminate,Multilayer laminate/structure,Multilayer,Insufficient_Evidence,,0.0,,0,,,,Excluded from recommendation pool because deterministic evidence is insufficient,False,33
FRU_024,Fig,PM034,PET/Al/PE laminate,Multilayer laminate/structure,Multilayer,Insufficient_Evidence,,0.0,,0,,,,Excluded from recommendation pool because deterministic evidence is insufficient,False,34
FRU_024,Fig,PM035,PET/EVOH/PE laminate,Multilayer laminate/structure,Multilayer,Insufficient_Evidence,,0.0,,0,,,,Excluded from recommendation pool because deterministic evidence is insufficient,False,35
FRU_024,Fig,PM036,PE/PA/EVOH/PE laminate,Multilayer laminate/structure,Multilayer,Insufficient_Evidence,,0.0,,0,,,,Excluded from recommendation pool because deterministic evidence is insufficient,False,36
FRU_024,Fig,PM037,BOPP/CPP laminate,Multilayer laminate/structure,Multilayer,Insufficient_Evidence,,0.0,,0,,,,Excluded from recommendation pool because deterministic evidence is insufficient,False,37
FRU_024,Fig,PM038,Micro-perforated PE film,Fresh-produce breathable film,Perforated film,Insufficient_Evidence,,0.0,,0,,,,Excluded from recommendation pool because deterministic evidence is insufficient,False,38
FRU_024,Fig,PM039,Micro-perforated PP film,Fresh-produce breathable film,Perforated film,Insufficient_Evidence,,0.0,,0,,,,Excluded from recommendation pool because deterministic evidence is insufficient,False,39
FRU_024,Fig,PM040,Breathable cellulose film,Fresh-produce breathable film,Breathable film,Insufficient_Evidence,,0.0,,0,,,,Excluded from recommendation pool because deterministic evidence is insufficient,False,40
PREP_017,Fried rice,PM002,LLDPE,Polymer film,Single polymer/coating,Conditionally_Compatible,70.0,0.4000000000000001,,0,72.8024,,,,True,1
PREP_017,Fried rice,PM003,MDPE,Polymer film,Single polymer/coating,Conditionally_Compatible,70.0,0.4000000000000001,,0,72.8024,,,,True,2
PREP_017,Fried rice,PM004,HDPE,Polymer film,Single polymer/coating,Conditionally_Compatible,70.0,0.4000000000000001,,0,72.8024,,,,True,3
PREP_017,Fried rice,PM005,PP,Polymer film,Single polymer/coating,Conditionally_Compatible,70.0,0.4000000000000001,,0,72.8024,,,,True,4
PREP_017,Fried rice,PM006,CPP,Polymer film,Single polymer/coating,Conditionally_Compatible,70.0,0.4000000000000001,,0,72.8024,,,,True,5
PREP_017,Fried rice,PM031,PET/PE laminate,Multilayer laminate/structure,Multilayer,Conditionally_Compatible,70.0,0.4000000000000001,,0,72.8024,,,,True,6
PREP_017,Fried rice,PM033,PET/CPP laminate,Multilayer laminate/structure,Multilayer,Conditionally_Compatible,70.0,0.4000000000000001,,0,72.8024,,,,True,7
PREP_017,Fried rice,PM037,BOPP/CPP laminate,Multilayer laminate/structure,Multilayer,Conditionally_Compatible,70.0,0.4000000000000001,,0,72.8024,,,,True,8
PREP_017,Fried rice,PM039,Micro-perforated PP film,Fresh-produce breathable film,Perforated film,Conditionally_Compatible,70.0,0.4000000000000001,,0,72.8024,,,,True,9
PREP_017,Fried rice,PM001,LDPE,Polymer film,Single polymer/coating,Conditionally_Compatible,61.25,0.4000000000000001,,0,65.4521,,,,True,10
PREP_017,Fried rice,PM025,Coated cellulose film,Paper/cellulosic,Paper/film,Conditionally_Compatible,61.25,0.4000000000000001,,0,65.4521,,,,True,11
PREP_017,Fried rice,PM032,PA/PE laminate,Multilayer laminate/structure,Multilayer,Conditionally_Compatible,61.25,0.4000000000000001,,0,65.4521,,,,True,12
PREP_017,Fried rice,PM038,Micro-perforated PE film,Fresh-produce breathable film,Perforated film,Conditionally_Compatible,61.25,0.4000000000000001,,0,65.4521,,,,True,13
PREP_017,Fried rice,PM018,PVC plasticized,Polymer film,Single polymer/coating,Conditionally_Compatible,54.16,0.3000000000000001,,0,58.4962,,,,True,14
PREP_017,Fried rice,PM007,BOPP,Polymer film,Single polymer/coating,Low_Compatibility,52.5,0.4000000000000001,,0,58.1018,,,,True,15
PREP_017,Fried rice,PM009,PET,Polymer film,Single polymer/coating,Low_Compatibility,52.5,0.4000000000000001,,0,58.1018,,,,True,16
PREP_017,Fried rice,PM010,BOPET,Polymer film,Single polymer/coating,Low_Compatibility,52.5,0.4000000000000001,,0,58.1018,,,,True,17
PREP_017,Fried rice,PM013,PA6 / Nylon-6,Multilayer laminate/structure,Multilayer,Low_Compatibility,52.5,0.4000000000000001,,0,58.1018,,,,True,18
PREP_017,Fried rice,PM014,BOPA / Oriented Nylon,Multilayer laminate/structure,Multilayer,Low_Compatibility,52.5,0.4000000000000001,,0,58.1018,,,,True,19
PREP_017,Fried rice,PM016,PVdC,Polymer film,Single polymer/coating,Conditionally_Compatible,52.5,0.4000000000000001,,0,58.1018,,,,True,20
PREP_017,Fried rice,PM017,PVC rigid,Polymer film,Single polymer/coating,Conditionally_Compatible,52.5,0.4000000000000001,,0,58.1018,,,,True,21
PREP_017,Fried rice,PM020,HIPS,Polymer film,Single polymer/coating,Conditionally_Compatible,52.5,0.4000000000000001,,0,58.1018,,,,True,22
PREP_017,Fried rice,PM022,PLA,Biodegradable polymer,Polymer film,Conditionally_Compatible,52.5,0.4000000000000001,,0,58.1018,,,,True,23
PREP_017,Fried rice,PM023,PHA,Biodegradable polymer,Polymer film,Conditionally_Compatible,52.5,0.4000000000000001,,0,58.1018,,,,True,24
PREP_017,Fried rice,PM034,PET/Al/PE laminate,Multilayer laminate/structure,Multilayer,Conditionally_Compatible,52.5,0.4000000000000001,,0,58.1018,,,,True,25
PREP_017,Fried rice,PM035,PET/EVOH/PE laminate,Multilayer laminate/structure,Multilayer,Conditionally_Compatible,52.5,0.4000000000000001,,0,58.1018,,,,True,26
PREP_017,Fried rice,PM008,Metallized BOPP,Polymer film,Single polymer/coating,Low_Compatibility,43.75,0.4000000000000001,,0,50.7515,,,,True,27
PREP_017,Fried rice,PM011,Metallized PET,Polymer film,Single polymer/coating,Low_Compatibility,43.75,0.4000000000000001,,0,50.7515,,,,True,28
PREP_017,Fried rice,PM012,PVdC-coated PET,Polymer film,Single polymer/coating,Low_Compatibility,43.75,0.4000000000000001,,0,50.7515,,,,True,29
PREP_017,Fried rice,PM015,EVOH,Polymer film,Single polymer/coating,Low_Compatibility,43.75,0.4000000000000001,,0,50.7515,,,,True,30
PREP_017,Fried rice,PM019,PS,Polymer film,Single polymer/coating,Low_Compatibility,43.75,0.4000000000000001,,0,50.7515,,,,True,31
PREP_017,Fried rice,PM027,Coated paper,Paper/cellulosic,Paper/film,Low_Compatibility,43.75,0.4000000000000001,,0,50.7515,,,,True,32
PREP_017,Fried rice,PM036,PE/PA/EVOH/PE laminate,Multilayer laminate/structure,Multilayer,Low_Compatibility,43.34,0.3000000000000001,,0,49.4071,,,,True,33
PREP_017,Fried rice,PM026,Kraft paper,Paper/cellulosic,Paper/film,Low_Compatibility,35.0,0.4000000000000001,,0,43.4012,,,,True,34
PREP_017,Fried rice,PM028,Glassine paper,Paper/cellulosic,Paper/film,Low_Compatibility,35.0,0.4000000000000001,,0,43.4012,,,,True,35
PREP_017,Fried rice,PM029,Aluminum foil,Metal,Rigid/foil metal,Low_Compatibility,35.0,0.4000000000000001,,0,43.4012,,,,True,36
PREP_017,Fried rice,PM024,Cellulose film,Paper/cellulosic,Paper/film,Low_Compatibility,32.5,0.3000000000000001,,0,40.3011,,,,True,37
PREP_017,Fried rice,PM040,Breathable cellulose film,Fresh-produce breathable film,Breathable film,Low_Compatibility,32.5,0.3000000000000001,,0,40.3011,,,,True,38
PREP_017,Fried rice,PM030,Tinplate steel,Metal,Rigid/foil metal,Low_Compatibility,21.66,0.3000000000000001,,0,31.1951,,,,True,39
PREP_017,Fried rice,PM021,EPS,Polymer film,Single polymer/coating,Low_Compatibility,17.5,0.4000000000000001,,0,28.7006,,,,True,40
VEG_020,Garlic,PM001,LDPE,Polymer film,Single polymer/coating,Conditionally_Compatible,72.22,0.4444444444444445,,0,75.1117,,,,True,1
VEG_020,Garlic,PM002,LLDPE,Polymer film,Single polymer/coating,Conditionally_Compatible,72.22,0.4444444444444445,,0,75.1117,,,,True,2
VEG_020,Garlic,PM003,MDPE,Polymer film,Single polymer/coating,Conditionally_Compatible,72.22,0.4444444444444445,,0,75.1117,,,,True,3
VEG_020,Garlic,PM004,HDPE,Polymer film,Single polymer/coating,Conditionally_Compatible,72.22,0.4444444444444445,,0,75.1117,,,,True,4
VEG_020,Garlic,PM005,PP,Polymer film,Single polymer/coating,Conditionally_Compatible,72.22,0.4444444444444445,,0,75.1117,,,,True,5
VEG_020,Garlic,PM006,CPP,Polymer film,Single polymer/coating,Conditionally_Compatible,72.22,0.4444444444444445,,0,75.1117,,,,True,6
VEG_020,Garlic,PM007,BOPP,Polymer film,Single polymer/coating,Conditionally_Compatible,72.22,0.4444444444444445,,0,75.1117,,,,True,7
VEG_020,Garlic,PM008,Metallized BOPP,Polymer film,Single polymer/coating,Conditionally_Compatible,72.22,0.4444444444444445,,0,75.1117,,,,True,8
VEG_020,Garlic,PM009,PET,Polymer film,Single polymer/coating,Conditionally_Compatible,72.22,0.4444444444444445,,0,75.1117,,,,True,9
VEG_020,Garlic,PM010,BOPET,Polymer film,Single polymer/coating,Conditionally_Compatible,72.22,0.4444444444444445,,0,75.1117,,,,True,10
VEG_020,Garlic,PM011,Metallized PET,Polymer film,Single polymer/coating,Conditionally_Compatible,72.22,0.4444444444444445,,0,75.1117,,,,True,11
VEG_020,Garlic,PM012,PVdC-coated PET,Polymer film,Single polymer/coating,Conditionally_Compatible,72.22,0.4444444444444445,,0,75.1117,,,,True,12
VEG_020,Garlic,PM013,PA6 / Nylon-6,Multilayer laminate/structure,Multilayer,Conditionally_Compatible,72.22,0.4444444444444445,,0,75.1117,,,,True,13
VEG_020,Garlic,PM014,BOPA / Oriented Nylon,Multilayer laminate/structure,Multilayer,Conditionally_Compatible,72.22,0.4444444444444445,,0,75.1117,,,,True,14
VEG_020,Garlic,PM016,PVdC,Polymer film,Single polymer/coating,Conditionally_Compatible,72.22,0.4444444444444445,,0,75.1117,,,,True,15
VEG_020,Garlic,PM017,PVC rigid,Polymer film,Single polymer/coating,Conditionally_Compatible,72.22,0.4444444444444445,,0,75.1117,,,,True,16
VEG_020,Garlic,PM018,PVC plasticized,Polymer film,Single polymer/coating,Conditionally_Compatible,72.22,0.4444444444444445,,0,75.1117,,,,True,17
VEG_020,Garlic,PM019,PS,Polymer film,Single polymer/coating,Conditionally_Compatible,72.22,0.4444444444444445,,0,75.1117,,,,True,18
VEG_020,Garlic,PM020,HIPS,Polymer film,Single polymer/coating,Conditionally_Compatible,72.22,0.4444444444444445,,0,75.1117,,,,True,19
VEG_020,Garlic,PM021,EPS,Polymer film,Single polymer/coating,Conditionally_Compatible,72.22,0.4444444444444445,,0,75.1117,,,,True,20
VEG_020,Garlic,PM022,PLA,Biodegradable polymer,Polymer film,Conditionally_Compatible,72.22,0.4444444444444445,,0,75.1117,,,,True,21
VEG_020,Garlic,PM023,PHA,Biodegradable polymer,Polymer film,Conditionally_Compatible,72.22,0.4444444444444445,,0,75.1117,,,,True,22
VEG_020,Garlic,PM024,Cellulose film,Paper/cellulosic,Paper/film,Conditionally_Compatible,72.22,0.4444444444444445,,0,75.1117,,,,True,23
VEG_020,Garlic,PM025,Coated cellulose film,Paper/cellulosic,Paper/film,Conditionally_Compatible,72.22,0.4444444444444445,,0,75.1117,,,,True,24
VEG_020,Garlic,PM026,Kraft paper,Paper/cellulosic,Paper/film,Conditionally_Compatible,72.22,0.4444444444444445,,0,75.1117,,,,True,25
VEG_020,Garlic,PM027,Coated paper,Paper/cellulosic,Paper/film,Conditionally_Compatible,72.22,0.4444444444444445,,0,75.1117,,,,True,26
VEG_020,Garlic,PM028,Glassine paper,Paper/cellulosic,Paper/film,Conditionally_Compatible,72.22,0.4444444444444445,,0,75.1117,,,,True,27
VEG_020,Garlic,PM031,PET/PE laminate,Multilayer laminate/structure,Multilayer,Conditionally_Compatible,72.22,0.4444444444444445,,0,75.1117,,,,True,28
VEG_020,Garlic,PM032,PA/PE laminate,Multilayer laminate/structure,Multilayer,Conditionally_Compatible,72.22,0.4444444444444445,,0,75.1117,,,,True,29
VEG_020,Garlic,PM033,PET/CPP laminate,Multilayer laminate/structure,Multilayer,Conditionally_Compatible,72.22,0.4444444444444445,,0,75.1117,,,,True,30
VEG_020,Garlic,PM037,BOPP/CPP laminate,Multilayer laminate/structure,Multilayer,Conditionally_Compatible,72.22,0.4444444444444445,,0,75.1117,,,,True,31
VEG_020,Garlic,PM038,Micro-perforated PE film,Fresh-produce breathable film,Perforated film,Conditionally_Compatible,72.22,0.4444444444444445,,0,75.1117,,,,True,32
VEG_020,Garlic,PM039,Micro-perforated PP film,Fresh-produce breathable film,Perforated film,Conditionally_Compatible,72.22,0.4444444444444445,,0,75.1117,,,,True,33
VEG_020,Garlic,PM040,Breathable cellulose film,Fresh-produce breathable film,Breathable film,Conditionally_Compatible,72.22,0.4444444444444445,,0,75.1117,,,,True,34
VEG_020,Garlic,PM029,Aluminum foil,Metal,Rigid/foil metal,Low_Compatibility,36.11,0.4444444444444445,,0,44.7781,,,,True,35
VEG_020,Garlic,PM030,Tinplate steel,Metal,Rigid/foil metal,Low_Compatibility,36.11,0.4444444444444445,,0,44.7781,,,,True,36
VEG_020,Garlic,PM034,PET/Al/PE laminate,Multilayer laminate/structure,Multilayer,Low_Compatibility,36.11,0.4444444444444445,,0,44.7781,,,,True,37
VEG_020,Garlic,PM035,PET/EVOH/PE laminate,Multilayer laminate/structure,Multilayer,Low_Compatibility,36.11,0.4444444444444445,,0,44.7781,,,,True,38
VEG_020,Garlic,PM036,PE/PA/EVOH/PE laminate,Multilayer laminate/structure,Multilayer,Low_Compatibility,36.11,0.4444444444444445,,0,44.7781,,,,True,39
VEG_020,Garlic,PM015,EVOH,Polymer film,Single polymer/coating,Insufficient_Evidence,,0.0,,0,,,,Excluded from recommendation pool because deterministic evidence is insufficient,False,40
VEG_021,Ginger,PM001,LDPE,Polymer film,Single polymer/coating,Insufficient_Evidence,,0.0,,0,,,,Excluded from recommendation pool because deterministic evidence is insufficient,False,1
VEG_021,Ginger,PM002,LLDPE,Polymer film,Single polymer/coating,Insufficient_Evidence,,0.0,,0,,,,Excluded from recommendation pool because deterministic evidence is insufficient,False,2
VEG_021,Ginger,PM003,MDPE,Polymer film,Single polymer/coating,Insufficient_Evidence,,0.0,,0,,,,Excluded from recommendation pool because deterministic evidence is insufficient,False,3
VEG_021,Ginger,PM004,HDPE,Polymer film,Single polymer/coating,Insufficient_Evidence,,0.0,,0,,,,Excluded from recommendation pool because deterministic evidence is insufficient,False,4
VEG_021,Ginger,PM005,PP,Polymer film,Single polymer/coating,Insufficient_Evidence,,0.0,,0,,,,Excluded from recommendation pool because deterministic evidence is insufficient,False,5
VEG_021,Ginger,PM006,CPP,Polymer film,Single polymer/coating,Insufficient_Evidence,,0.0,,0,,,,Excluded from recommendation pool because deterministic evidence is insufficient,False,6
VEG_021,Ginger,PM007,BOPP,Polymer film,Single polymer/coating,Insufficient_Evidence,,0.0,,0,,,,Excluded from recommendation pool because deterministic evidence is insufficient,False,7
VEG_021,Ginger,PM008,Metallized BOPP,Polymer film,Single polymer/coating,Insufficient_Evidence,,0.0,,0,,,,Excluded from recommendation pool because deterministic evidence is insufficient,False,8
VEG_021,Ginger,PM009,PET,Polymer film,Single polymer/coating,Insufficient_Evidence,,0.0,,0,,,,Excluded from recommendation pool because deterministic evidence is insufficient,False,9
VEG_021,Ginger,PM010,BOPET,Polymer film,Single polymer/coating,Insufficient_Evidence,,0.0,,0,,,,Excluded from recommendation pool because deterministic evidence is insufficient,False,10
VEG_021,Ginger,PM011,Metallized PET,Polymer film,Single polymer/coating,Insufficient_Evidence,,0.0,,0,,,,Excluded from recommendation pool because deterministic evidence is insufficient,False,11
VEG_021,Ginger,PM012,PVdC-coated PET,Polymer film,Single polymer/coating,Insufficient_Evidence,,0.0,,0,,,,Excluded from recommendation pool because deterministic evidence is insufficient,False,12
VEG_021,Ginger,PM013,PA6 / Nylon-6,Multilayer laminate/structure,Multilayer,Insufficient_Evidence,,0.0,,0,,,,Excluded from recommendation pool because deterministic evidence is insufficient,False,13
VEG_021,Ginger,PM014,BOPA / Oriented Nylon,Multilayer laminate/structure,Multilayer,Insufficient_Evidence,,0.0,,0,,,,Excluded from recommendation pool because deterministic evidence is insufficient,False,14
VEG_021,Ginger,PM015,EVOH,Polymer film,Single polymer/coating,Insufficient_Evidence,,0.0,,0,,,,Excluded from recommendation pool because deterministic evidence is insufficient,False,15
VEG_021,Ginger,PM016,PVdC,Polymer film,Single polymer/coating,Insufficient_Evidence,,0.0,,0,,,,Excluded from recommendation pool because deterministic evidence is insufficient,False,16
VEG_021,Ginger,PM017,PVC rigid,Polymer film,Single polymer/coating,Insufficient_Evidence,,0.0,,0,,,,Excluded from recommendation pool because deterministic evidence is insufficient,False,17
VEG_021,Ginger,PM018,PVC plasticized,Polymer film,Single polymer/coating,Insufficient_Evidence,,0.0,,0,,,,Excluded from recommendation pool because deterministic evidence is insufficient,False,18
VEG_021,Ginger,PM019,PS,Polymer film,Single polymer/coating,Insufficient_Evidence,,0.0,,0,,,,Excluded from recommendation pool because deterministic evidence is insufficient,False,19
VEG_021,Ginger,PM020,HIPS,Polymer film,Single polymer/coating,Insufficient_Evidence,,0.0,,0,,,,Excluded from recommendation pool because deterministic evidence is insufficient,False,20
VEG_021,Ginger,PM021,EPS,Polymer film,Single polymer/coating,Insufficient_Evidence,,0.0,,0,,,,Excluded from recommendation pool because deterministic evidence is insufficient,False,21
VEG_021,Ginger,PM022,PLA,Biodegradable polymer,Polymer film,Insufficient_Evidence,,0.0,,0,,,,Excluded from recommendation pool because deterministic evidence is insufficient,False,22
VEG_021,Ginger,PM023,PHA,Biodegradable polymer,Polymer film,Insufficient_Evidence,,0.0,,0,,,,Excluded from recommendation pool because deterministic evidence is insufficient,False,23
VEG_021,Ginger,PM024,Cellulose film,Paper/cellulosic,Paper/film,Insufficient_Evidence,,0.0,,0,,,,Excluded from recommendation pool because deterministic evidence is insufficient,False,24
VEG_021,Ginger,PM025,Coated cellulose film,Paper/cellulosic,Paper/film,Insufficient_Evidence,,0.0,,0,,,,Excluded from recommendation pool because deterministic evidence is insufficient,False,25
VEG_021,Ginger,PM026,Kraft paper,Paper/cellulosic,Paper/film,Insufficient_Evidence,,0.0,,0,,,,Excluded from recommendation pool because deterministic evidence is insufficient,False,26
VEG_021,Ginger,PM027,Coated paper,Paper/cellulosic,Paper/film,Insufficient_Evidence,,0.0,,0,,,,Excluded from recommendation pool because deterministic evidence is insufficient,False,27
VEG_021,Ginger,PM028,Glassine paper,Paper/cellulosic,Paper/film,Insufficient_Evidence,,0.0,,0,,,,Excluded from recommendation pool because deterministic evidence is insufficient,False,28
VEG_021,Ginger,PM029,Aluminum foil,Metal,Rigid/foil metal,Insufficient_Evidence,,0.0,,0,,,,Excluded from recommendation pool because deterministic evidence is insufficient,False,29
VEG_021,Ginger,PM030,Tinplate steel,Metal,Rigid/foil metal,Insufficient_Evidence,,0.0,,0,,,,Excluded from recommendation pool because deterministic evidence is insufficient,False,30
VEG_021,Ginger,PM031,PET/PE laminate,Multilayer laminate/structure,Multilayer,Insufficient_Evidence,,0.0,,0,,,,Excluded from recommendation pool because deterministic evidence is insufficient,False,31
VEG_021,Ginger,PM032,PA/PE laminate,Multilayer laminate/structure,Multilayer,Insufficient_Evidence,,0.0,,0,,,,Excluded from recommendation pool because deterministic evidence is insufficient,False,32
VEG_021,Ginger,PM033,PET/CPP laminate,Multilayer laminate/structure,Multilayer,Insufficient_Evidence,,0.0,,0,,,,Excluded from recommendation pool because deterministic evidence is insufficient,False,33
VEG_021,Ginger,PM034,PET/Al/PE laminate,Multilayer laminate/structure,Multilayer,Insufficient_Evidence,,0.0,,0,,,,Excluded from recommendation pool because deterministic evidence is insufficient,False,34
VEG_021,Ginger,PM035,PET/EVOH/PE laminate,Multilayer laminate/structure,Multilayer,Insufficient_Evidence,,0.0,,0,,,,Excluded from recommendation pool because deterministic evidence is insufficient,False,35
VEG_021,Ginger,PM036,PE/PA/EVOH/PE laminate,Multilayer laminate/structure,Multilayer,Insufficient_Evidence,,0.0,,0,,,,Excluded from recommendation pool because deterministic evidence is insufficient,False,36
VEG_021,Ginger,PM037,BOPP/CPP laminate,Multilayer laminate/structure,Multilayer,Insufficient_Evidence,,0.0,,0,,,,Excluded from recommendation pool because deterministic evidence is insufficient,False,37
VEG_021,Ginger,PM038,Micro-perforated PE film,Fresh-produce breathable film,Perforated film,Insufficient_Evidence,,0.0,,0,,,,Excluded from recommendation pool because deterministic evidence is insufficient,False,38
VEG_021,Ginger,PM039,Micro-perforated PP film,Fresh-produce breathable film,Perforated film,Insufficient_Evidence,,0.0,,0,,,,Excluded from recommendation pool because deterministic evidence is insufficient,False,39
VEG_021,Ginger,PM040,Breathable cellulose film,Fresh-produce breathable film,Breathable film,Insufficient_Evidence,,0.0,,0,,,,Excluded from recommendation pool because deterministic evidence is insufficient,False,40
FRU_006,Grapes,PM001,LDPE,Polymer film,Single polymer/coating,Conditionally_Compatible,72.22,0.4444444444444445,,0,75.1117,,,,True,1
FRU_006,Grapes,PM002,LLDPE,Polymer film,Single polymer/coating,Conditionally_Compatible,72.22,0.4444444444444445,,0,75.1117,,,,True,2
FRU_006,Grapes,PM003,MDPE,Polymer film,Single polymer/coating,Conditionally_Compatible,72.22,0.4444444444444445,,0,75.1117,,,,True,3
FRU_006,Grapes,PM004,HDPE,Polymer film,Single polymer/coating,Conditionally_Compatible,72.22,0.4444444444444445,,0,75.1117,,,,True,4
FRU_006,Grapes,PM005,PP,Polymer film,Single polymer/coating,Conditionally_Compatible,72.22,0.4444444444444445,,0,75.1117,,,,True,5
FRU_006,Grapes,PM006,CPP,Polymer film,Single polymer/coating,Conditionally_Compatible,72.22,0.4444444444444445,,0,75.1117,,,,True,6
FRU_006,Grapes,PM007,BOPP,Polymer film,Single polymer/coating,Conditionally_Compatible,72.22,0.4444444444444445,,0,75.1117,,,,True,7
FRU_006,Grapes,PM008,Metallized BOPP,Polymer film,Single polymer/coating,Conditionally_Compatible,72.22,0.4444444444444445,,0,75.1117,,,,True,8
FRU_006,Grapes,PM009,PET,Polymer film,Single polymer/coating,Conditionally_Compatible,72.22,0.4444444444444445,,0,75.1117,,,,True,9
FRU_006,Grapes,PM010,BOPET,Polymer film,Single polymer/coating,Conditionally_Compatible,72.22,0.4444444444444445,,0,75.1117,,,,True,10
FRU_006,Grapes,PM011,Metallized PET,Polymer film,Single polymer/coating,Conditionally_Compatible,72.22,0.4444444444444445,,0,75.1117,,,,True,11
FRU_006,Grapes,PM012,PVdC-coated PET,Polymer film,Single polymer/coating,Conditionally_Compatible,72.22,0.4444444444444445,,0,75.1117,,,,True,12
FRU_006,Grapes,PM013,PA6 / Nylon-6,Multilayer laminate/structure,Multilayer,Conditionally_Compatible,72.22,0.4444444444444445,,0,75.1117,,,,True,13
FRU_006,Grapes,PM014,BOPA / Oriented Nylon,Multilayer laminate/structure,Multilayer,Conditionally_Compatible,72.22,0.4444444444444445,,0,75.1117,,,,True,14
FRU_006,Grapes,PM016,PVdC,Polymer film,Single polymer/coating,Conditionally_Compatible,72.22,0.4444444444444445,,0,75.1117,,,,True,15
FRU_006,Grapes,PM017,PVC rigid,Polymer film,Single polymer/coating,Conditionally_Compatible,72.22,0.4444444444444445,,0,75.1117,,,,True,16
FRU_006,Grapes,PM018,PVC plasticized,Polymer film,Single polymer/coating,Conditionally_Compatible,72.22,0.4444444444444445,,0,75.1117,,,,True,17
FRU_006,Grapes,PM019,PS,Polymer film,Single polymer/coating,Conditionally_Compatible,72.22,0.4444444444444445,,0,75.1117,,,,True,18
FRU_006,Grapes,PM020,HIPS,Polymer film,Single polymer/coating,Conditionally_Compatible,72.22,0.4444444444444445,,0,75.1117,,,,True,19
FRU_006,Grapes,PM021,EPS,Polymer film,Single polymer/coating,Conditionally_Compatible,72.22,0.4444444444444445,,0,75.1117,,,,True,20
FRU_006,Grapes,PM022,PLA,Biodegradable polymer,Polymer film,Conditionally_Compatible,72.22,0.4444444444444445,,0,75.1117,,,,True,21
FRU_006,Grapes,PM023,PHA,Biodegradable polymer,Polymer film,Conditionally_Compatible,72.22,0.4444444444444445,,0,75.1117,,,,True,22
FRU_006,Grapes,PM024,Cellulose film,Paper/cellulosic,Paper/film,Conditionally_Compatible,72.22,0.4444444444444445,,0,75.1117,,,,True,23
FRU_006,Grapes,PM025,Coated cellulose film,Paper/cellulosic,Paper/film,Conditionally_Compatible,72.22,0.4444444444444445,,0,75.1117,,,,True,24
FRU_006,Grapes,PM026,Kraft paper,Paper/cellulosic,Paper/film,Conditionally_Compatible,72.22,0.4444444444444445,,0,75.1117,,,,True,25
FRU_006,Grapes,PM027,Coated paper,Paper/cellulosic,Paper/film,Conditionally_Compatible,72.22,0.4444444444444445,,0,75.1117,,,,True,26
FRU_006,Grapes,PM028,Glassine paper,Paper/cellulosic,Paper/film,Conditionally_Compatible,72.22,0.4444444444444445,,0,75.1117,,,,True,27
FRU_006,Grapes,PM031,PET/PE laminate,Multilayer laminate/structure,Multilayer,Conditionally_Compatible,72.22,0.4444444444444445,,0,75.1117,,,,True,28
FRU_006,Grapes,PM032,PA/PE laminate,Multilayer laminate/structure,Multilayer,Conditionally_Compatible,72.22,0.4444444444444445,,0,75.1117,,,,True,29
FRU_006,Grapes,PM033,PET/CPP laminate,Multilayer laminate/structure,Multilayer,Conditionally_Compatible,72.22,0.4444444444444445,,0,75.1117,,,,True,30
FRU_006,Grapes,PM037,BOPP/CPP laminate,Multilayer laminate/structure,Multilayer,Conditionally_Compatible,72.22,0.4444444444444445,,0,75.1117,,,,True,31
FRU_006,Grapes,PM038,Micro-perforated PE film,Fresh-produce breathable film,Perforated film,Conditionally_Compatible,72.22,0.4444444444444445,,0,75.1117,,,,True,32
FRU_006,Grapes,PM039,Micro-perforated PP film,Fresh-produce breathable film,Perforated film,Conditionally_Compatible,72.22,0.4444444444444445,,0,75.1117,,,,True,33
FRU_006,Grapes,PM040,Breathable cellulose film,Fresh-produce breathable film,Breathable film,Conditionally_Compatible,72.22,0.4444444444444445,,0,75.1117,,,,True,34
FRU_006,Grapes,PM029,Aluminum foil,Metal,Rigid/foil metal,Low_Compatibility,36.11,0.4444444444444445,,0,44.7781,,,,True,35
FRU_006,Grapes,PM030,Tinplate steel,Metal,Rigid/foil metal,Low_Compatibility,36.11,0.4444444444444445,,0,44.7781,,,,True,36
FRU_006,Grapes,PM034,PET/Al/PE laminate,Multilayer laminate/structure,Multilayer,Low_Compatibility,36.11,0.4444444444444445,,0,44.7781,,,,True,37
FRU_006,Grapes,PM035,PET/EVOH/PE laminate,Multilayer laminate/structure,Multilayer,Low_Compatibility,36.11,0.4444444444444445,,0,44.7781,,,,True,38
FRU_006,Grapes,PM036,PE/PA/EVOH/PE laminate,Multilayer laminate/structure,Multilayer,Low_Compatibility,36.11,0.4444444444444445,,0,44.7781,,,,True,39
FRU_006,Grapes,PM015,EVOH,Polymer film,Single polymer/coating,Insufficient_Evidence,,0.0,,0,,,,Excluded from recommendation pool because deterministic evidence is insufficient,False,40
VEG_012,Green Chilli,PM001,LDPE,Polymer film,Single polymer/coating,Insufficient_Evidence,,0.0,,0,,,,Excluded from recommendation pool because deterministic evidence is insufficient,False,1
VEG_012,Green Chilli,PM002,LLDPE,Polymer film,Single polymer/coating,Insufficient_Evidence,,0.0,,0,,,,Excluded from recommendation pool because deterministic evidence is insufficient,False,2
VEG_012,Green Chilli,PM003,MDPE,Polymer film,Single polymer/coating,Insufficient_Evidence,,0.0,,0,,,,Excluded from recommendation pool because deterministic evidence is insufficient,False,3
VEG_012,Green Chilli,PM004,HDPE,Polymer film,Single polymer/coating,Insufficient_Evidence,,0.0,,0,,,,Excluded from recommendation pool because deterministic evidence is insufficient,False,4
VEG_012,Green Chilli,PM005,PP,Polymer film,Single polymer/coating,Insufficient_Evidence,,0.0,,0,,,,Excluded from recommendation pool because deterministic evidence is insufficient,False,5
VEG_012,Green Chilli,PM006,CPP,Polymer film,Single polymer/coating,Insufficient_Evidence,,0.0,,0,,,,Excluded from recommendation pool because deterministic evidence is insufficient,False,6
VEG_012,Green Chilli,PM007,BOPP,Polymer film,Single polymer/coating,Insufficient_Evidence,,0.0,,0,,,,Excluded from recommendation pool because deterministic evidence is insufficient,False,7
VEG_012,Green Chilli,PM008,Metallized BOPP,Polymer film,Single polymer/coating,Insufficient_Evidence,,0.0,,0,,,,Excluded from recommendation pool because deterministic evidence is insufficient,False,8
VEG_012,Green Chilli,PM009,PET,Polymer film,Single polymer/coating,Insufficient_Evidence,,0.0,,0,,,,Excluded from recommendation pool because deterministic evidence is insufficient,False,9
VEG_012,Green Chilli,PM010,BOPET,Polymer film,Single polymer/coating,Insufficient_Evidence,,0.0,,0,,,,Excluded from recommendation pool because deterministic evidence is insufficient,False,10
VEG_012,Green Chilli,PM011,Metallized PET,Polymer film,Single polymer/coating,Insufficient_Evidence,,0.0,,0,,,,Excluded from recommendation pool because deterministic evidence is insufficient,False,11
VEG_012,Green Chilli,PM012,PVdC-coated PET,Polymer film,Single polymer/coating,Insufficient_Evidence,,0.0,,0,,,,Excluded from recommendation pool because deterministic evidence is insufficient,False,12
VEG_012,Green Chilli,PM013,PA6 / Nylon-6,Multilayer laminate/structure,Multilayer,Insufficient_Evidence,,0.0,,0,,,,Excluded from recommendation pool because deterministic evidence is insufficient,False,13
VEG_012,Green Chilli,PM014,BOPA / Oriented Nylon,Multilayer laminate/structure,Multilayer,Insufficient_Evidence,,0.0,,0,,,,Excluded from recommendation pool because deterministic evidence is insufficient,False,14
VEG_012,Green Chilli,PM015,EVOH,Polymer film,Single polymer/coating,Insufficient_Evidence,,0.0,,0,,,,Excluded from recommendation pool because deterministic evidence is insufficient,False,15
VEG_012,Green Chilli,PM016,PVdC,Polymer film,Single polymer/coating,Insufficient_Evidence,,0.0,,0,,,,Excluded from recommendation pool because deterministic evidence is insufficient,False,16
VEG_012,Green Chilli,PM017,PVC rigid,Polymer film,Single polymer/coating,Insufficient_Evidence,,0.0,,0,,,,Excluded from recommendation pool because deterministic evidence is insufficient,False,17
VEG_012,Green Chilli,PM018,PVC plasticized,Polymer film,Single polymer/coating,Insufficient_Evidence,,0.0,,0,,,,Excluded from recommendation pool because deterministic evidence is insufficient,False,18
VEG_012,Green Chilli,PM019,PS,Polymer film,Single polymer/coating,Insufficient_Evidence,,0.0,,0,,,,Excluded from recommendation pool because deterministic evidence is insufficient,False,19
VEG_012,Green Chilli,PM020,HIPS,Polymer film,Single polymer/coating,Insufficient_Evidence,,0.0,,0,,,,Excluded from recommendation pool because deterministic evidence is insufficient,False,20
VEG_012,Green Chilli,PM021,EPS,Polymer film,Single polymer/coating,Insufficient_Evidence,,0.0,,0,,,,Excluded from recommendation pool because deterministic evidence is insufficient,False,21
VEG_012,Green Chilli,PM022,PLA,Biodegradable polymer,Polymer film,Insufficient_Evidence,,0.0,,0,,,,Excluded from recommendation pool because deterministic evidence is insufficient,False,22
VEG_012,Green Chilli,PM023,PHA,Biodegradable polymer,Polymer film,Insufficient_Evidence,,0.0,,0,,,,Excluded from recommendation pool because deterministic evidence is insufficient,False,23
VEG_012,Green Chilli,PM024,Cellulose film,Paper/cellulosic,Paper/film,Insufficient_Evidence,,0.0,,0,,,,Excluded from recommendation pool because deterministic evidence is insufficient,False,24
VEG_012,Green Chilli,PM025,Coated cellulose film,Paper/cellulosic,Paper/film,Insufficient_Evidence,,0.0,,0,,,,Excluded from recommendation pool because deterministic evidence is insufficient,False,25
VEG_012,Green Chilli,PM026,Kraft paper,Paper/cellulosic,Paper/film,Insufficient_Evidence,,0.0,,0,,,,Excluded from recommendation pool because deterministic evidence is insufficient,False,26
VEG_012,Green Chilli,PM027,Coated paper,Paper/cellulosic,Paper/film,Insufficient_Evidence,,0.0,,0,,,,Excluded from recommendation pool because deterministic evidence is insufficient,False,27
VEG_012,Green Chilli,PM028,Glassine paper,Paper/cellulosic,Paper/film,Insufficient_Evidence,,0.0,,0,,,,Excluded from recommendation pool because deterministic evidence is insufficient,False,28
VEG_012,Green Chilli,PM029,Aluminum foil,Metal,Rigid/foil metal,Insufficient_Evidence,,0.0,,0,,,,Excluded from recommendation pool because deterministic evidence is insufficient,False,29
VEG_012,Green Chilli,PM030,Tinplate steel,Metal,Rigid/foil metal,Insufficient_Evidence,,0.0,,0,,,,Excluded from recommendation pool because deterministic evidence is insufficient,False,30
VEG_012,Green Chilli,PM031,PET/PE laminate,Multilayer laminate/structure,Multilayer,Insufficient_Evidence,,0.0,,0,,,,Excluded from recommendation pool because deterministic evidence is insufficient,False,31
VEG_012,Green Chilli,PM032,PA/PE laminate,Multilayer laminate/structure,Multilayer,Insufficient_Evidence,,0.0,,0,,,,Excluded from recommendation pool because deterministic evidence is insufficient,False,32
VEG_012,Green Chilli,PM033,PET/CPP laminate,Multilayer laminate/structure,Multilayer,Insufficient_Evidence,,0.0,,0,,,,Excluded from recommendation pool because deterministic evidence is insufficient,False,33
VEG_012,Green Chilli,PM034,PET/Al/PE laminate,Multilayer laminate/structure,Multilayer,Insufficient_Evidence,,0.0,,0,,,,Excluded from recommendation pool because deterministic evidence is insufficient,False,34
VEG_012,Green Chilli,PM035,PET/EVOH/PE laminate,Multilayer laminate/structure,Multilayer,Insufficient_Evidence,,0.0,,0,,,,Excluded from recommendation pool because deterministic evidence is insufficient,False,35
VEG_012,Green Chilli,PM036,PE/PA/EVOH/PE laminate,Multilayer laminate/structure,Multilayer,Insufficient_Evidence,,0.0,,0,,,,Excluded from recommendation pool because deterministic evidence is insufficient,False,36
VEG_012,Green Chilli,PM037,BOPP/CPP laminate,Multilayer laminate/structure,Multilayer,Insufficient_Evidence,,0.0,,0,,,,Excluded from recommendation pool because deterministic evidence is insufficient,False,37
VEG_012,Green Chilli,PM038,Micro-perforated PE film,Fresh-produce breathable film,Perforated film,Insufficient_Evidence,,0.0,,0,,,,Excluded from recommendation pool because deterministic evidence is insufficient,False,38
VEG_012,Green Chilli,PM039,Micro-perforated PP film,Fresh-produce breathable film,Perforated film,Insufficient_Evidence,,0.0,,0,,,,Excluded from recommendation pool because deterministic evidence is insufficient,False,39
VEG_012,Green Chilli,PM040,Breathable cellulose film,Fresh-produce breathable film,Breathable film,Insufficient_Evidence,,0.0,,0,,,,Excluded from recommendation pool because deterministic evidence is insufficient,False,40
PREP_029,Grilled chicken,PM002,LLDPE,Polymer film,Single polymer/coating,Conditionally_Compatible,70.0,0.4000000000000001,,0,72.8024,,,,True,1
PREP_029,Grilled chicken,PM003,MDPE,Polymer film,Single polymer/coating,Conditionally_Compatible,70.0,0.4000000000000001,,0,72.8024,,,,True,2
PREP_029,Grilled chicken,PM004,HDPE,Polymer film,Single polymer/coating,Conditionally_Compatible,70.0,0.4000000000000001,,0,72.8024,,,,True,3
PREP_029,Grilled chicken,PM005,PP,Polymer film,Single polymer/coating,Conditionally_Compatible,70.0,0.4000000000000001,,0,72.8024,,,,True,4
PREP_029,Grilled chicken,PM006,CPP,Polymer film,Single polymer/coating,Conditionally_Compatible,70.0,0.4000000000000001,,0,72.8024,,,,True,5
PREP_029,Grilled chicken,PM031,PET/PE laminate,Multilayer laminate/structure,Multilayer,Conditionally_Compatible,70.0,0.4000000000000001,,0,72.8024,,,,True,6
PREP_029,Grilled chicken,PM033,PET/CPP laminate,Multilayer laminate/structure,Multilayer,Conditionally_Compatible,70.0,0.4000000000000001,,0,72.8024,,,,True,7
PREP_029,Grilled chicken,PM037,BOPP/CPP laminate,Multilayer laminate/structure,Multilayer,Conditionally_Compatible,70.0,0.4000000000000001,,0,72.8024,,,,True,8
PREP_029,Grilled chicken,PM039,Micro-perforated PP film,Fresh-produce breathable film,Perforated film,Conditionally_Compatible,70.0,0.4000000000000001,,0,72.8024,,,,True,9
PREP_029,Grilled chicken,PM001,LDPE,Polymer film,Single polymer/coating,Conditionally_Compatible,61.25,0.4000000000000001,,0,65.4521,,,,True,10
PREP_029,Grilled chicken,PM025,Coated cellulose film,Paper/cellulosic,Paper/film,Conditionally_Compatible,61.25,0.4000000000000001,,0,65.4521,,,,True,11
PREP_029,Grilled chicken,PM032,PA/PE laminate,Multilayer laminate/structure,Multilayer,Conditionally_Compatible,61.25,0.4000000000000001,,0,65.4521,,,,True,12
PREP_029,Grilled chicken,PM038,Micro-perforated PE film,Fresh-produce breathable film,Perforated film,Conditionally_Compatible,61.25,0.4000000000000001,,0,65.4521,,,,True,13
PREP_029,Grilled chicken,PM018,PVC plasticized,Polymer film,Single polymer/coating,Conditionally_Compatible,54.16,0.3000000000000001,,0,58.4962,,,,True,14
PREP_029,Grilled chicken,PM007,BOPP,Polymer film,Single polymer/coating,Low_Compatibility,52.5,0.4000000000000001,,0,58.1018,,,,True,15
PREP_029,Grilled chicken,PM009,PET,Polymer film,Single polymer/coating,Low_Compatibility,52.5,0.4000000000000001,,0,58.1018,,,,True,16
PREP_029,Grilled chicken,PM010,BOPET,Polymer film,Single polymer/coating,Low_Compatibility,52.5,0.4000000000000001,,0,58.1018,,,,True,17
PREP_029,Grilled chicken,PM013,PA6 / Nylon-6,Multilayer laminate/structure,Multilayer,Low_Compatibility,52.5,0.4000000000000001,,0,58.1018,,,,True,18
PREP_029,Grilled chicken,PM014,BOPA / Oriented Nylon,Multilayer laminate/structure,Multilayer,Low_Compatibility,52.5,0.4000000000000001,,0,58.1018,,,,True,19
PREP_029,Grilled chicken,PM016,PVdC,Polymer film,Single polymer/coating,Conditionally_Compatible,52.5,0.4000000000000001,,0,58.1018,,,,True,20
PREP_029,Grilled chicken,PM017,PVC rigid,Polymer film,Single polymer/coating,Conditionally_Compatible,52.5,0.4000000000000001,,0,58.1018,,,,True,21
PREP_029,Grilled chicken,PM020,HIPS,Polymer film,Single polymer/coating,Conditionally_Compatible,52.5,0.4000000000000001,,0,58.1018,,,,True,22
PREP_029,Grilled chicken,PM022,PLA,Biodegradable polymer,Polymer film,Conditionally_Compatible,52.5,0.4000000000000001,,0,58.1018,,,,True,23
PREP_029,Grilled chicken,PM023,PHA,Biodegradable polymer,Polymer film,Conditionally_Compatible,52.5,0.4000000000000001,,0,58.1018,,,,True,24
PREP_029,Grilled chicken,PM034,PET/Al/PE laminate,Multilayer laminate/structure,Multilayer,Conditionally_Compatible,52.5,0.4000000000000001,,0,58.1018,,,,True,25
PREP_029,Grilled chicken,PM035,PET/EVOH/PE laminate,Multilayer laminate/structure,Multilayer,Conditionally_Compatible,52.5,0.4000000000000001,,0,58.1018,,,,True,26
PREP_029,Grilled chicken,PM008,Metallized BOPP,Polymer film,Single polymer/coating,Low_Compatibility,43.75,0.4000000000000001,,0,50.7515,,,,True,27
PREP_029,Grilled chicken,PM011,Metallized PET,Polymer film,Single polymer/coating,Low_Compatibility,43.75,0.4000000000000001,,0,50.7515,,,,True,28
PREP_029,Grilled chicken,PM012,PVdC-coated PET,Polymer film,Single polymer/coating,Low_Compatibility,43.75,0.4000000000000001,,0,50.7515,,,,True,29
PREP_029,Grilled chicken,PM015,EVOH,Polymer film,Single polymer/coating,Low_Compatibility,43.75,0.4000000000000001,,0,50.7515,,,,True,30
PREP_029,Grilled chicken,PM019,PS,Polymer film,Single polymer/coating,Low_Compatibility,43.75,0.4000000000000001,,0,50.7515,,,,True,31
PREP_029,Grilled chicken,PM027,Coated paper,Paper/cellulosic,Paper/film,Low_Compatibility,43.75,0.4000000000000001,,0,50.7515,,,,True,32
PREP_029,Grilled chicken,PM036,PE/PA/EVOH/PE laminate,Multilayer laminate/structure,Multilayer,Low_Compatibility,43.34,0.3000000000000001,,0,49.4071,,,,True,33
PREP_029,Grilled chicken,PM026,Kraft paper,Paper/cellulosic,Paper/film,Low_Compatibility,35.0,0.4000000000000001,,0,43.4012,,,,True,34
PREP_029,Grilled chicken,PM028,Glassine paper,Paper/cellulosic,Paper/film,Low_Compatibility,35.0,0.4000000000000001,,0,43.4012,,,,True,35
PREP_029,Grilled chicken,PM029,Aluminum foil,Metal,Rigid/foil metal,Low_Compatibility,35.0,0.4000000000000001,,0,43.4012,,,,True,36
PREP_029,Grilled chicken,PM024,Cellulose film,Paper/cellulosic,Paper/film,Low_Compatibility,32.5,0.3000000000000001,,0,40.3011,,,,True,37
PREP_029,Grilled chicken,PM040,Breathable cellulose film,Fresh-produce breathable film,Breathable film,Low_Compatibility,32.5,0.3000000000000001,,0,40.3011,,,,True,38
PREP_029,Grilled chicken,PM030,Tinplate steel,Metal,Rigid/foil metal,Low_Compatibility,21.66,0.3000000000000001,,0,31.1951,,,,True,39
PREP_029,Grilled chicken,PM021,EPS,Polymer film,Single polymer/coating,Low_Compatibility,17.5,0.4000000000000001,,0,28.7006,,,,True,40
FRU_009,Guava,PM001,LDPE,Polymer film,Single polymer/coating,Insufficient_Evidence,,0.0,,0,,,,Excluded from recommendation pool because deterministic evidence is insufficient,False,1
FRU_009,Guava,PM002,LLDPE,Polymer film,Single polymer/coating,Insufficient_Evidence,,0.0,,0,,,,Excluded from recommendation pool because deterministic evidence is insufficient,False,2
FRU_009,Guava,PM003,MDPE,Polymer film,Single polymer/coating,Insufficient_Evidence,,0.0,,0,,,,Excluded from recommendation pool because deterministic evidence is insufficient,False,3
FRU_009,Guava,PM004,HDPE,Polymer film,Single polymer/coating,Insufficient_Evidence,,0.0,,0,,,,Excluded from recommendation pool because deterministic evidence is insufficient,False,4
FRU_009,Guava,PM005,PP,Polymer film,Single polymer/coating,Insufficient_Evidence,,0.0,,0,,,,Excluded from recommendation pool because deterministic evidence is insufficient,False,5
FRU_009,Guava,PM006,CPP,Polymer film,Single polymer/coating,Insufficient_Evidence,,0.0,,0,,,,Excluded from recommendation pool because deterministic evidence is insufficient,False,6
FRU_009,Guava,PM007,BOPP,Polymer film,Single polymer/coating,Insufficient_Evidence,,0.0,,0,,,,Excluded from recommendation pool because deterministic evidence is insufficient,False,7
FRU_009,Guava,PM008,Metallized BOPP,Polymer film,Single polymer/coating,Insufficient_Evidence,,0.0,,0,,,,Excluded from recommendation pool because deterministic evidence is insufficient,False,8
FRU_009,Guava,PM009,PET,Polymer film,Single polymer/coating,Insufficient_Evidence,,0.0,,0,,,,Excluded from recommendation pool because deterministic evidence is insufficient,False,9
FRU_009,Guava,PM010,BOPET,Polymer film,Single polymer/coating,Insufficient_Evidence,,0.0,,0,,,,Excluded from recommendation pool because deterministic evidence is insufficient,False,10
FRU_009,Guava,PM011,Metallized PET,Polymer film,Single polymer/coating,Insufficient_Evidence,,0.0,,0,,,,Excluded from recommendation pool because deterministic evidence is insufficient,False,11
FRU_009,Guava,PM012,PVdC-coated PET,Polymer film,Single polymer/coating,Insufficient_Evidence,,0.0,,0,,,,Excluded from recommendation pool because deterministic evidence is insufficient,False,12
FRU_009,Guava,PM013,PA6 / Nylon-6,Multilayer laminate/structure,Multilayer,Insufficient_Evidence,,0.0,,0,,,,Excluded from recommendation pool because deterministic evidence is insufficient,False,13
FRU_009,Guava,PM014,BOPA / Oriented Nylon,Multilayer laminate/structure,Multilayer,Insufficient_Evidence,,0.0,,0,,,,Excluded from recommendation pool because deterministic evidence is insufficient,False,14
FRU_009,Guava,PM015,EVOH,Polymer film,Single polymer/coating,Insufficient_Evidence,,0.0,,0,,,,Excluded from recommendation pool because deterministic evidence is insufficient,False,15
FRU_009,Guava,PM016,PVdC,Polymer film,Single polymer/coating,Insufficient_Evidence,,0.0,,0,,,,Excluded from recommendation pool because deterministic evidence is insufficient,False,16
FRU_009,Guava,PM017,PVC rigid,Polymer film,Single polymer/coating,Insufficient_Evidence,,0.0,,0,,,,Excluded from recommendation pool because deterministic evidence is insufficient,False,17
FRU_009,Guava,PM018,PVC plasticized,Polymer film,Single polymer/coating,Insufficient_Evidence,,0.0,,0,,,,Excluded from recommendation pool because deterministic evidence is insufficient,False,18
FRU_009,Guava,PM019,PS,Polymer film,Single polymer/coating,Insufficient_Evidence,,0.0,,0,,,,Excluded from recommendation pool because deterministic evidence is insufficient,False,19
FRU_009,Guava,PM020,HIPS,Polymer film,Single polymer/coating,Insufficient_Evidence,,0.0,,0,,,,Excluded from recommendation pool because deterministic evidence is insufficient,False,20
FRU_009,Guava,PM021,EPS,Polymer film,Single polymer/coating,Insufficient_Evidence,,0.0,,0,,,,Excluded from recommendation pool because deterministic evidence is insufficient,False,21
FRU_009,Guava,PM022,PLA,Biodegradable polymer,Polymer film,Insufficient_Evidence,,0.0,,0,,,,Excluded from recommendation pool because deterministic evidence is insufficient,False,22
FRU_009,Guava,PM023,PHA,Biodegradable polymer,Polymer film,Insufficient_Evidence,,0.0,,0,,,,Excluded from recommendation pool because deterministic evidence is insufficient,False,23
FRU_009,Guava,PM024,Cellulose film,Paper/cellulosic,Paper/film,Insufficient_Evidence,,0.0,,0,,,,Excluded from recommendation pool because deterministic evidence is insufficient,False,24
FRU_009,Guava,PM025,Coated cellulose film,Paper/cellulosic,Paper/film,Insufficient_Evidence,,0.0,,0,,,,Excluded from recommendation pool because deterministic evidence is insufficient,False,25
FRU_009,Guava,PM026,Kraft paper,Paper/cellulosic,Paper/film,Insufficient_Evidence,,0.0,,0,,,,Excluded from recommendation pool because deterministic evidence is insufficient,False,26
FRU_009,Guava,PM027,Coated paper,Paper/cellulosic,Paper/film,Insufficient_Evidence,,0.0,,0,,,,Excluded from recommendation pool because deterministic evidence is insufficient,False,27
FRU_009,Guava,PM028,Glassine paper,Paper/cellulosic,Paper/film,Insufficient_Evidence,,0.0,,0,,,,Excluded from recommendation pool because deterministic evidence is insufficient,False,28
FRU_009,Guava,PM029,Aluminum foil,Metal,Rigid/foil metal,Insufficient_Evidence,,0.0,,0,,,,Excluded from recommendation pool because deterministic evidence is insufficient,False,29
FRU_009,Guava,PM030,Tinplate steel,Metal,Rigid/foil metal,Insufficient_Evidence,,0.0,,0,,,,Excluded from recommendation pool because deterministic evidence is insufficient,False,30
FRU_009,Guava,PM031,PET/PE laminate,Multilayer laminate/structure,Multilayer,Insufficient_Evidence,,0.0,,0,,,,Excluded from recommendation pool because deterministic evidence is insufficient,False,31
FRU_009,Guava,PM032,PA/PE laminate,Multilayer laminate/structure,Multilayer,Insufficient_Evidence,,0.0,,0,,,,Excluded from recommendation pool because deterministic evidence is insufficient,False,32
FRU_009,Guava,PM033,PET/CPP laminate,Multilayer laminate/structure,Multilayer,Insufficient_Evidence,,0.0,,0,,,,Excluded from recommendation pool because deterministic evidence is insufficient,False,33
FRU_009,Guava,PM034,PET/Al/PE laminate,Multilayer laminate/structure,Multilayer,Insufficient_Evidence,,0.0,,0,,,,Excluded from recommendation pool because deterministic evidence is insufficient,False,34
FRU_009,Guava,PM035,PET/EVOH/PE laminate,Multilayer laminate/structure,Multilayer,Insufficient_Evidence,,0.0,,0,,,,Excluded from recommendation pool because deterministic evidence is insufficient,False,35
FRU_009,Guava,PM036,PE/PA/EVOH/PE laminate,Multilayer laminate/structure,Multilayer,Insufficient_Evidence,,0.0,,0,,,,Excluded from recommendation pool because deterministic evidence is insufficient,False,36
FRU_009,Guava,PM037,BOPP/CPP laminate,Multilayer laminate/structure,Multilayer,Insufficient_Evidence,,0.0,,0,,,,Excluded from recommendation pool because deterministic evidence is insufficient,False,37
FRU_009,Guava,PM038,Micro-perforated PE film,Fresh-produce breathable film,Perforated film,Insufficient_Evidence,,0.0,,0,,,,Excluded from recommendation pool because deterministic evidence is insufficient,False,38
FRU_009,Guava,PM039,Micro-perforated PP film,Fresh-produce breathable film,Perforated film,Insufficient_Evidence,,0.0,,0,,,,Excluded from recommendation pool because deterministic evidence is insufficient,False,39
FRU_009,Guava,PM040,Breathable cellulose film,Fresh-produce breathable film,Breathable film,Insufficient_Evidence,,0.0,,0,,,,Excluded from recommendation pool because deterministic evidence is insufficient,False,40
PREP_035,Gulab jamun,PM001,LDPE,Polymer film,Single polymer/coating,Conditionally_Compatible,70.0,0.4000000000000001,,0,72.8024,,,,True,1
PREP_035,Gulab jamun,PM002,LLDPE,Polymer film,Single polymer/coating,Conditionally_Compatible,70.0,0.4000000000000001,,0,72.8024,,,,True,2
PREP_035,Gulab jamun,PM003,MDPE,Polymer film,Single polymer/coating,Conditionally_Compatible,70.0,0.4000000000000001,,0,72.8024,,,,True,3
PREP_035,Gulab jamun,PM004,HDPE,Polymer film,Single polymer/coating,Conditionally_Compatible,70.0,0.4000000000000001,,0,72.8024,,,,True,4
PREP_035,Gulab jamun,PM005,PP,Polymer film,Single polymer/coating,Conditionally_Compatible,70.0,0.4000000000000001,,0,72.8024,,,,True,5
PREP_035,Gulab jamun,PM006,CPP,Polymer film,Single polymer/coating,Conditionally_Compatible,70.0,0.4000000000000001,,0,72.8024,,,,True,6
PREP_035,Gulab jamun,PM016,PVdC,Polymer film,Single polymer/coating,Conditionally_Compatible,70.0,0.4000000000000001,,0,72.8024,,,,True,7
PREP_035,Gulab jamun,PM025,Coated cellulose film,Paper/cellulosic,Paper/film,Conditionally_Compatible,70.0,0.4000000000000001,,0,72.8024,,,,True,8
PREP_035,Gulab jamun,PM031,PET/PE laminate,Multilayer laminate/structure,Multilayer,Conditionally_Compatible,70.0,0.4000000000000001,,0,72.8024,,,,True,9
PREP_035,Gulab jamun,PM032,PA/PE laminate,Multilayer laminate/structure,Multilayer,Conditionally_Compatible,70.0,0.4000000000000001,,0,72.8024,,,,True,10
PREP_035,Gulab jamun,PM033,PET/CPP laminate,Multilayer laminate/structure,Multilayer,Conditionally_Compatible,70.0,0.4000000000000001,,0,72.8024,,,,True,11
PREP_035,Gulab jamun,PM037,BOPP/CPP laminate,Multilayer laminate/structure,Multilayer,Conditionally_Compatible,70.0,0.4000000000000001,,0,72.8024,,,,True,12
PREP_035,Gulab jamun,PM038,Micro-perforated PE film,Fresh-produce breathable film,Perforated film,Conditionally_Compatible,70.0,0.4000000000000001,,0,72.8024,,,,True,13
PREP_035,Gulab jamun,PM039,Micro-perforated PP film,Fresh-produce breathable film,Perforated film,Conditionally_Compatible,70.0,0.4000000000000001,,0,72.8024,,,,True,14
PREP_035,Gulab jamun,PM017,PVC rigid,Polymer film,Single polymer/coating,Conditionally_Compatible,61.25,0.4000000000000001,,0,65.4521,,,,True,15
PREP_035,Gulab jamun,PM020,HIPS,Polymer film,Single polymer/coating,Conditionally_Compatible,61.25,0.4000000000000001,,0,65.4521,,,,True,16
PREP_035,Gulab jamun,PM022,PLA,Biodegradable polymer,Polymer film,Conditionally_Compatible,61.25,0.4000000000000001,,0,65.4521,,,,True,17
PREP_035,Gulab jamun,PM023,PHA,Biodegradable polymer,Polymer film,Conditionally_Compatible,61.25,0.4000000000000001,,0,65.4521,,,,True,18
PREP_035,Gulab jamun,PM034,PET/Al/PE laminate,Multilayer laminate/structure,Multilayer,Conditionally_Compatible,61.25,0.4000000000000001,,0,65.4521,,,,True,19
PREP_035,Gulab jamun,PM035,PET/EVOH/PE laminate,Multilayer laminate/structure,Multilayer,Conditionally_Compatible,61.25,0.4000000000000001,,0,65.4521,,,,True,20
PREP_035,Gulab jamun,PM018,PVC plasticized,Polymer film,Single polymer/coating,Conditionally_Compatible,54.16,0.3000000000000001,,0,58.4962,,,,True,21
PREP_035,Gulab jamun,PM036,PE/PA/EVOH/PE laminate,Multilayer laminate/structure,Multilayer,Conditionally_Compatible,54.16,0.3000000000000001,,0,58.4962,,,,True,22
PREP_035,Gulab jamun,PM007,BOPP,Polymer film,Single polymer/coating,Low_Compatibility,52.5,0.4000000000000001,,0,58.1018,,,,True,23
PREP_035,Gulab jamun,PM008,Metallized BOPP,Polymer film,Single polymer/coating,Low_Compatibility,52.5,0.4000000000000001,,0,58.1018,,,,True,24
PREP_035,Gulab jamun,PM009,PET,Polymer film,Single polymer/coating,Low_Compatibility,52.5,0.4000000000000001,,0,58.1018,,,,True,25
PREP_035,Gulab jamun,PM010,BOPET,Polymer film,Single polymer/coating,Low_Compatibility,52.5,0.4000000000000001,,0,58.1018,,,,True,26
PREP_035,Gulab jamun,PM011,Metallized PET,Polymer film,Single polymer/coating,Low_Compatibility,52.5,0.4000000000000001,,0,58.1018,,,,True,27
PREP_035,Gulab jamun,PM012,PVdC-coated PET,Polymer film,Single polymer/coating,Low_Compatibility,52.5,0.4000000000000001,,0,58.1018,,,,True,28
PREP_035,Gulab jamun,PM013,PA6 / Nylon-6,Multilayer laminate/structure,Multilayer,Low_Compatibility,52.5,0.4000000000000001,,0,58.1018,,,,True,29
PREP_035,Gulab jamun,PM014,BOPA / Oriented Nylon,Multilayer laminate/structure,Multilayer,Low_Compatibility,52.5,0.4000000000000001,,0,58.1018,,,,True,30
PREP_035,Gulab jamun,PM015,EVOH,Polymer film,Single polymer/coating,Low_Compatibility,52.5,0.4000000000000001,,0,58.1018,,,,True,31
PREP_035,Gulab jamun,PM019,PS,Polymer film,Single polymer/coating,Conditionally_Compatible,52.5,0.4000000000000001,,0,58.1018,,,,True,32
PREP_035,Gulab jamun,PM027,Coated paper,Paper/cellulosic,Paper/film,Low_Compatibility,43.75,0.4000000000000001,,0,50.7515,,,,True,33
PREP_035,Gulab jamun,PM028,Glassine paper,Paper/cellulosic,Paper/film,Low_Compatibility,43.75,0.4000000000000001,,0,50.7515,,,,True,34
PREP_035,Gulab jamun,PM029,Aluminum foil,Metal,Rigid/foil metal,Low_Compatibility,43.75,0.4000000000000001,,0,50.7515,,,,True,35
PREP_035,Gulab jamun,PM026,Kraft paper,Paper/cellulosic,Paper/film,Low_Compatibility,35.0,0.4000000000000001,,0,43.4012,,,,True,36
PREP_035,Gulab jamun,PM024,Cellulose film,Paper/cellulosic,Paper/film,Low_Compatibility,32.5,0.3000000000000001,,0,40.3011,,,,True,37
PREP_035,Gulab jamun,PM030,Tinplate steel,Metal,Rigid/foil metal,Low_Compatibility,32.5,0.3000000000000001,,0,40.3011,,,,True,38
PREP_035,Gulab jamun,PM040,Breathable cellulose film,Fresh-produce breathable film,Breathable film,Low_Compatibility,32.5,0.3000000000000001,,0,40.3011,,,,True,39
PREP_035,Gulab jamun,PM021,EPS,Polymer film,Single polymer/coating,Low_Compatibility,26.25,0.4000000000000001,,0,36.0509,,,,True,40
PREP_039,Halwa,PM001,LDPE,Polymer film,Single polymer/coating,Conditionally_Compatible,70.0,0.4000000000000001,,0,72.8024,,,,True,1
PREP_039,Halwa,PM002,LLDPE,Polymer film,Single polymer/coating,Conditionally_Compatible,70.0,0.4000000000000001,,0,72.8024,,,,True,2
PREP_039,Halwa,PM003,MDPE,Polymer film,Single polymer/coating,Conditionally_Compatible,70.0,0.4000000000000001,,0,72.8024,,,,True,3
PREP_039,Halwa,PM004,HDPE,Polymer film,Single polymer/coating,Conditionally_Compatible,70.0,0.4000000000000001,,0,72.8024,,,,True,4
PREP_039,Halwa,PM005,PP,Polymer film,Single polymer/coating,Conditionally_Compatible,70.0,0.4000000000000001,,0,72.8024,,,,True,5
PREP_039,Halwa,PM006,CPP,Polymer film,Single polymer/coating,Conditionally_Compatible,70.0,0.4000000000000001,,0,72.8024,,,,True,6
PREP_039,Halwa,PM016,PVdC,Polymer film,Single polymer/coating,Conditionally_Compatible,70.0,0.4000000000000001,,0,72.8024,,,,True,7
PREP_039,Halwa,PM025,Coated cellulose film,Paper/cellulosic,Paper/film,Conditionally_Compatible,70.0,0.4000000000000001,,0,72.8024,,,,True,8
PREP_039,Halwa,PM031,PET/PE laminate,Multilayer laminate/structure,Multilayer,Conditionally_Compatible,70.0,0.4000000000000001,,0,72.8024,,,,True,9
PREP_039,Halwa,PM032,PA/PE laminate,Multilayer laminate/structure,Multilayer,Conditionally_Compatible,70.0,0.4000000000000001,,0,72.8024,,,,True,10
PREP_039,Halwa,PM033,PET/CPP laminate,Multilayer laminate/structure,Multilayer,Conditionally_Compatible,70.0,0.4000000000000001,,0,72.8024,,,,True,11
PREP_039,Halwa,PM037,BOPP/CPP laminate,Multilayer laminate/structure,Multilayer,Conditionally_Compatible,70.0,0.4000000000000001,,0,72.8024,,,,True,12
PREP_039,Halwa,PM038,Micro-perforated PE film,Fresh-produce breathable film,Perforated film,Conditionally_Compatible,70.0,0.4000000000000001,,0,72.8024,,,,True,13
PREP_039,Halwa,PM039,Micro-perforated PP film,Fresh-produce breathable film,Perforated film,Conditionally_Compatible,70.0,0.4000000000000001,,0,72.8024,,,,True,14
PREP_039,Halwa,PM017,PVC rigid,Polymer film,Single polymer/coating,Conditionally_Compatible,61.25,0.4000000000000001,,0,65.4521,,,,True,15
PREP_039,Halwa,PM020,HIPS,Polymer film,Single polymer/coating,Conditionally_Compatible,61.25,0.4000000000000001,,0,65.4521,,,,True,16
PREP_039,Halwa,PM022,PLA,Biodegradable polymer,Polymer film,Conditionally_Compatible,61.25,0.4000000000000001,,0,65.4521,,,,True,17
PREP_039,Halwa,PM023,PHA,Biodegradable polymer,Polymer film,Conditionally_Compatible,61.25,0.4000000000000001,,0,65.4521,,,,True,18
PREP_039,Halwa,PM034,PET/Al/PE laminate,Multilayer laminate/structure,Multilayer,Conditionally_Compatible,61.25,0.4000000000000001,,0,65.4521,,,,True,19
PREP_039,Halwa,PM035,PET/EVOH/PE laminate,Multilayer laminate/structure,Multilayer,Conditionally_Compatible,61.25,0.4000000000000001,,0,65.4521,,,,True,20
PREP_039,Halwa,PM018,PVC plasticized,Polymer film,Single polymer/coating,Conditionally_Compatible,54.16,0.3000000000000001,,0,58.4962,,,,True,21
PREP_039,Halwa,PM036,PE/PA/EVOH/PE laminate,Multilayer laminate/structure,Multilayer,Conditionally_Compatible,54.16,0.3000000000000001,,0,58.4962,,,,True,22
PREP_039,Halwa,PM007,BOPP,Polymer film,Single polymer/coating,Low_Compatibility,52.5,0.4000000000000001,,0,58.1018,,,,True,23
PREP_039,Halwa,PM008,Metallized BOPP,Polymer film,Single polymer/coating,Low_Compatibility,52.5,0.4000000000000001,,0,58.1018,,,,True,24
PREP_039,Halwa,PM009,PET,Polymer film,Single polymer/coating,Low_Compatibility,52.5,0.4000000000000001,,0,58.1018,,,,True,25
PREP_039,Halwa,PM010,BOPET,Polymer film,Single polymer/coating,Low_Compatibility,52.5,0.4000000000000001,,0,58.1018,,,,True,26
PREP_039,Halwa,PM011,Metallized PET,Polymer film,Single polymer/coating,Low_Compatibility,52.5,0.4000000000000001,,0,58.1018,,,,True,27
PREP_039,Halwa,PM012,PVdC-coated PET,Polymer film,Single polymer/coating,Low_Compatibility,52.5,0.4000000000000001,,0,58.1018,,,,True,28
PREP_039,Halwa,PM013,PA6 / Nylon-6,Multilayer laminate/structure,Multilayer,Low_Compatibility,52.5,0.4000000000000001,,0,58.1018,,,,True,29
PREP_039,Halwa,PM014,BOPA / Oriented Nylon,Multilayer laminate/structure,Multilayer,Low_Compatibility,52.5,0.4000000000000001,,0,58.1018,,,,True,30
PREP_039,Halwa,PM015,EVOH,Polymer film,Single polymer/coating,Low_Compatibility,52.5,0.4000000000000001,,0,58.1018,,,,True,31
PREP_039,Halwa,PM019,PS,Polymer film,Single polymer/coating,Conditionally_Compatible,52.5,0.4000000000000001,,0,58.1018,,,,True,32
PREP_039,Halwa,PM027,Coated paper,Paper/cellulosic,Paper/film,Low_Compatibility,43.75,0.4000000000000001,,0,50.7515,,,,True,33
PREP_039,Halwa,PM028,Glassine paper,Paper/cellulosic,Paper/film,Low_Compatibility,43.75,0.4000000000000001,,0,50.7515,,,,True,34
PREP_039,Halwa,PM029,Aluminum foil,Metal,Rigid/foil metal,Low_Compatibility,43.75,0.4000000000000001,,0,50.7515,,,,True,35
PREP_039,Halwa,PM026,Kraft paper,Paper/cellulosic,Paper/film,Low_Compatibility,35.0,0.4000000000000001,,0,43.4012,,,,True,36
PREP_039,Halwa,PM024,Cellulose film,Paper/cellulosic,Paper/film,Low_Compatibility,32.5,0.3000000000000001,,0,40.3011,,,,True,37
PREP_039,Halwa,PM030,Tinplate steel,Metal,Rigid/foil metal,Low_Compatibility,32.5,0.3000000000000001,,0,40.3011,,,,True,38
PREP_039,Halwa,PM040,Breathable cellulose film,Fresh-produce breathable film,Breathable film,Low_Compatibility,32.5,0.3000000000000001,,0,40.3011,,,,True,39
PREP_039,Halwa,PM021,EPS,Polymer film,Single polymer/coating,Low_Compatibility,26.25,0.4000000000000001,,0,36.0509,,,,True,40
PREP_001,Idli,PM002,LLDPE,Polymer film,Single polymer/coating,Conditionally_Compatible,70.0,0.4000000000000001,,0,72.8024,,,,True,1
PREP_001,Idli,PM003,MDPE,Polymer film,Single polymer/coating,Conditionally_Compatible,70.0,0.4000000000000001,,0,72.8024,,,,True,2
PREP_001,Idli,PM004,HDPE,Polymer film,Single polymer/coating,Conditionally_Compatible,70.0,0.4000000000000001,,0,72.8024,,,,True,3
PREP_001,Idli,PM005,PP,Polymer film,Single polymer/coating,Conditionally_Compatible,70.0,0.4000000000000001,,0,72.8024,,,,True,4
PREP_001,Idli,PM006,CPP,Polymer film,Single polymer/coating,Conditionally_Compatible,70.0,0.4000000000000001,,0,72.8024,,,,True,5
PREP_001,Idli,PM031,PET/PE laminate,Multilayer laminate/structure,Multilayer,Conditionally_Compatible,70.0,0.4000000000000001,,0,72.8024,,,,True,6
PREP_001,Idli,PM033,PET/CPP laminate,Multilayer laminate/structure,Multilayer,Conditionally_Compatible,70.0,0.4000000000000001,,0,72.8024,,,,True,7
PREP_001,Idli,PM037,BOPP/CPP laminate,Multilayer laminate/structure,Multilayer,Conditionally_Compatible,70.0,0.4000000000000001,,0,72.8024,,,,True,8
PREP_001,Idli,PM039,Micro-perforated PP film,Fresh-produce breathable film,Perforated film,Conditionally_Compatible,70.0,0.4000000000000001,,0,72.8024,,,,True,9
PREP_001,Idli,PM001,LDPE,Polymer film,Single polymer/coating,Conditionally_Compatible,61.25,0.4000000000000001,,0,65.4521,,,,True,10
PREP_001,Idli,PM025,Coated cellulose film,Paper/cellulosic,Paper/film,Conditionally_Compatible,61.25,0.4000000000000001,,0,65.4521,,,,True,11
PREP_001,Idli,PM032,PA/PE laminate,Multilayer laminate/structure,Multilayer,Conditionally_Compatible,61.25,0.4000000000000001,,0,65.4521,,,,True,12
PREP_001,Idli,PM038,Micro-perforated PE film,Fresh-produce breathable film,Perforated film,Conditionally_Compatible,61.25,0.4000000000000001,,0,65.4521,,,,True,13
PREP_001,Idli,PM018,PVC plasticized,Polymer film,Single polymer/coating,Conditionally_Compatible,54.16,0.3000000000000001,,0,58.4962,,,,True,14
PREP_001,Idli,PM007,BOPP,Polymer film,Single polymer/coating,Low_Compatibility,52.5,0.4000000000000001,,0,58.1018,,,,True,15
PREP_001,Idli,PM009,PET,Polymer film,Single polymer/coating,Low_Compatibility,52.5,0.4000000000000001,,0,58.1018,,,,True,16
PREP_001,Idli,PM010,BOPET,Polymer film,Single polymer/coating,Low_Compatibility,52.5,0.4000000000000001,,0,58.1018,,,,True,17
PREP_001,Idli,PM013,PA6 / Nylon-6,Multilayer laminate/structure,Multilayer,Low_Compatibility,52.5,0.4000000000000001,,0,58.1018,,,,True,18
PREP_001,Idli,PM014,BOPA / Oriented Nylon,Multilayer laminate/structure,Multilayer,Low_Compatibility,52.5,0.4000000000000001,,0,58.1018,,,,True,19
PREP_001,Idli,PM016,PVdC,Polymer film,Single polymer/coating,Conditionally_Compatible,52.5,0.4000000000000001,,0,58.1018,,,,True,20
PREP_001,Idli,PM017,PVC rigid,Polymer film,Single polymer/coating,Conditionally_Compatible,52.5,0.4000000000000001,,0,58.1018,,,,True,21
PREP_001,Idli,PM020,HIPS,Polymer film,Single polymer/coating,Conditionally_Compatible,52.5,0.4000000000000001,,0,58.1018,,,,True,22
PREP_001,Idli,PM022,PLA,Biodegradable polymer,Polymer film,Conditionally_Compatible,52.5,0.4000000000000001,,0,58.1018,,,,True,23
PREP_001,Idli,PM023,PHA,Biodegradable polymer,Polymer film,Conditionally_Compatible,52.5,0.4000000000000001,,0,58.1018,,,,True,24
PREP_001,Idli,PM034,PET/Al/PE laminate,Multilayer laminate/structure,Multilayer,Conditionally_Compatible,52.5,0.4000000000000001,,0,58.1018,,,,True,25
PREP_001,Idli,PM035,PET/EVOH/PE laminate,Multilayer laminate/structure,Multilayer,Conditionally_Compatible,52.5,0.4000000000000001,,0,58.1018,,,,True,26
PREP_001,Idli,PM008,Metallized BOPP,Polymer film,Single polymer/coating,Low_Compatibility,43.75,0.4000000000000001,,0,50.7515,,,,True,27
PREP_001,Idli,PM011,Metallized PET,Polymer film,Single polymer/coating,Low_Compatibility,43.75,0.4000000000000001,,0,50.7515,,,,True,28
PREP_001,Idli,PM012,PVdC-coated PET,Polymer film,Single polymer/coating,Low_Compatibility,43.75,0.4000000000000001,,0,50.7515,,,,True,29
PREP_001,Idli,PM015,EVOH,Polymer film,Single polymer/coating,Low_Compatibility,43.75,0.4000000000000001,,0,50.7515,,,,True,30
PREP_001,Idli,PM019,PS,Polymer film,Single polymer/coating,Low_Compatibility,43.75,0.4000000000000001,,0,50.7515,,,,True,31
PREP_001,Idli,PM027,Coated paper,Paper/cellulosic,Paper/film,Low_Compatibility,43.75,0.4000000000000001,,0,50.7515,,,,True,32
PREP_001,Idli,PM036,PE/PA/EVOH/PE laminate,Multilayer laminate/structure,Multilayer,Low_Compatibility,43.34,0.3000000000000001,,0,49.4071,,,,True,33
PREP_001,Idli,PM026,Kraft paper,Paper/cellulosic,Paper/film,Low_Compatibility,35.0,0.4000000000000001,,0,43.4012,,,,True,34
PREP_001,Idli,PM028,Glassine paper,Paper/cellulosic,Paper/film,Low_Compatibility,35.0,0.4000000000000001,,0,43.4012,,,,True,35
PREP_001,Idli,PM029,Aluminum foil,Metal,Rigid/foil metal,Low_Compatibility,35.0,0.4000000000000001,,0,43.4012,,,,True,36
PREP_001,Idli,PM024,Cellulose film,Paper/cellulosic,Paper/film,Low_Compatibility,32.5,0.3000000000000001,,0,40.3011,,,,True,37
PREP_001,Idli,PM040,Breathable cellulose film,Fresh-produce breathable film,Breathable film,Low_Compatibility,32.5,0.3000000000000001,,0,40.3011,,,,True,38
PREP_001,Idli,PM030,Tinplate steel,Metal,Rigid/foil metal,Low_Compatibility,21.66,0.3000000000000001,,0,31.1951,,,,True,39
PREP_001,Idli,PM021,EPS,Polymer film,Single polymer/coating,Low_Compatibility,17.5,0.4000000000000001,,0,28.7006,,,,True,40
SEA_003,Indian mackerel,PM002,LLDPE,Polymer film,Single polymer/coating,Conditionally_Compatible,72.22,0.4444444444444445,,0,75.1117,,,,True,1
SEA_003,Indian mackerel,PM003,MDPE,Polymer film,Single polymer/coating,Conditionally_Compatible,72.22,0.4444444444444445,,0,75.1117,,,,True,2
SEA_003,Indian mackerel,PM006,CPP,Polymer film,Single polymer/coating,Conditionally_Compatible,72.22,0.4444444444444445,,0,75.1117,,,,True,3
SEA_003,Indian mackerel,PM031,PET/PE laminate,Multilayer laminate/structure,Multilayer,Conditionally_Compatible,72.22,0.4444444444444445,,0,75.1117,,,,True,4
SEA_003,Indian mackerel,PM032,PA/PE laminate,Multilayer laminate/structure,Multilayer,Conditionally_Compatible,72.22,0.4444444444444445,,0,75.1117,,,,True,5
SEA_003,Indian mackerel,PM033,PET/CPP laminate,Multilayer laminate/structure,Multilayer,Conditionally_Compatible,72.22,0.4444444444444445,,0,75.1117,,,,True,6
SEA_003,Indian mackerel,PM037,BOPP/CPP laminate,Multilayer laminate/structure,Multilayer,Conditionally_Compatible,72.22,0.4444444444444445,,0,75.1117,,,,True,7
SEA_003,Indian mackerel,PM039,Micro-perforated PP film,Fresh-produce breathable film,Perforated film,Conditionally_Compatible,72.22,0.4444444444444445,,0,75.1117,,,,True,8
SEA_003,Indian mackerel,PM001,LDPE,Polymer film,Single polymer/coating,Conditionally_Compatible,63.19,0.4444444444444445,,0,67.5262,,,,True,9
SEA_003,Indian mackerel,PM004,HDPE,Polymer film,Single polymer/coating,Conditionally_Compatible,63.19,0.4444444444444445,,0,67.5262,,,,True,10
SEA_003,Indian mackerel,PM005,PP,Polymer film,Single polymer/coating,Conditionally_Compatible,63.19,0.4444444444444445,,0,67.5262,,,,True,11
SEA_003,Indian mackerel,PM034,PET/Al/PE laminate,Multilayer laminate/structure,Multilayer,Conditionally_Compatible,63.19,0.4444444444444445,,0,67.5262,,,,True,12
SEA_003,Indian mackerel,PM035,PET/EVOH/PE laminate,Multilayer laminate/structure,Multilayer,Conditionally_Compatible,63.19,0.4444444444444445,,0,67.5262,,,,True,13
SEA_003,Indian mackerel,PM038,Micro-perforated PE film,Fresh-produce breathable film,Perforated film,Conditionally_Compatible,63.19,0.4444444444444445,,0,67.5262,,,,True,14
SEA_003,Indian mackerel,PM036,PE/PA/EVOH/PE laminate,Multilayer laminate/structure,Multilayer,Conditionally_Compatible,55.55,0.3333333333333334,,0,59.9972,,,,True,15
SEA_003,Indian mackerel,PM007,BOPP,Polymer film,Single polymer/coating,Low_Compatibility,54.17,0.4444444444444445,,0,59.9491,,,,True,16
SEA_003,Indian mackerel,PM008,Metallized BOPP,Polymer film,Single polymer/coating,Low_Compatibility,54.17,0.4444444444444445,,0,59.9491,,,,True,17
SEA_003,Indian mackerel,PM009,PET,Polymer film,Single polymer/coating,Low_Compatibility,54.17,0.4444444444444445,,0,59.9491,,,,True,18
SEA_003,Indian mackerel,PM010,BOPET,Polymer film,Single polymer/coating,Low_Compatibility,54.17,0.4444444444444445,,0,59.9491,,,,True,19
SEA_003,Indian mackerel,PM011,Metallized PET,Polymer film,Single polymer/coating,Low_Compatibility,54.17,0.4444444444444445,,0,59.9491,,,,True,20
SEA_003,Indian mackerel,PM012,PVdC-coated PET,Polymer film,Single polymer/coating,Low_Compatibility,54.17,0.4444444444444445,,0,59.9491,,,,True,21
SEA_003,Indian mackerel,PM013,PA6 / Nylon-6,Multilayer laminate/structure,Multilayer,Low_Compatibility,54.17,0.4444444444444445,,0,59.9491,,,,True,22
SEA_003,Indian mackerel,PM014,BOPA / Oriented Nylon,Multilayer laminate/structure,Multilayer,Low_Compatibility,54.17,0.4444444444444445,,0,59.9491,,,,True,23
SEA_003,Indian mackerel,PM016,PVdC,Polymer film,Single polymer/coating,Conditionally_Compatible,54.17,0.4444444444444445,,0,59.9491,,,,True,24
SEA_003,Indian mackerel,PM025,Coated cellulose film,Paper/cellulosic,Paper/film,Conditionally_Compatible,54.17,0.4444444444444445,,0,59.9491,,,,True,25
SEA_003,Indian mackerel,PM015,EVOH,Polymer film,Single polymer/coating,Low_Compatibility,45.14,0.4444444444444445,,0,52.3636,,,,True,26
SEA_003,Indian mackerel,PM017,PVC rigid,Polymer film,Single polymer/coating,Low_Compatibility,45.14,0.4444444444444445,,0,52.3636,,,,True,27
SEA_003,Indian mackerel,PM020,HIPS,Polymer film,Single polymer/coating,Low_Compatibility,45.14,0.4444444444444445,,0,52.3636,,,,True,28
SEA_003,Indian mackerel,PM022,PLA,Biodegradable polymer,Polymer film,Low_Compatibility,45.14,0.4444444444444445,,0,52.3636,,,,True,29
SEA_003,Indian mackerel,PM023,PHA,Biodegradable polymer,Polymer film,Low_Compatibility,45.14,0.4444444444444445,,0,52.3636,,,,True,30
SEA_003,Indian mackerel,PM027,Coated paper,Paper/cellulosic,Paper/film,Low_Compatibility,45.14,0.4444444444444445,,0,52.3636,,,,True,31
SEA_003,Indian mackerel,PM029,Aluminum foil,Metal,Rigid/foil metal,Low_Compatibility,45.14,0.4444444444444445,,0,52.3636,,,,True,32
SEA_003,Indian mackerel,PM018,PVC plasticized,Polymer film,Single polymer/coating,Low_Compatibility,44.45,0.3333333333333334,,0,50.6728,,,,True,33
SEA_003,Indian mackerel,PM019,PS,Polymer film,Single polymer/coating,Low_Compatibility,36.11,0.4444444444444445,,0,44.7781,,,,True,34
SEA_003,Indian mackerel,PM026,Kraft paper,Paper/cellulosic,Paper/film,Low_Compatibility,36.11,0.4444444444444445,,0,44.7781,,,,True,35
SEA_003,Indian mackerel,PM028,Glassine paper,Paper/cellulosic,Paper/film,Low_Compatibility,36.11,0.4444444444444445,,0,44.7781,,,,True,36
SEA_003,Indian mackerel,PM024,Cellulose film,Paper/cellulosic,Paper/film,Low_Compatibility,33.33,0.3333333333333334,,0,41.3317,,,,True,37
SEA_003,Indian mackerel,PM030,Tinplate steel,Metal,Rigid/foil metal,Low_Compatibility,33.33,0.3333333333333334,,0,41.3317,,,,True,38
SEA_003,Indian mackerel,PM040,Breathable cellulose film,Fresh-produce breathable film,Breathable film,Low_Compatibility,33.33,0.3333333333333334,,0,41.3317,,,,True,39
SEA_003,Indian mackerel,PM021,EPS,Polymer film,Single polymer/coating,Low_Compatibility,18.06,0.4444444444444445,,0,29.6155,,,,True,40
FRU_022,Jackfruit,PM001,LDPE,Polymer film,Single polymer/coating,Insufficient_Evidence,,0.0,,0,,,,Excluded from recommendation pool because deterministic evidence is insufficient,False,1
FRU_022,Jackfruit,PM002,LLDPE,Polymer film,Single polymer/coating,Insufficient_Evidence,,0.0,,0,,,,Excluded from recommendation pool because deterministic evidence is insufficient,False,2
FRU_022,Jackfruit,PM003,MDPE,Polymer film,Single polymer/coating,Insufficient_Evidence,,0.0,,0,,,,Excluded from recommendation pool because deterministic evidence is insufficient,False,3
FRU_022,Jackfruit,PM004,HDPE,Polymer film,Single polymer/coating,Insufficient_Evidence,,0.0,,0,,,,Excluded from recommendation pool because deterministic evidence is insufficient,False,4
FRU_022,Jackfruit,PM005,PP,Polymer film,Single polymer/coating,Insufficient_Evidence,,0.0,,0,,,,Excluded from recommendation pool because deterministic evidence is insufficient,False,5
FRU_022,Jackfruit,PM006,CPP,Polymer film,Single polymer/coating,Insufficient_Evidence,,0.0,,0,,,,Excluded from recommendation pool because deterministic evidence is insufficient,False,6
FRU_022,Jackfruit,PM007,BOPP,Polymer film,Single polymer/coating,Insufficient_Evidence,,0.0,,0,,,,Excluded from recommendation pool because deterministic evidence is insufficient,False,7
FRU_022,Jackfruit,PM008,Metallized BOPP,Polymer film,Single polymer/coating,Insufficient_Evidence,,0.0,,0,,,,Excluded from recommendation pool because deterministic evidence is insufficient,False,8
FRU_022,Jackfruit,PM009,PET,Polymer film,Single polymer/coating,Insufficient_Evidence,,0.0,,0,,,,Excluded from recommendation pool because deterministic evidence is insufficient,False,9
FRU_022,Jackfruit,PM010,BOPET,Polymer film,Single polymer/coating,Insufficient_Evidence,,0.0,,0,,,,Excluded from recommendation pool because deterministic evidence is insufficient,False,10
FRU_022,Jackfruit,PM011,Metallized PET,Polymer film,Single polymer/coating,Insufficient_Evidence,,0.0,,0,,,,Excluded from recommendation pool because deterministic evidence is insufficient,False,11
FRU_022,Jackfruit,PM012,PVdC-coated PET,Polymer film,Single polymer/coating,Insufficient_Evidence,,0.0,,0,,,,Excluded from recommendation pool because deterministic evidence is insufficient,False,12
FRU_022,Jackfruit,PM013,PA6 / Nylon-6,Multilayer laminate/structure,Multilayer,Insufficient_Evidence,,0.0,,0,,,,Excluded from recommendation pool because deterministic evidence is insufficient,False,13
FRU_022,Jackfruit,PM014,BOPA / Oriented Nylon,Multilayer laminate/structure,Multilayer,Insufficient_Evidence,,0.0,,0,,,,Excluded from recommendation pool because deterministic evidence is insufficient,False,14
FRU_022,Jackfruit,PM015,EVOH,Polymer film,Single polymer/coating,Insufficient_Evidence,,0.0,,0,,,,Excluded from recommendation pool because deterministic evidence is insufficient,False,15
FRU_022,Jackfruit,PM016,PVdC,Polymer film,Single polymer/coating,Insufficient_Evidence,,0.0,,0,,,,Excluded from recommendation pool because deterministic evidence is insufficient,False,16
FRU_022,Jackfruit,PM017,PVC rigid,Polymer film,Single polymer/coating,Insufficient_Evidence,,0.0,,0,,,,Excluded from recommendation pool because deterministic evidence is insufficient,False,17
FRU_022,Jackfruit,PM018,PVC plasticized,Polymer film,Single polymer/coating,Insufficient_Evidence,,0.0,,0,,,,Excluded from recommendation pool because deterministic evidence is insufficient,False,18
FRU_022,Jackfruit,PM019,PS,Polymer film,Single polymer/coating,Insufficient_Evidence,,0.0,,0,,,,Excluded from recommendation pool because deterministic evidence is insufficient,False,19
FRU_022,Jackfruit,PM020,HIPS,Polymer film,Single polymer/coating,Insufficient_Evidence,,0.0,,0,,,,Excluded from recommendation pool because deterministic evidence is insufficient,False,20
FRU_022,Jackfruit,PM021,EPS,Polymer film,Single polymer/coating,Insufficient_Evidence,,0.0,,0,,,,Excluded from recommendation pool because deterministic evidence is insufficient,False,21
FRU_022,Jackfruit,PM022,PLA,Biodegradable polymer,Polymer film,Insufficient_Evidence,,0.0,,0,,,,Excluded from recommendation pool because deterministic evidence is insufficient,False,22
FRU_022,Jackfruit,PM023,PHA,Biodegradable polymer,Polymer film,Insufficient_Evidence,,0.0,,0,,,,Excluded from recommendation pool because deterministic evidence is insufficient,False,23
FRU_022,Jackfruit,PM024,Cellulose film,Paper/cellulosic,Paper/film,Insufficient_Evidence,,0.0,,0,,,,Excluded from recommendation pool because deterministic evidence is insufficient,False,24
FRU_022,Jackfruit,PM025,Coated cellulose film,Paper/cellulosic,Paper/film,Insufficient_Evidence,,0.0,,0,,,,Excluded from recommendation pool because deterministic evidence is insufficient,False,25
FRU_022,Jackfruit,PM026,Kraft paper,Paper/cellulosic,Paper/film,Insufficient_Evidence,,0.0,,0,,,,Excluded from recommendation pool because deterministic evidence is insufficient,False,26
FRU_022,Jackfruit,PM027,Coated paper,Paper/cellulosic,Paper/film,Insufficient_Evidence,,0.0,,0,,,,Excluded from recommendation pool because deterministic evidence is insufficient,False,27
FRU_022,Jackfruit,PM028,Glassine paper,Paper/cellulosic,Paper/film,Insufficient_Evidence,,0.0,,0,,,,Excluded from recommendation pool because deterministic evidence is insufficient,False,28
FRU_022,Jackfruit,PM029,Aluminum foil,Metal,Rigid/foil metal,Insufficient_Evidence,,0.0,,0,,,,Excluded from recommendation pool because deterministic evidence is insufficient,False,29
FRU_022,Jackfruit,PM030,Tinplate steel,Metal,Rigid/foil metal,Insufficient_Evidence,,0.0,,0,,,,Excluded from recommendation pool because deterministic evidence is insufficient,False,30
FRU_022,Jackfruit,PM031,PET/PE laminate,Multilayer laminate/structure,Multilayer,Insufficient_Evidence,,0.0,,0,,,,Excluded from recommendation pool because deterministic evidence is insufficient,False,31
FRU_022,Jackfruit,PM032,PA/PE laminate,Multilayer laminate/structure,Multilayer,Insufficient_Evidence,,0.0,,0,,,,Excluded from recommendation pool because deterministic evidence is insufficient,False,32
FRU_022,Jackfruit,PM033,PET/CPP laminate,Multilayer laminate/structure,Multilayer,Insufficient_Evidence,,0.0,,0,,,,Excluded from recommendation pool because deterministic evidence is insufficient,False,33
FRU_022,Jackfruit,PM034,PET/Al/PE laminate,Multilayer laminate/structure,Multilayer,Insufficient_Evidence,,0.0,,0,,,,Excluded from recommendation pool because deterministic evidence is insufficient,False,34
FRU_022,Jackfruit,PM035,PET/EVOH/PE laminate,Multilayer laminate/structure,Multilayer,Insufficient_Evidence,,0.0,,0,,,,Excluded from recommendation pool because deterministic evidence is insufficient,False,35
FRU_022,Jackfruit,PM036,PE/PA/EVOH/PE laminate,Multilayer laminate/structure,Multilayer,Insufficient_Evidence,,0.0,,0,,,,Excluded from recommendation pool because deterministic evidence is insufficient,False,36
FRU_022,Jackfruit,PM037,BOPP/CPP laminate,Multilayer laminate/structure,Multilayer,Insufficient_Evidence,,0.0,,0,,,,Excluded from recommendation pool because deterministic evidence is insufficient,False,37
FRU_022,Jackfruit,PM038,Micro-perforated PE film,Fresh-produce breathable film,Perforated film,Insufficient_Evidence,,0.0,,0,,,,Excluded from recommendation pool because deterministic evidence is insufficient,False,38
FRU_022,Jackfruit,PM039,Micro-perforated PP film,Fresh-produce breathable film,Perforated film,Insufficient_Evidence,,0.0,,0,,,,Excluded from recommendation pool because deterministic evidence is insufficient,False,39
FRU_022,Jackfruit,PM040,Breathable cellulose film,Fresh-produce breathable film,Breathable film,Insufficient_Evidence,,0.0,,0,,,,Excluded from recommendation pool because deterministic evidence is insufficient,False,40
PREP_036,Jalebi,PM001,LDPE,Polymer film,Single polymer/coating,Conditionally_Compatible,70.0,0.4000000000000001,,0,72.8024,,,,True,1
PREP_036,Jalebi,PM002,LLDPE,Polymer film,Single polymer/coating,Conditionally_Compatible,70.0,0.4000000000000001,,0,72.8024,,,,True,2
PREP_036,Jalebi,PM003,MDPE,Polymer film,Single polymer/coating,Conditionally_Compatible,70.0,0.4000000000000001,,0,72.8024,,,,True,3
PREP_036,Jalebi,PM004,HDPE,Polymer film,Single polymer/coating,Conditionally_Compatible,70.0,0.4000000000000001,,0,72.8024,,,,True,4
PREP_036,Jalebi,PM005,PP,Polymer film,Single polymer/coating,Conditionally_Compatible,70.0,0.4000000000000001,,0,72.8024,,,,True,5
PREP_036,Jalebi,PM006,CPP,Polymer film,Single polymer/coating,Conditionally_Compatible,70.0,0.4000000000000001,,0,72.8024,,,,True,6
PREP_036,Jalebi,PM016,PVdC,Polymer film,Single polymer/coating,Conditionally_Compatible,70.0,0.4000000000000001,,0,72.8024,,,,True,7
PREP_036,Jalebi,PM025,Coated cellulose film,Paper/cellulosic,Paper/film,Conditionally_Compatible,70.0,0.4000000000000001,,0,72.8024,,,,True,8
PREP_036,Jalebi,PM031,PET/PE laminate,Multilayer laminate/structure,Multilayer,Conditionally_Compatible,70.0,0.4000000000000001,,0,72.8024,,,,True,9
PREP_036,Jalebi,PM032,PA/PE laminate,Multilayer laminate/structure,Multilayer,Conditionally_Compatible,70.0,0.4000000000000001,,0,72.8024,,,,True,10
PREP_036,Jalebi,PM033,PET/CPP laminate,Multilayer laminate/structure,Multilayer,Conditionally_Compatible,70.0,0.4000000000000001,,0,72.8024,,,,True,11
PREP_036,Jalebi,PM037,BOPP/CPP laminate,Multilayer laminate/structure,Multilayer,Conditionally_Compatible,70.0,0.4000000000000001,,0,72.8024,,,,True,12
PREP_036,Jalebi,PM038,Micro-perforated PE film,Fresh-produce breathable film,Perforated film,Conditionally_Compatible,70.0,0.4000000000000001,,0,72.8024,,,,True,13
PREP_036,Jalebi,PM039,Micro-perforated PP film,Fresh-produce breathable film,Perforated film,Conditionally_Compatible,70.0,0.4000000000000001,,0,72.8024,,,,True,14
PREP_036,Jalebi,PM017,PVC rigid,Polymer film,Single polymer/coating,Conditionally_Compatible,61.25,0.4000000000000001,,0,65.4521,,,,True,15
PREP_036,Jalebi,PM020,HIPS,Polymer film,Single polymer/coating,Conditionally_Compatible,61.25,0.4000000000000001,,0,65.4521,,,,True,16
PREP_036,Jalebi,PM022,PLA,Biodegradable polymer,Polymer film,Conditionally_Compatible,61.25,0.4000000000000001,,0,65.4521,,,,True,17
PREP_036,Jalebi,PM023,PHA,Biodegradable polymer,Polymer film,Conditionally_Compatible,61.25,0.4000000000000001,,0,65.4521,,,,True,18
PREP_036,Jalebi,PM034,PET/Al/PE laminate,Multilayer laminate/structure,Multilayer,Conditionally_Compatible,61.25,0.4000000000000001,,0,65.4521,,,,True,19
PREP_036,Jalebi,PM035,PET/EVOH/PE laminate,Multilayer laminate/structure,Multilayer,Conditionally_Compatible,61.25,0.4000000000000001,,0,65.4521,,,,True,20
PREP_036,Jalebi,PM018,PVC plasticized,Polymer film,Single polymer/coating,Conditionally_Compatible,54.16,0.3000000000000001,,0,58.4962,,,,True,21
PREP_036,Jalebi,PM036,PE/PA/EVOH/PE laminate,Multilayer laminate/structure,Multilayer,Conditionally_Compatible,54.16,0.3000000000000001,,0,58.4962,,,,True,22
PREP_036,Jalebi,PM007,BOPP,Polymer film,Single polymer/coating,Low_Compatibility,52.5,0.4000000000000001,,0,58.1018,,,,True,23
PREP_036,Jalebi,PM008,Metallized BOPP,Polymer film,Single polymer/coating,Low_Compatibility,52.5,0.4000000000000001,,0,58.1018,,,,True,24
PREP_036,Jalebi,PM009,PET,Polymer film,Single polymer/coating,Low_Compatibility,52.5,0.4000000000000001,,0,58.1018,,,,True,25
PREP_036,Jalebi,PM010,BOPET,Polymer film,Single polymer/coating,Low_Compatibility,52.5,0.4000000000000001,,0,58.1018,,,,True,26
PREP_036,Jalebi,PM011,Metallized PET,Polymer film,Single polymer/coating,Low_Compatibility,52.5,0.4000000000000001,,0,58.1018,,,,True,27
PREP_036,Jalebi,PM012,PVdC-coated PET,Polymer film,Single polymer/coating,Low_Compatibility,52.5,0.4000000000000001,,0,58.1018,,,,True,28
PREP_036,Jalebi,PM013,PA6 / Nylon-6,Multilayer laminate/structure,Multilayer,Low_Compatibility,52.5,0.4000000000000001,,0,58.1018,,,,True,29
PREP_036,Jalebi,PM014,BOPA / Oriented Nylon,Multilayer laminate/structure,Multilayer,Low_Compatibility,52.5,0.4000000000000001,,0,58.1018,,,,True,30
PREP_036,Jalebi,PM015,EVOH,Polymer film,Single polymer/coating,Low_Compatibility,52.5,0.4000000000000001,,0,58.1018,,,,True,31
PREP_036,Jalebi,PM019,PS,Polymer film,Single polymer/coating,Conditionally_Compatible,52.5,0.4000000000000001,,0,58.1018,,,,True,32
PREP_036,Jalebi,PM027,Coated paper,Paper/cellulosic,Paper/film,Low_Compatibility,43.75,0.4000000000000001,,0,50.7515,,,,True,33
PREP_036,Jalebi,PM028,Glassine paper,Paper/cellulosic,Paper/film,Low_Compatibility,43.75,0.4000000000000001,,0,50.7515,,,,True,34
PREP_036,Jalebi,PM029,Aluminum foil,Metal,Rigid/foil metal,Low_Compatibility,43.75,0.4000000000000001,,0,50.7515,,,,True,35
PREP_036,Jalebi,PM026,Kraft paper,Paper/cellulosic,Paper/film,Low_Compatibility,35.0,0.4000000000000001,,0,43.4012,,,,True,36
PREP_036,Jalebi,PM024,Cellulose film,Paper/cellulosic,Paper/film,Low_Compatibility,32.5,0.3000000000000001,,0,40.3011,,,,True,37
PREP_036,Jalebi,PM030,Tinplate steel,Metal,Rigid/foil metal,Low_Compatibility,32.5,0.3000000000000001,,0,40.3011,,,,True,38
PREP_036,Jalebi,PM040,Breathable cellulose film,Fresh-produce breathable film,Breathable film,Low_Compatibility,32.5,0.3000000000000001,,0,40.3011,,,,True,39
PREP_036,Jalebi,PM021,EPS,Polymer film,Single polymer/coating,Low_Compatibility,26.25,0.4000000000000001,,0,36.0509,,,,True,40
PREP_034,Kachori,PM001,LDPE,Polymer film,Single polymer/coating,Conditionally_Compatible,70.0,0.4000000000000001,,0,72.8024,,,,True,1
PREP_034,Kachori,PM002,LLDPE,Polymer film,Single polymer/coating,Conditionally_Compatible,70.0,0.4000000000000001,,0,72.8024,,,,True,2
PREP_034,Kachori,PM003,MDPE,Polymer film,Single polymer/coating,Conditionally_Compatible,70.0,0.4000000000000001,,0,72.8024,,,,True,3
PREP_034,Kachori,PM004,HDPE,Polymer film,Single polymer/coating,Conditionally_Compatible,70.0,0.4000000000000001,,0,72.8024,,,,True,4
PREP_034,Kachori,PM005,PP,Polymer film,Single polymer/coating,Conditionally_Compatible,70.0,0.4000000000000001,,0,72.8024,,,,True,5
PREP_034,Kachori,PM006,CPP,Polymer film,Single polymer/coating,Conditionally_Compatible,70.0,0.4000000000000001,,0,72.8024,,,,True,6
PREP_034,Kachori,PM016,PVdC,Polymer film,Single polymer/coating,Conditionally_Compatible,70.0,0.4000000000000001,,0,72.8024,,,,True,7
PREP_034,Kachori,PM025,Coated cellulose film,Paper/cellulosic,Paper/film,Conditionally_Compatible,70.0,0.4000000000000001,,0,72.8024,,,,True,8
PREP_034,Kachori,PM031,PET/PE laminate,Multilayer laminate/structure,Multilayer,Conditionally_Compatible,70.0,0.4000000000000001,,0,72.8024,,,,True,9
PREP_034,Kachori,PM032,PA/PE laminate,Multilayer laminate/structure,Multilayer,Conditionally_Compatible,70.0,0.4000000000000001,,0,72.8024,,,,True,10
PREP_034,Kachori,PM033,PET/CPP laminate,Multilayer laminate/structure,Multilayer,Conditionally_Compatible,70.0,0.4000000000000001,,0,72.8024,,,,True,11
PREP_034,Kachori,PM037,BOPP/CPP laminate,Multilayer laminate/structure,Multilayer,Conditionally_Compatible,70.0,0.4000000000000001,,0,72.8024,,,,True,12
PREP_034,Kachori,PM038,Micro-perforated PE film,Fresh-produce breathable film,Perforated film,Conditionally_Compatible,70.0,0.4000000000000001,,0,72.8024,,,,True,13
PREP_034,Kachori,PM039,Micro-perforated PP film,Fresh-produce breathable film,Perforated film,Conditionally_Compatible,70.0,0.4000000000000001,,0,72.8024,,,,True,14
PREP_034,Kachori,PM017,PVC rigid,Polymer film,Single polymer/coating,Conditionally_Compatible,61.25,0.4000000000000001,,0,65.4521,,,,True,15
PREP_034,Kachori,PM020,HIPS,Polymer film,Single polymer/coating,Conditionally_Compatible,61.25,0.4000000000000001,,0,65.4521,,,,True,16
PREP_034,Kachori,PM022,PLA,Biodegradable polymer,Polymer film,Conditionally_Compatible,61.25,0.4000000000000001,,0,65.4521,,,,True,17
PREP_034,Kachori,PM023,PHA,Biodegradable polymer,Polymer film,Conditionally_Compatible,61.25,0.4000000000000001,,0,65.4521,,,,True,18
PREP_034,Kachori,PM034,PET/Al/PE laminate,Multilayer laminate/structure,Multilayer,Conditionally_Compatible,61.25,0.4000000000000001,,0,65.4521,,,,True,19
PREP_034,Kachori,PM035,PET/EVOH/PE laminate,Multilayer laminate/structure,Multilayer,Conditionally_Compatible,61.25,0.4000000000000001,,0,65.4521,,,,True,20
PREP_034,Kachori,PM018,PVC plasticized,Polymer film,Single polymer/coating,Conditionally_Compatible,54.16,0.3000000000000001,,0,58.4962,,,,True,21
PREP_034,Kachori,PM036,PE/PA/EVOH/PE laminate,Multilayer laminate/structure,Multilayer,Conditionally_Compatible,54.16,0.3000000000000001,,0,58.4962,,,,True,22
PREP_034,Kachori,PM007,BOPP,Polymer film,Single polymer/coating,Low_Compatibility,52.5,0.4000000000000001,,0,58.1018,,,,True,23
PREP_034,Kachori,PM008,Metallized BOPP,Polymer film,Single polymer/coating,Low_Compatibility,52.5,0.4000000000000001,,0,58.1018,,,,True,24
PREP_034,Kachori,PM009,PET,Polymer film,Single polymer/coating,Low_Compatibility,52.5,0.4000000000000001,,0,58.1018,,,,True,25
PREP_034,Kachori,PM010,BOPET,Polymer film,Single polymer/coating,Low_Compatibility,52.5,0.4000000000000001,,0,58.1018,,,,True,26
PREP_034,Kachori,PM011,Metallized PET,Polymer film,Single polymer/coating,Low_Compatibility,52.5,0.4000000000000001,,0,58.1018,,,,True,27
PREP_034,Kachori,PM012,PVdC-coated PET,Polymer film,Single polymer/coating,Low_Compatibility,52.5,0.4000000000000001,,0,58.1018,,,,True,28
PREP_034,Kachori,PM013,PA6 / Nylon-6,Multilayer laminate/structure,Multilayer,Low_Compatibility,52.5,0.4000000000000001,,0,58.1018,,,,True,29
PREP_034,Kachori,PM014,BOPA / Oriented Nylon,Multilayer laminate/structure,Multilayer,Low_Compatibility,52.5,0.4000000000000001,,0,58.1018,,,,True,30
PREP_034,Kachori,PM015,EVOH,Polymer film,Single polymer/coating,Low_Compatibility,52.5,0.4000000000000001,,0,58.1018,,,,True,31
PREP_034,Kachori,PM019,PS,Polymer film,Single polymer/coating,Conditionally_Compatible,52.5,0.4000000000000001,,0,58.1018,,,,True,32
PREP_034,Kachori,PM027,Coated paper,Paper/cellulosic,Paper/film,Low_Compatibility,43.75,0.4000000000000001,,0,50.7515,,,,True,33
PREP_034,Kachori,PM028,Glassine paper,Paper/cellulosic,Paper/film,Low_Compatibility,43.75,0.4000000000000001,,0,50.7515,,,,True,34
PREP_034,Kachori,PM029,Aluminum foil,Metal,Rigid/foil metal,Low_Compatibility,43.75,0.4000000000000001,,0,50.7515,,,,True,35
PREP_034,Kachori,PM026,Kraft paper,Paper/cellulosic,Paper/film,Low_Compatibility,35.0,0.4000000000000001,,0,43.4012,,,,True,36
PREP_034,Kachori,PM024,Cellulose film,Paper/cellulosic,Paper/film,Low_Compatibility,32.5,0.3000000000000001,,0,40.3011,,,,True,37
PREP_034,Kachori,PM030,Tinplate steel,Metal,Rigid/foil metal,Low_Compatibility,32.5,0.3000000000000001,,0,40.3011,,,,True,38
PREP_034,Kachori,PM040,Breathable cellulose film,Fresh-produce breathable film,Breathable film,Low_Compatibility,32.5,0.3000000000000001,,0,40.3011,,,,True,39
PREP_034,Kachori,PM021,EPS,Polymer film,Single polymer/coating,Low_Compatibility,26.25,0.4000000000000001,,0,36.0509,,,,True,40
PREP_041,Kheer,PM002,LLDPE,Polymer film,Single polymer/coating,Conditionally_Compatible,70.0,0.4000000000000001,,0,72.8024,,,,True,1
PREP_041,Kheer,PM003,MDPE,Polymer film,Single polymer/coating,Conditionally_Compatible,70.0,0.4000000000000001,,0,72.8024,,,,True,2
PREP_041,Kheer,PM006,CPP,Polymer film,Single polymer/coating,Conditionally_Compatible,70.0,0.4000000000000001,,0,72.8024,,,,True,3
PREP_041,Kheer,PM031,PET/PE laminate,Multilayer laminate/structure,Multilayer,Conditionally_Compatible,70.0,0.4000000000000001,,0,72.8024,,,,True,4
PREP_041,Kheer,PM032,PA/PE laminate,Multilayer laminate/structure,Multilayer,Conditionally_Compatible,70.0,0.4000000000000001,,0,72.8024,,,,True,5
PREP_041,Kheer,PM033,PET/CPP laminate,Multilayer laminate/structure,Multilayer,Conditionally_Compatible,70.0,0.4000000000000001,,0,72.8024,,,,True,6
PREP_041,Kheer,PM037,BOPP/CPP laminate,Multilayer laminate/structure,Multilayer,Conditionally_Compatible,70.0,0.4000000000000001,,0,72.8024,,,,True,7
PREP_041,Kheer,PM039,Micro-perforated PP film,Fresh-produce breathable film,Perforated film,Conditionally_Compatible,70.0,0.4000000000000001,,0,72.8024,,,,True,8
PREP_041,Kheer,PM001,LDPE,Polymer film,Single polymer/coating,Conditionally_Compatible,61.25,0.4000000000000001,,0,65.4521,,,,True,9
PREP_041,Kheer,PM004,HDPE,Polymer film,Single polymer/coating,Conditionally_Compatible,61.25,0.4000000000000001,,0,65.4521,,,,True,10
PREP_041,Kheer,PM005,PP,Polymer film,Single polymer/coating,Conditionally_Compatible,61.25,0.4000000000000001,,0,65.4521,,,,True,11
PREP_041,Kheer,PM034,PET/Al/PE laminate,Multilayer laminate/structure,Multilayer,Conditionally_Compatible,61.25,0.4000000000000001,,0,65.4521,,,,True,12
PREP_041,Kheer,PM035,PET/EVOH/PE laminate,Multilayer laminate/structure,Multilayer,Conditionally_Compatible,61.25,0.4000000000000001,,0,65.4521,,,,True,13
PREP_041,Kheer,PM038,Micro-perforated PE film,Fresh-produce breathable film,Perforated film,Conditionally_Compatible,61.25,0.4000000000000001,,0,65.4521,,,,True,14
PREP_041,Kheer,PM036,PE/PA/EVOH/PE laminate,Multilayer laminate/structure,Multilayer,Conditionally_Compatible,54.16,0.3000000000000001,,0,58.4962,,,,True,15
PREP_041,Kheer,PM007,BOPP,Polymer film,Single polymer/coating,Low_Compatibility,52.5,0.4000000000000001,,0,58.1018,,,,True,16
PREP_041,Kheer,PM008,Metallized BOPP,Polymer film,Single polymer/coating,Low_Compatibility,52.5,0.4000000000000001,,0,58.1018,,,,True,17
PREP_041,Kheer,PM009,PET,Polymer film,Single polymer/coating,Low_Compatibility,52.5,0.4000000000000001,,0,58.1018,,,,True,18
PREP_041,Kheer,PM010,BOPET,Polymer film,Single polymer/coating,Low_Compatibility,52.5,0.4000000000000001,,0,58.1018,,,,True,19
PREP_041,Kheer,PM011,Metallized PET,Polymer film,Single polymer/coating,Low_Compatibility,52.5,0.4000000000000001,,0,58.1018,,,,True,20
PREP_041,Kheer,PM012,PVdC-coated PET,Polymer film,Single polymer/coating,Low_Compatibility,52.5,0.4000000000000001,,0,58.1018,,,,True,21
PREP_041,Kheer,PM013,PA6 / Nylon-6,Multilayer laminate/structure,Multilayer,Low_Compatibility,52.5,0.4000000000000001,,0,58.1018,,,,True,22
PREP_041,Kheer,PM014,BOPA / Oriented Nylon,Multilayer laminate/structure,Multilayer,Low_Compatibility,52.5,0.4000000000000001,,0,58.1018,,,,True,23
PREP_041,Kheer,PM016,PVdC,Polymer film,Single polymer/coating,Conditionally_Compatible,52.5,0.4000000000000001,,0,58.1018,,,,True,24
PREP_041,Kheer,PM025,Coated cellulose film,Paper/cellulosic,Paper/film,Conditionally_Compatible,52.5,0.4000000000000001,,0,58.1018,,,,True,25
PREP_041,Kheer,PM015,EVOH,Polymer film,Single polymer/coating,Low_Compatibility,43.75,0.4000000000000001,,0,50.7515,,,,True,26
PREP_041,Kheer,PM017,PVC rigid,Polymer film,Single polymer/coating,Low_Compatibility,43.75,0.4000000000000001,,0,50.7515,,,,True,27
PREP_041,Kheer,PM020,HIPS,Polymer film,Single polymer/coating,Low_Compatibility,43.75,0.4000000000000001,,0,50.7515,,,,True,28
PREP_041,Kheer,PM022,PLA,Biodegradable polymer,Polymer film,Low_Compatibility,43.75,0.4000000000000001,,0,50.7515,,,,True,29
PREP_041,Kheer,PM023,PHA,Biodegradable polymer,Polymer film,Low_Compatibility,43.75,0.4000000000000001,,0,50.7515,,,,True,30
PREP_041,Kheer,PM027,Coated paper,Paper/cellulosic,Paper/film,Low_Compatibility,43.75,0.4000000000000001,,0,50.7515,,,,True,31
PREP_041,Kheer,PM029,Aluminum foil,Metal,Rigid/foil metal,Low_Compatibility,43.75,0.4000000000000001,,0,50.7515,,,,True,32
PREP_041,Kheer,PM018,PVC plasticized,Polymer film,Single polymer/coating,Low_Compatibility,43.34,0.3000000000000001,,0,49.4071,,,,True,33
PREP_041,Kheer,PM019,PS,Polymer film,Single polymer/coating,Low_Compatibility,35.0,0.4000000000000001,,0,43.4012,,,,True,34
PREP_041,Kheer,PM026,Kraft paper,Paper/cellulosic,Paper/film,Low_Compatibility,35.0,0.4000000000000001,,0,43.4012,,,,True,35
PREP_041,Kheer,PM028,Glassine paper,Paper/cellulosic,Paper/film,Low_Compatibility,35.0,0.4000000000000001,,0,43.4012,,,,True,36
PREP_041,Kheer,PM024,Cellulose film,Paper/cellulosic,Paper/film,Low_Compatibility,32.5,0.3000000000000001,,0,40.3011,,,,True,37
PREP_041,Kheer,PM030,Tinplate steel,Metal,Rigid/foil metal,Low_Compatibility,32.5,0.3000000000000001,,0,40.3011,,,,True,38
PREP_041,Kheer,PM040,Breathable cellulose film,Fresh-produce breathable film,Breathable film,Low_Compatibility,32.5,0.3000000000000001,,0,40.3011,,,,True,39
PREP_041,Kheer,PM021,EPS,Polymer film,Single polymer/coating,Low_Compatibility,17.5,0.4000000000000001,,0,28.7006,,,,True,40
FRU_018,Kiwi,PM001,LDPE,Polymer film,Single polymer/coating,Compatible,83.33,0.6666666666666666,,0,86.6667,,,,True,1
FRU_018,Kiwi,PM002,LLDPE,Polymer film,Single polymer/coating,Compatible,83.33,0.6666666666666666,,0,86.6667,,,,True,2
FRU_018,Kiwi,PM003,MDPE,Polymer film,Single polymer/coating,Compatible,83.33,0.6666666666666666,,0,86.6667,,,,True,3
FRU_018,Kiwi,PM004,HDPE,Polymer film,Single polymer/coating,Compatible,83.33,0.6666666666666666,,0,86.6667,,,,True,4
FRU_018,Kiwi,PM005,PP,Polymer film,Single polymer/coating,Compatible,83.33,0.6666666666666666,,0,86.6667,,,,True,5
FRU_018,Kiwi,PM006,CPP,Polymer film,Single polymer/coating,Compatible,83.33,0.6666666666666666,,0,86.6667,,,,True,6
FRU_018,Kiwi,PM007,BOPP,Polymer film,Single polymer/coating,Compatible,83.33,0.6666666666666666,,0,86.6667,,,,True,7
FRU_018,Kiwi,PM008,Metallized BOPP,Polymer film,Single polymer/coating,Compatible,83.33,0.6666666666666666,,0,86.6667,,,,True,8
FRU_018,Kiwi,PM009,PET,Polymer film,Single polymer/coating,Compatible,83.33,0.6666666666666666,,0,86.6667,,,,True,9
FRU_018,Kiwi,PM010,BOPET,Polymer film,Single polymer/coating,Compatible,83.33,0.6666666666666666,,0,86.6667,,,,True,10
FRU_018,Kiwi,PM011,Metallized PET,Polymer film,Single polymer/coating,Compatible,83.33,0.6666666666666666,,0,86.6667,,,,True,11
FRU_018,Kiwi,PM012,PVdC-coated PET,Polymer film,Single polymer/coating,Compatible,83.33,0.6666666666666666,,0,86.6667,,,,True,12
FRU_018,Kiwi,PM013,PA6 / Nylon-6,Multilayer laminate/structure,Multilayer,Compatible,83.33,0.6666666666666666,,0,86.6667,,,,True,13
FRU_018,Kiwi,PM014,BOPA / Oriented Nylon,Multilayer laminate/structure,Multilayer,Compatible,83.33,0.6666666666666666,,0,86.6667,,,,True,14
FRU_018,Kiwi,PM016,PVdC,Polymer film,Single polymer/coating,Compatible,83.33,0.6666666666666666,,0,86.6667,,,,True,15
FRU_018,Kiwi,PM017,PVC rigid,Polymer film,Single polymer/coating,Compatible,83.33,0.6666666666666666,,0,86.6667,,,,True,16
FRU_018,Kiwi,PM018,PVC plasticized,Polymer film,Single polymer/coating,Compatible,83.33,0.6666666666666666,,0,86.6667,,,,True,17
FRU_018,Kiwi,PM019,PS,Polymer film,Single polymer/coating,Compatible,83.33,0.6666666666666666,,0,86.6667,,,,True,18
FRU_018,Kiwi,PM020,HIPS,Polymer film,Single polymer/coating,Compatible,83.33,0.6666666666666666,,0,86.6667,,,,True,19
FRU_018,Kiwi,PM021,EPS,Polymer film,Single polymer/coating,Compatible,83.33,0.6666666666666666,,0,86.6667,,,,True,20
FRU_018,Kiwi,PM022,PLA,Biodegradable polymer,Polymer film,Compatible,83.33,0.6666666666666666,,0,86.6667,,,,True,21
FRU_018,Kiwi,PM023,PHA,Biodegradable polymer,Polymer film,Compatible,83.33,0.6666666666666666,,0,86.6667,,,,True,22
FRU_018,Kiwi,PM024,Cellulose film,Paper/cellulosic,Paper/film,Compatible,83.33,0.6666666666666666,,0,86.6667,,,,True,23
FRU_018,Kiwi,PM025,Coated cellulose film,Paper/cellulosic,Paper/film,Compatible,83.33,0.6666666666666666,,0,86.6667,,,,True,24
FRU_018,Kiwi,PM026,Kraft paper,Paper/cellulosic,Paper/film,Compatible,83.33,0.6666666666666666,,0,86.6667,,,,True,25
FRU_018,Kiwi,PM027,Coated paper,Paper/cellulosic,Paper/film,Compatible,83.33,0.6666666666666666,,0,86.6667,,,,True,26
FRU_018,Kiwi,PM028,Glassine paper,Paper/cellulosic,Paper/film,Compatible,83.33,0.6666666666666666,,0,86.6667,,,,True,27
FRU_018,Kiwi,PM031,PET/PE laminate,Multilayer laminate/structure,Multilayer,Compatible,83.33,0.6666666666666666,,0,86.6667,,,,True,28
FRU_018,Kiwi,PM032,PA/PE laminate,Multilayer laminate/structure,Multilayer,Compatible,83.33,0.6666666666666666,,0,86.6667,,,,True,29
FRU_018,Kiwi,PM033,PET/CPP laminate,Multilayer laminate/structure,Multilayer,Compatible,83.33,0.6666666666666666,,0,86.6667,,,,True,30
FRU_018,Kiwi,PM037,BOPP/CPP laminate,Multilayer laminate/structure,Multilayer,Compatible,83.33,0.6666666666666666,,0,86.6667,,,,True,31
FRU_018,Kiwi,PM038,Micro-perforated PE film,Fresh-produce breathable film,Perforated film,Compatible,83.33,0.6666666666666666,,0,86.6667,,,,True,32
FRU_018,Kiwi,PM039,Micro-perforated PP film,Fresh-produce breathable film,Perforated film,Compatible,83.33,0.6666666666666666,,0,86.6667,,,,True,33
FRU_018,Kiwi,PM040,Breathable cellulose film,Fresh-produce breathable film,Breathable film,Compatible,83.33,0.6666666666666666,,0,86.6667,,,,True,34
FRU_018,Kiwi,PM029,Aluminum foil,Metal,Rigid/foil metal,Low_Compatibility,41.67,0.6666666666666666,,0,51.6709,,,,True,35
FRU_018,Kiwi,PM030,Tinplate steel,Metal,Rigid/foil metal,Low_Compatibility,41.67,0.6666666666666666,,0,51.6709,,,,True,36
FRU_018,Kiwi,PM034,PET/Al/PE laminate,Multilayer laminate/structure,Multilayer,Low_Compatibility,41.67,0.6666666666666666,,0,51.6709,,,,True,37
FRU_018,Kiwi,PM035,PET/EVOH/PE laminate,Multilayer laminate/structure,Multilayer,Low_Compatibility,41.67,0.6666666666666666,,0,51.6709,,,,True,38
FRU_018,Kiwi,PM036,PE/PA/EVOH/PE laminate,Multilayer laminate/structure,Multilayer,Low_Compatibility,41.67,0.6666666666666666,,0,51.6709,,,,True,39
FRU_018,Kiwi,PM015,EVOH,Polymer film,Single polymer/coating,Insufficient_Evidence,,0.0,,0,,,,Excluded from recommendation pool because deterministic evidence is insufficient,False,40
PREP_037,Laddu,PM001,LDPE,Polymer film,Single polymer/coating,Conditionally_Compatible,70.0,0.4000000000000001,,0,72.8024,,,,True,1
PREP_037,Laddu,PM002,LLDPE,Polymer film,Single polymer/coating,Conditionally_Compatible,70.0,0.4000000000000001,,0,72.8024,,,,True,2
PREP_037,Laddu,PM003,MDPE,Polymer film,Single polymer/coating,Conditionally_Compatible,70.0,0.4000000000000001,,0,72.8024,,,,True,3
PREP_037,Laddu,PM004,HDPE,Polymer film,Single polymer/coating,Conditionally_Compatible,70.0,0.4000000000000001,,0,72.8024,,,,True,4
PREP_037,Laddu,PM005,PP,Polymer film,Single polymer/coating,Conditionally_Compatible,70.0,0.4000000000000001,,0,72.8024,,,,True,5
PREP_037,Laddu,PM006,CPP,Polymer film,Single polymer/coating,Conditionally_Compatible,70.0,0.4000000000000001,,0,72.8024,,,,True,6
PREP_037,Laddu,PM016,PVdC,Polymer film,Single polymer/coating,Conditionally_Compatible,70.0,0.4000000000000001,,0,72.8024,,,,True,7
PREP_037,Laddu,PM025,Coated cellulose film,Paper/cellulosic,Paper/film,Conditionally_Compatible,70.0,0.4000000000000001,,0,72.8024,,,,True,8
PREP_037,Laddu,PM031,PET/PE laminate,Multilayer laminate/structure,Multilayer,Conditionally_Compatible,70.0,0.4000000000000001,,0,72.8024,,,,True,9
PREP_037,Laddu,PM032,PA/PE laminate,Multilayer laminate/structure,Multilayer,Conditionally_Compatible,70.0,0.4000000000000001,,0,72.8024,,,,True,10
PREP_037,Laddu,PM033,PET/CPP laminate,Multilayer laminate/structure,Multilayer,Conditionally_Compatible,70.0,0.4000000000000001,,0,72.8024,,,,True,11
PREP_037,Laddu,PM037,BOPP/CPP laminate,Multilayer laminate/structure,Multilayer,Conditionally_Compatible,70.0,0.4000000000000001,,0,72.8024,,,,True,12
PREP_037,Laddu,PM038,Micro-perforated PE film,Fresh-produce breathable film,Perforated film,Conditionally_Compatible,70.0,0.4000000000000001,,0,72.8024,,,,True,13
PREP_037,Laddu,PM039,Micro-perforated PP film,Fresh-produce breathable film,Perforated film,Conditionally_Compatible,70.0,0.4000000000000001,,0,72.8024,,,,True,14
PREP_037,Laddu,PM017,PVC rigid,Polymer film,Single polymer/coating,Conditionally_Compatible,61.25,0.4000000000000001,,0,65.4521,,,,True,15
PREP_037,Laddu,PM020,HIPS,Polymer film,Single polymer/coating,Conditionally_Compatible,61.25,0.4000000000000001,,0,65.4521,,,,True,16
PREP_037,Laddu,PM022,PLA,Biodegradable polymer,Polymer film,Conditionally_Compatible,61.25,0.4000000000000001,,0,65.4521,,,,True,17
PREP_037,Laddu,PM023,PHA,Biodegradable polymer,Polymer film,Conditionally_Compatible,61.25,0.4000000000000001,,0,65.4521,,,,True,18
PREP_037,Laddu,PM034,PET/Al/PE laminate,Multilayer laminate/structure,Multilayer,Conditionally_Compatible,61.25,0.4000000000000001,,0,65.4521,,,,True,19
PREP_037,Laddu,PM035,PET/EVOH/PE laminate,Multilayer laminate/structure,Multilayer,Conditionally_Compatible,61.25,0.4000000000000001,,0,65.4521,,,,True,20
PREP_037,Laddu,PM018,PVC plasticized,Polymer film,Single polymer/coating,Conditionally_Compatible,54.16,0.3000000000000001,,0,58.4962,,,,True,21
PREP_037,Laddu,PM036,PE/PA/EVOH/PE laminate,Multilayer laminate/structure,Multilayer,Conditionally_Compatible,54.16,0.3000000000000001,,0,58.4962,,,,True,22
PREP_037,Laddu,PM007,BOPP,Polymer film,Single polymer/coating,Low_Compatibility,52.5,0.4000000000000001,,0,58.1018,,,,True,23
PREP_037,Laddu,PM008,Metallized BOPP,Polymer film,Single polymer/coating,Low_Compatibility,52.5,0.4000000000000001,,0,58.1018,,,,True,24
PREP_037,Laddu,PM009,PET,Polymer film,Single polymer/coating,Low_Compatibility,52.5,0.4000000000000001,,0,58.1018,,,,True,25
PREP_037,Laddu,PM010,BOPET,Polymer film,Single polymer/coating,Low_Compatibility,52.5,0.4000000000000001,,0,58.1018,,,,True,26
PREP_037,Laddu,PM011,Metallized PET,Polymer film,Single polymer/coating,Low_Compatibility,52.5,0.4000000000000001,,0,58.1018,,,,True,27
PREP_037,Laddu,PM012,PVdC-coated PET,Polymer film,Single polymer/coating,Low_Compatibility,52.5,0.4000000000000001,,0,58.1018,,,,True,28
PREP_037,Laddu,PM013,PA6 / Nylon-6,Multilayer laminate/structure,Multilayer,Low_Compatibility,52.5,0.4000000000000001,,0,58.1018,,,,True,29
PREP_037,Laddu,PM014,BOPA / Oriented Nylon,Multilayer laminate/structure,Multilayer,Low_Compatibility,52.5,0.4000000000000001,,0,58.1018,,,,True,30
PREP_037,Laddu,PM015,EVOH,Polymer film,Single polymer/coating,Low_Compatibility,52.5,0.4000000000000001,,0,58.1018,,,,True,31
PREP_037,Laddu,PM019,PS,Polymer film,Single polymer/coating,Conditionally_Compatible,52.5,0.4000000000000001,,0,58.1018,,,,True,32
PREP_037,Laddu,PM027,Coated paper,Paper/cellulosic,Paper/film,Low_Compatibility,43.75,0.4000000000000001,,0,50.7515,,,,True,33
PREP_037,Laddu,PM028,Glassine paper,Paper/cellulosic,Paper/film,Low_Compatibility,43.75,0.4000000000000001,,0,50.7515,,,,True,34
PREP_037,Laddu,PM029,Aluminum foil,Metal,Rigid/foil metal,Low_Compatibility,43.75,0.4000000000000001,,0,50.7515,,,,True,35
PREP_037,Laddu,PM026,Kraft paper,Paper/cellulosic,Paper/film,Low_Compatibility,35.0,0.4000000000000001,,0,43.4012,,,,True,36
PREP_037,Laddu,PM024,Cellulose film,Paper/cellulosic,Paper/film,Low_Compatibility,32.5,0.3000000000000001,,0,40.3011,,,,True,37
PREP_037,Laddu,PM030,Tinplate steel,Metal,Rigid/foil metal,Low_Compatibility,32.5,0.3000000000000001,,0,40.3011,,,,True,38
PREP_037,Laddu,PM040,Breathable cellulose film,Fresh-produce breathable film,Breathable film,Low_Compatibility,32.5,0.3000000000000001,,0,40.3011,,,,True,39
PREP_037,Laddu,PM021,EPS,Polymer film,Single polymer/coating,Low_Compatibility,26.25,0.4000000000000001,,0,36.0509,,,,True,40
FRU_020,Lemon,PM001,LDPE,Polymer film,Single polymer/coating,Compatible,83.33,0.6666666666666666,,0,86.6667,,,,True,1
FRU_020,Lemon,PM002,LLDPE,Polymer film,Single polymer/coating,Compatible,83.33,0.6666666666666666,,0,86.6667,,,,True,2
FRU_020,Lemon,PM003,MDPE,Polymer film,Single polymer/coating,Compatible,83.33,0.6666666666666666,,0,86.6667,,,,True,3
FRU_020,Lemon,PM004,HDPE,Polymer film,Single polymer/coating,Compatible,83.33,0.6666666666666666,,0,86.6667,,,,True,4
FRU_020,Lemon,PM005,PP,Polymer film,Single polymer/coating,Compatible,83.33,0.6666666666666666,,0,86.6667,,,,True,5
FRU_020,Lemon,PM006,CPP,Polymer film,Single polymer/coating,Compatible,83.33,0.6666666666666666,,0,86.6667,,,,True,6
FRU_020,Lemon,PM007,BOPP,Polymer film,Single polymer/coating,Compatible,83.33,0.6666666666666666,,0,86.6667,,,,True,7
FRU_020,Lemon,PM008,Metallized BOPP,Polymer film,Single polymer/coating,Compatible,83.33,0.6666666666666666,,0,86.6667,,,,True,8
FRU_020,Lemon,PM009,PET,Polymer film,Single polymer/coating,Compatible,83.33,0.6666666666666666,,0,86.6667,,,,True,9
FRU_020,Lemon,PM010,BOPET,Polymer film,Single polymer/coating,Compatible,83.33,0.6666666666666666,,0,86.6667,,,,True,10
FRU_020,Lemon,PM011,Metallized PET,Polymer film,Single polymer/coating,Compatible,83.33,0.6666666666666666,,0,86.6667,,,,True,11
FRU_020,Lemon,PM012,PVdC-coated PET,Polymer film,Single polymer/coating,Compatible,83.33,0.6666666666666666,,0,86.6667,,,,True,12
FRU_020,Lemon,PM013,PA6 / Nylon-6,Multilayer laminate/structure,Multilayer,Compatible,83.33,0.6666666666666666,,0,86.6667,,,,True,13
FRU_020,Lemon,PM014,BOPA / Oriented Nylon,Multilayer laminate/structure,Multilayer,Compatible,83.33,0.6666666666666666,,0,86.6667,,,,True,14
FRU_020,Lemon,PM016,PVdC,Polymer film,Single polymer/coating,Compatible,83.33,0.6666666666666666,,0,86.6667,,,,True,15
FRU_020,Lemon,PM017,PVC rigid,Polymer film,Single polymer/coating,Compatible,83.33,0.6666666666666666,,0,86.6667,,,,True,16
FRU_020,Lemon,PM018,PVC plasticized,Polymer film,Single polymer/coating,Compatible,83.33,0.6666666666666666,,0,86.6667,,,,True,17
FRU_020,Lemon,PM019,PS,Polymer film,Single polymer/coating,Compatible,83.33,0.6666666666666666,,0,86.6667,,,,True,18
FRU_020,Lemon,PM020,HIPS,Polymer film,Single polymer/coating,Compatible,83.33,0.6666666666666666,,0,86.6667,,,,True,19
FRU_020,Lemon,PM021,EPS,Polymer film,Single polymer/coating,Compatible,83.33,0.6666666666666666,,0,86.6667,,,,True,20
FRU_020,Lemon,PM022,PLA,Biodegradable polymer,Polymer film,Compatible,83.33,0.6666666666666666,,0,86.6667,,,,True,21
FRU_020,Lemon,PM023,PHA,Biodegradable polymer,Polymer film,Compatible,83.33,0.6666666666666666,,0,86.6667,,,,True,22
FRU_020,Lemon,PM024,Cellulose film,Paper/cellulosic,Paper/film,Compatible,83.33,0.6666666666666666,,0,86.6667,,,,True,23
FRU_020,Lemon,PM025,Coated cellulose film,Paper/cellulosic,Paper/film,Compatible,83.33,0.6666666666666666,,0,86.6667,,,,True,24
FRU_020,Lemon,PM026,Kraft paper,Paper/cellulosic,Paper/film,Compatible,83.33,0.6666666666666666,,0,86.6667,,,,True,25
FRU_020,Lemon,PM027,Coated paper,Paper/cellulosic,Paper/film,Compatible,83.33,0.6666666666666666,,0,86.6667,,,,True,26
FRU_020,Lemon,PM028,Glassine paper,Paper/cellulosic,Paper/film,Compatible,83.33,0.6666666666666666,,0,86.6667,,,,True,27
FRU_020,Lemon,PM031,PET/PE laminate,Multilayer laminate/structure,Multilayer,Compatible,83.33,0.6666666666666666,,0,86.6667,,,,True,28
FRU_020,Lemon,PM032,PA/PE laminate,Multilayer laminate/structure,Multilayer,Compatible,83.33,0.6666666666666666,,0,86.6667,,,,True,29
FRU_020,Lemon,PM033,PET/CPP laminate,Multilayer laminate/structure,Multilayer,Compatible,83.33,0.6666666666666666,,0,86.6667,,,,True,30
FRU_020,Lemon,PM037,BOPP/CPP laminate,Multilayer laminate/structure,Multilayer,Compatible,83.33,0.6666666666666666,,0,86.6667,,,,True,31
FRU_020,Lemon,PM038,Micro-perforated PE film,Fresh-produce breathable film,Perforated film,Compatible,83.33,0.6666666666666666,,0,86.6667,,,,True,32
FRU_020,Lemon,PM039,Micro-perforated PP film,Fresh-produce breathable film,Perforated film,Compatible,83.33,0.6666666666666666,,0,86.6667,,,,True,33
FRU_020,Lemon,PM040,Breathable cellulose film,Fresh-produce breathable film,Breathable film,Compatible,83.33,0.6666666666666666,,0,86.6667,,,,True,34
FRU_020,Lemon,PM029,Aluminum foil,Metal,Rigid/foil metal,Low_Compatibility,41.67,0.6666666666666666,,0,51.6709,,,,True,35
FRU_020,Lemon,PM030,Tinplate steel,Metal,Rigid/foil metal,Low_Compatibility,41.67,0.6666666666666666,,0,51.6709,,,,True,36
FRU_020,Lemon,PM034,PET/Al/PE laminate,Multilayer laminate/structure,Multilayer,Low_Compatibility,41.67,0.6666666666666666,,0,51.6709,,,,True,37
FRU_020,Lemon,PM035,PET/EVOH/PE laminate,Multilayer laminate/structure,Multilayer,Low_Compatibility,41.67,0.6666666666666666,,0,51.6709,,,,True,38
FRU_020,Lemon,PM036,PE/PA/EVOH/PE laminate,Multilayer laminate/structure,Multilayer,Low_Compatibility,41.67,0.6666666666666666,,0,51.6709,,,,True,39
FRU_020,Lemon,PM015,EVOH,Polymer film,Single polymer/coating,Insufficient_Evidence,,0.0,,0,,,,Excluded from recommendation pool because deterministic evidence is insufficient,False,40
PREP_011,Lemon rice,PM002,LLDPE,Polymer film,Single polymer/coating,Conditionally_Compatible,70.0,0.4000000000000001,,0,72.8024,,,,True,1
PREP_011,Lemon rice,PM003,MDPE,Polymer film,Single polymer/coating,Conditionally_Compatible,70.0,0.4000000000000001,,0,72.8024,,,,True,2
PREP_011,Lemon rice,PM004,HDPE,Polymer film,Single polymer/coating,Conditionally_Compatible,70.0,0.4000000000000001,,0,72.8024,,,,True,3
PREP_011,Lemon rice,PM005,PP,Polymer film,Single polymer/coating,Conditionally_Compatible,70.0,0.4000000000000001,,0,72.8024,,,,True,4
PREP_011,Lemon rice,PM006,CPP,Polymer film,Single polymer/coating,Conditionally_Compatible,70.0,0.4000000000000001,,0,72.8024,,,,True,5
PREP_011,Lemon rice,PM031,PET/PE laminate,Multilayer laminate/structure,Multilayer,Conditionally_Compatible,70.0,0.4000000000000001,,0,72.8024,,,,True,6
PREP_011,Lemon rice,PM033,PET/CPP laminate,Multilayer laminate/structure,Multilayer,Conditionally_Compatible,70.0,0.4000000000000001,,0,72.8024,,,,True,7
PREP_011,Lemon rice,PM037,BOPP/CPP laminate,Multilayer laminate/structure,Multilayer,Conditionally_Compatible,70.0,0.4000000000000001,,0,72.8024,,,,True,8
PREP_011,Lemon rice,PM039,Micro-perforated PP film,Fresh-produce breathable film,Perforated film,Conditionally_Compatible,70.0,0.4000000000000001,,0,72.8024,,,,True,9
PREP_011,Lemon rice,PM001,LDPE,Polymer film,Single polymer/coating,Conditionally_Compatible,61.25,0.4000000000000001,,0,65.4521,,,,True,10
PREP_011,Lemon rice,PM025,Coated cellulose film,Paper/cellulosic,Paper/film,Conditionally_Compatible,61.25,0.4000000000000001,,0,65.4521,,,,True,11
PREP_011,Lemon rice,PM032,PA/PE laminate,Multilayer laminate/structure,Multilayer,Conditionally_Compatible,61.25,0.4000000000000001,,0,65.4521,,,,True,12
PREP_011,Lemon rice,PM038,Micro-perforated PE film,Fresh-produce breathable film,Perforated film,Conditionally_Compatible,61.25,0.4000000000000001,,0,65.4521,,,,True,13
PREP_011,Lemon rice,PM018,PVC plasticized,Polymer film,Single polymer/coating,Conditionally_Compatible,54.16,0.3000000000000001,,0,58.4962,,,,True,14
PREP_011,Lemon rice,PM007,BOPP,Polymer film,Single polymer/coating,Low_Compatibility,52.5,0.4000000000000001,,0,58.1018,,,,True,15
PREP_011,Lemon rice,PM009,PET,Polymer film,Single polymer/coating,Low_Compatibility,52.5,0.4000000000000001,,0,58.1018,,,,True,16
PREP_011,Lemon rice,PM010,BOPET,Polymer film,Single polymer/coating,Low_Compatibility,52.5,0.4000000000000001,,0,58.1018,,,,True,17
PREP_011,Lemon rice,PM013,PA6 / Nylon-6,Multilayer laminate/structure,Multilayer,Low_Compatibility,52.5,0.4000000000000001,,0,58.1018,,,,True,18
PREP_011,Lemon rice,PM014,BOPA / Oriented Nylon,Multilayer laminate/structure,Multilayer,Low_Compatibility,52.5,0.4000000000000001,,0,58.1018,,,,True,19
PREP_011,Lemon rice,PM016,PVdC,Polymer film,Single polymer/coating,Conditionally_Compatible,52.5,0.4000000000000001,,0,58.1018,,,,True,20
PREP_011,Lemon rice,PM017,PVC rigid,Polymer film,Single polymer/coating,Conditionally_Compatible,52.5,0.4000000000000001,,0,58.1018,,,,True,21
PREP_011,Lemon rice,PM020,HIPS,Polymer film,Single polymer/coating,Conditionally_Compatible,52.5,0.4000000000000001,,0,58.1018,,,,True,22
PREP_011,Lemon rice,PM022,PLA,Biodegradable polymer,Polymer film,Conditionally_Compatible,52.5,0.4000000000000001,,0,58.1018,,,,True,23
PREP_011,Lemon rice,PM023,PHA,Biodegradable polymer,Polymer film,Conditionally_Compatible,52.5,0.4000000000000001,,0,58.1018,,,,True,24
PREP_011,Lemon rice,PM034,PET/Al/PE laminate,Multilayer laminate/structure,Multilayer,Conditionally_Compatible,52.5,0.4000000000000001,,0,58.1018,,,,True,25
PREP_011,Lemon rice,PM035,PET/EVOH/PE laminate,Multilayer laminate/structure,Multilayer,Conditionally_Compatible,52.5,0.4000000000000001,,0,58.1018,,,,True,26
PREP_011,Lemon rice,PM008,Metallized BOPP,Polymer film,Single polymer/coating,Low_Compatibility,43.75,0.4000000000000001,,0,50.7515,,,,True,27
PREP_011,Lemon rice,PM011,Metallized PET,Polymer film,Single polymer/coating,Low_Compatibility,43.75,0.4000000000000001,,0,50.7515,,,,True,28
PREP_011,Lemon rice,PM012,PVdC-coated PET,Polymer film,Single polymer/coating,Low_Compatibility,43.75,0.4000000000000001,,0,50.7515,,,,True,29
PREP_011,Lemon rice,PM015,EVOH,Polymer film,Single polymer/coating,Low_Compatibility,43.75,0.4000000000000001,,0,50.7515,,,,True,30
PREP_011,Lemon rice,PM019,PS,Polymer film,Single polymer/coating,Low_Compatibility,43.75,0.4000000000000001,,0,50.7515,,,,True,31
PREP_011,Lemon rice,PM027,Coated paper,Paper/cellulosic,Paper/film,Low_Compatibility,43.75,0.4000000000000001,,0,50.7515,,,,True,32
PREP_011,Lemon rice,PM036,PE/PA/EVOH/PE laminate,Multilayer laminate/structure,Multilayer,Low_Compatibility,43.34,0.3000000000000001,,0,49.4071,,,,True,33
PREP_011,Lemon rice,PM026,Kraft paper,Paper/cellulosic,Paper/film,Low_Compatibility,35.0,0.4000000000000001,,0,43.4012,,,,True,34
PREP_011,Lemon rice,PM028,Glassine paper,Paper/cellulosic,Paper/film,Low_Compatibility,35.0,0.4000000000000001,,0,43.4012,,,,True,35
PREP_011,Lemon rice,PM029,Aluminum foil,Metal,Rigid/foil metal,Low_Compatibility,35.0,0.4000000000000001,,0,43.4012,,,,True,36
PREP_011,Lemon rice,PM024,Cellulose film,Paper/cellulosic,Paper/film,Low_Compatibility,32.5,0.3000000000000001,,0,40.3011,,,,True,37
PREP_011,Lemon rice,PM040,Breathable cellulose film,Fresh-produce breathable film,Breathable film,Low_Compatibility,32.5,0.3000000000000001,,0,40.3011,,,,True,38
PREP_011,Lemon rice,PM030,Tinplate steel,Metal,Rigid/foil metal,Low_Compatibility,21.66,0.3000000000000001,,0,31.1951,,,,True,39
PREP_011,Lemon rice,PM021,EPS,Polymer film,Single polymer/coating,Low_Compatibility,17.5,0.4000000000000001,,0,28.7006,,,,True,40
VEG_009,Lettuce,PM001,LDPE,Polymer film,Single polymer/coating,Compatible,83.33,0.6666666666666666,,0,86.6667,,,,True,1
VEG_009,Lettuce,PM002,LLDPE,Polymer film,Single polymer/coating,Compatible,83.33,0.6666666666666666,,0,86.6667,,,,True,2
VEG_009,Lettuce,PM003,MDPE,Polymer film,Single polymer/coating,Compatible,83.33,0.6666666666666666,,0,86.6667,,,,True,3
VEG_009,Lettuce,PM004,HDPE,Polymer film,Single polymer/coating,Compatible,83.33,0.6666666666666666,,0,86.6667,,,,True,4
VEG_009,Lettuce,PM005,PP,Polymer film,Single polymer/coating,Compatible,83.33,0.6666666666666666,,0,86.6667,,,,True,5
VEG_009,Lettuce,PM006,CPP,Polymer film,Single polymer/coating,Compatible,83.33,0.6666666666666666,,0,86.6667,,,,True,6
VEG_009,Lettuce,PM007,BOPP,Polymer film,Single polymer/coating,Compatible,83.33,0.6666666666666666,,0,86.6667,,,,True,7
VEG_009,Lettuce,PM009,PET,Polymer film,Single polymer/coating,Compatible,83.33,0.6666666666666666,,0,86.6667,,,,True,8
VEG_009,Lettuce,PM010,BOPET,Polymer film,Single polymer/coating,Compatible,83.33,0.6666666666666666,,0,86.6667,,,,True,9
VEG_009,Lettuce,PM013,PA6 / Nylon-6,Multilayer laminate/structure,Multilayer,Compatible,83.33,0.6666666666666666,,0,86.6667,,,,True,10
VEG_009,Lettuce,PM014,BOPA / Oriented Nylon,Multilayer laminate/structure,Multilayer,Compatible,83.33,0.6666666666666666,,0,86.6667,,,,True,11
VEG_009,Lettuce,PM017,PVC rigid,Polymer film,Single polymer/coating,Compatible,83.33,0.6666666666666666,,0,86.6667,,,,True,12
VEG_009,Lettuce,PM018,PVC plasticized,Polymer film,Single polymer/coating,Compatible,83.33,0.6666666666666666,,0,86.6667,,,,True,13
VEG_009,Lettuce,PM019,PS,Polymer film,Single polymer/coating,Compatible,83.33,0.6666666666666666,,0,86.6667,,,,True,14
VEG_009,Lettuce,PM020,HIPS,Polymer film,Single polymer/coating,Compatible,83.33,0.6666666666666666,,0,86.6667,,,,True,15
VEG_009,Lettuce,PM021,EPS,Polymer film,Single polymer/coating,Compatible,83.33,0.6666666666666666,,0,86.6667,,,,True,16
VEG_009,Lettuce,PM022,PLA,Biodegradable polymer,Polymer film,Compatible,83.33,0.6666666666666666,,0,86.6667,,,,True,17
VEG_009,Lettuce,PM023,PHA,Biodegradable polymer,Polymer film,Compatible,83.33,0.6666666666666666,,0,86.6667,,,,True,18
VEG_009,Lettuce,PM024,Cellulose film,Paper/cellulosic,Paper/film,Compatible,83.33,0.6666666666666666,,0,86.6667,,,,True,19
VEG_009,Lettuce,PM025,Coated cellulose film,Paper/cellulosic,Paper/film,Compatible,83.33,0.6666666666666666,,0,86.6667,,,,True,20
VEG_009,Lettuce,PM026,Kraft paper,Paper/cellulosic,Paper/film,Compatible,83.33,0.6666666666666666,,0,86.6667,,,,True,21
VEG_009,Lettuce,PM027,Coated paper,Paper/cellulosic,Paper/film,Compatible,83.33,0.6666666666666666,,0,86.6667,,,,True,22
VEG_009,Lettuce,PM028,Glassine paper,Paper/cellulosic,Paper/film,Compatible,83.33,0.6666666666666666,,0,86.6667,,,,True,23
VEG_009,Lettuce,PM031,PET/PE laminate,Multilayer laminate/structure,Multilayer,Compatible,83.33,0.6666666666666666,,0,86.6667,,,,True,24
VEG_009,Lettuce,PM033,PET/CPP laminate,Multilayer laminate/structure,Multilayer,Compatible,83.33,0.6666666666666666,,0,86.6667,,,,True,25
VEG_009,Lettuce,PM037,BOPP/CPP laminate,Multilayer laminate/structure,Multilayer,Compatible,83.33,0.6666666666666666,,0,86.6667,,,,True,26
VEG_009,Lettuce,PM038,Micro-perforated PE film,Fresh-produce breathable film,Perforated film,Compatible,83.33,0.6666666666666666,,0,86.6667,,,,True,27
VEG_009,Lettuce,PM039,Micro-perforated PP film,Fresh-produce breathable film,Perforated film,Compatible,83.33,0.6666666666666666,,0,86.6667,,,,True,28
VEG_009,Lettuce,PM040,Breathable cellulose film,Fresh-produce breathable film,Breathable film,Compatible,83.33,0.6666666666666666,,0,86.6667,,,,True,29
VEG_009,Lettuce,PM008,Metallized BOPP,Polymer film,Single polymer/coating,Low_Compatibility,41.67,0.6666666666666666,,0,51.6709,,,,True,30
VEG_009,Lettuce,PM011,Metallized PET,Polymer film,Single polymer/coating,Low_Compatibility,41.67,0.6666666666666666,,0,51.6709,,,,True,31
VEG_009,Lettuce,PM012,PVdC-coated PET,Polymer film,Single polymer/coating,Low_Compatibility,41.67,0.6666666666666666,,0,51.6709,,,,True,32
VEG_009,Lettuce,PM016,PVdC,Polymer film,Single polymer/coating,Low_Compatibility,41.67,0.6666666666666666,,0,51.6709,,,,True,33
VEG_009,Lettuce,PM032,PA/PE laminate,Multilayer laminate/structure,Multilayer,Low_Compatibility,41.67,0.6666666666666666,,0,51.6709,,,,True,34
VEG_009,Lettuce,PM029,Aluminum foil,Metal,Rigid/foil metal,Low_Compatibility,0.0,0.6666666666666666,,0,16.6667,,,,True,35
VEG_009,Lettuce,PM030,Tinplate steel,Metal,Rigid/foil metal,Low_Compatibility,0.0,0.6666666666666666,,0,16.6667,,,,True,36
VEG_009,Lettuce,PM034,PET/Al/PE laminate,Multilayer laminate/structure,Multilayer,Low_Compatibility,0.0,0.6666666666666666,,0,16.6667,,,,True,37
VEG_009,Lettuce,PM035,PET/EVOH/PE laminate,Multilayer laminate/structure,Multilayer,Low_Compatibility,0.0,0.6666666666666666,,0,16.6667,,,,True,38
VEG_009,Lettuce,PM036,PE/PA/EVOH/PE laminate,Multilayer laminate/structure,Multilayer,Low_Compatibility,0.0,0.6666666666666666,,0,16.6667,,,,True,39
VEG_009,Lettuce,PM015,EVOH,Polymer film,Single polymer/coating,Insufficient_Evidence,,0.0,,0,,,,Excluded from recommendation pool because deterministic evidence is insufficient,False,40
FRU_021,Lime,PM001,LDPE,Polymer film,Single polymer/coating,Compatible,83.33,0.6666666666666666,,0,86.6667,,,,True,1
FRU_021,Lime,PM002,LLDPE,Polymer film,Single polymer/coating,Compatible,83.33,0.6666666666666666,,0,86.6667,,,,True,2
FRU_021,Lime,PM003,MDPE,Polymer film,Single polymer/coating,Compatible,83.33,0.6666666666666666,,0,86.6667,,,,True,3
FRU_021,Lime,PM004,HDPE,Polymer film,Single polymer/coating,Compatible,83.33,0.6666666666666666,,0,86.6667,,,,True,4
FRU_021,Lime,PM005,PP,Polymer film,Single polymer/coating,Compatible,83.33,0.6666666666666666,,0,86.6667,,,,True,5
FRU_021,Lime,PM006,CPP,Polymer film,Single polymer/coating,Compatible,83.33,0.6666666666666666,,0,86.6667,,,,True,6
FRU_021,Lime,PM007,BOPP,Polymer film,Single polymer/coating,Compatible,83.33,0.6666666666666666,,0,86.6667,,,,True,7
FRU_021,Lime,PM008,Metallized BOPP,Polymer film,Single polymer/coating,Compatible,83.33,0.6666666666666666,,0,86.6667,,,,True,8
FRU_021,Lime,PM009,PET,Polymer film,Single polymer/coating,Compatible,83.33,0.6666666666666666,,0,86.6667,,,,True,9
FRU_021,Lime,PM010,BOPET,Polymer film,Single polymer/coating,Compatible,83.33,0.6666666666666666,,0,86.6667,,,,True,10
FRU_021,Lime,PM011,Metallized PET,Polymer film,Single polymer/coating,Compatible,83.33,0.6666666666666666,,0,86.6667,,,,True,11
FRU_021,Lime,PM012,PVdC-coated PET,Polymer film,Single polymer/coating,Compatible,83.33,0.6666666666666666,,0,86.6667,,,,True,12
FRU_021,Lime,PM013,PA6 / Nylon-6,Multilayer laminate/structure,Multilayer,Compatible,83.33,0.6666666666666666,,0,86.6667,,,,True,13
FRU_021,Lime,PM014,BOPA / Oriented Nylon,Multilayer laminate/structure,Multilayer,Compatible,83.33,0.6666666666666666,,0,86.6667,,,,True,14
FRU_021,Lime,PM016,PVdC,Polymer film,Single polymer/coating,Compatible,83.33,0.6666666666666666,,0,86.6667,,,,True,15
FRU_021,Lime,PM017,PVC rigid,Polymer film,Single polymer/coating,Compatible,83.33,0.6666666666666666,,0,86.6667,,,,True,16
FRU_021,Lime,PM018,PVC plasticized,Polymer film,Single polymer/coating,Compatible,83.33,0.6666666666666666,,0,86.6667,,,,True,17
FRU_021,Lime,PM019,PS,Polymer film,Single polymer/coating,Compatible,83.33,0.6666666666666666,,0,86.6667,,,,True,18
FRU_021,Lime,PM020,HIPS,Polymer film,Single polymer/coating,Compatible,83.33,0.6666666666666666,,0,86.6667,,,,True,19
FRU_021,Lime,PM021,EPS,Polymer film,Single polymer/coating,Compatible,83.33,0.6666666666666666,,0,86.6667,,,,True,20
FRU_021,Lime,PM022,PLA,Biodegradable polymer,Polymer film,Compatible,83.33,0.6666666666666666,,0,86.6667,,,,True,21
FRU_021,Lime,PM023,PHA,Biodegradable polymer,Polymer film,Compatible,83.33,0.6666666666666666,,0,86.6667,,,,True,22
FRU_021,Lime,PM024,Cellulose film,Paper/cellulosic,Paper/film,Compatible,83.33,0.6666666666666666,,0,86.6667,,,,True,23
FRU_021,Lime,PM025,Coated cellulose film,Paper/cellulosic,Paper/film,Compatible,83.33,0.6666666666666666,,0,86.6667,,,,True,24
FRU_021,Lime,PM026,Kraft paper,Paper/cellulosic,Paper/film,Compatible,83.33,0.6666666666666666,,0,86.6667,,,,True,25
FRU_021,Lime,PM027,Coated paper,Paper/cellulosic,Paper/film,Compatible,83.33,0.6666666666666666,,0,86.6667,,,,True,26
FRU_021,Lime,PM028,Glassine paper,Paper/cellulosic,Paper/film,Compatible,83.33,0.6666666666666666,,0,86.6667,,,,True,27
FRU_021,Lime,PM031,PET/PE laminate,Multilayer laminate/structure,Multilayer,Compatible,83.33,0.6666666666666666,,0,86.6667,,,,True,28
FRU_021,Lime,PM032,PA/PE laminate,Multilayer laminate/structure,Multilayer,Compatible,83.33,0.6666666666666666,,0,86.6667,,,,True,29
FRU_021,Lime,PM033,PET/CPP laminate,Multilayer laminate/structure,Multilayer,Compatible,83.33,0.6666666666666666,,0,86.6667,,,,True,30
FRU_021,Lime,PM037,BOPP/CPP laminate,Multilayer laminate/structure,Multilayer,Compatible,83.33,0.6666666666666666,,0,86.6667,,,,True,31
FRU_021,Lime,PM038,Micro-perforated PE film,Fresh-produce breathable film,Perforated film,Compatible,83.33,0.6666666666666666,,0,86.6667,,,,True,32
FRU_021,Lime,PM039,Micro-perforated PP film,Fresh-produce breathable film,Perforated film,Compatible,83.33,0.6666666666666666,,0,86.6667,,,,True,33
FRU_021,Lime,PM040,Breathable cellulose film,Fresh-produce breathable film,Breathable film,Compatible,83.33,0.6666666666666666,,0,86.6667,,,,True,34
FRU_021,Lime,PM029,Aluminum foil,Metal,Rigid/foil metal,Low_Compatibility,41.67,0.6666666666666666,,0,51.6709,,,,True,35
FRU_021,Lime,PM030,Tinplate steel,Metal,Rigid/foil metal,Low_Compatibility,41.67,0.6666666666666666,,0,51.6709,,,,True,36
FRU_021,Lime,PM034,PET/Al/PE laminate,Multilayer laminate/structure,Multilayer,Low_Compatibility,41.67,0.6666666666666666,,0,51.6709,,,,True,37
FRU_021,Lime,PM035,PET/EVOH/PE laminate,Multilayer laminate/structure,Multilayer,Low_Compatibility,41.67,0.6666666666666666,,0,51.6709,,,,True,38
FRU_021,Lime,PM036,PE/PA/EVOH/PE laminate,Multilayer laminate/structure,Multilayer,Low_Compatibility,41.67,0.6666666666666666,,0,51.6709,,,,True,39
FRU_021,Lime,PM015,EVOH,Polymer film,Single polymer/coating,Insufficient_Evidence,,0.0,,0,,,,Excluded from recommendation pool because deterministic evidence is insufficient,False,40
FRU_005,Mandarin,PM001,LDPE,Polymer film,Single polymer/coating,Conditionally_Compatible,72.22,0.4444444444444445,,0,75.1117,,,,True,1
FRU_005,Mandarin,PM002,LLDPE,Polymer film,Single polymer/coating,Conditionally_Compatible,72.22,0.4444444444444445,,0,75.1117,,,,True,2
FRU_005,Mandarin,PM003,MDPE,Polymer film,Single polymer/coating,Conditionally_Compatible,72.22,0.4444444444444445,,0,75.1117,,,,True,3
FRU_005,Mandarin,PM004,HDPE,Polymer film,Single polymer/coating,Conditionally_Compatible,72.22,0.4444444444444445,,0,75.1117,,,,True,4
FRU_005,Mandarin,PM005,PP,Polymer film,Single polymer/coating,Conditionally_Compatible,72.22,0.4444444444444445,,0,75.1117,,,,True,5
FRU_005,Mandarin,PM006,CPP,Polymer film,Single polymer/coating,Conditionally_Compatible,72.22,0.4444444444444445,,0,75.1117,,,,True,6
FRU_005,Mandarin,PM007,BOPP,Polymer film,Single polymer/coating,Conditionally_Compatible,72.22,0.4444444444444445,,0,75.1117,,,,True,7
FRU_005,Mandarin,PM008,Metallized BOPP,Polymer film,Single polymer/coating,Conditionally_Compatible,72.22,0.4444444444444445,,0,75.1117,,,,True,8
FRU_005,Mandarin,PM009,PET,Polymer film,Single polymer/coating,Conditionally_Compatible,72.22,0.4444444444444445,,0,75.1117,,,,True,9
FRU_005,Mandarin,PM010,BOPET,Polymer film,Single polymer/coating,Conditionally_Compatible,72.22,0.4444444444444445,,0,75.1117,,,,True,10
FRU_005,Mandarin,PM011,Metallized PET,Polymer film,Single polymer/coating,Conditionally_Compatible,72.22,0.4444444444444445,,0,75.1117,,,,True,11
FRU_005,Mandarin,PM012,PVdC-coated PET,Polymer film,Single polymer/coating,Conditionally_Compatible,72.22,0.4444444444444445,,0,75.1117,,,,True,12
FRU_005,Mandarin,PM013,PA6 / Nylon-6,Multilayer laminate/structure,Multilayer,Conditionally_Compatible,72.22,0.4444444444444445,,0,75.1117,,,,True,13
FRU_005,Mandarin,PM014,BOPA / Oriented Nylon,Multilayer laminate/structure,Multilayer,Conditionally_Compatible,72.22,0.4444444444444445,,0,75.1117,,,,True,14
FRU_005,Mandarin,PM016,PVdC,Polymer film,Single polymer/coating,Conditionally_Compatible,72.22,0.4444444444444445,,0,75.1117,,,,True,15
FRU_005,Mandarin,PM017,PVC rigid,Polymer film,Single polymer/coating,Conditionally_Compatible,72.22,0.4444444444444445,,0,75.1117,,,,True,16
FRU_005,Mandarin,PM018,PVC plasticized,Polymer film,Single polymer/coating,Conditionally_Compatible,72.22,0.4444444444444445,,0,75.1117,,,,True,17
FRU_005,Mandarin,PM019,PS,Polymer film,Single polymer/coating,Conditionally_Compatible,72.22,0.4444444444444445,,0,75.1117,,,,True,18
FRU_005,Mandarin,PM020,HIPS,Polymer film,Single polymer/coating,Conditionally_Compatible,72.22,0.4444444444444445,,0,75.1117,,,,True,19
FRU_005,Mandarin,PM021,EPS,Polymer film,Single polymer/coating,Conditionally_Compatible,72.22,0.4444444444444445,,0,75.1117,,,,True,20
FRU_005,Mandarin,PM022,PLA,Biodegradable polymer,Polymer film,Conditionally_Compatible,72.22,0.4444444444444445,,0,75.1117,,,,True,21
FRU_005,Mandarin,PM023,PHA,Biodegradable polymer,Polymer film,Conditionally_Compatible,72.22,0.4444444444444445,,0,75.1117,,,,True,22
FRU_005,Mandarin,PM024,Cellulose film,Paper/cellulosic,Paper/film,Conditionally_Compatible,72.22,0.4444444444444445,,0,75.1117,,,,True,23
FRU_005,Mandarin,PM025,Coated cellulose film,Paper/cellulosic,Paper/film,Conditionally_Compatible,72.22,0.4444444444444445,,0,75.1117,,,,True,24
FRU_005,Mandarin,PM026,Kraft paper,Paper/cellulosic,Paper/film,Conditionally_Compatible,72.22,0.4444444444444445,,0,75.1117,,,,True,25
FRU_005,Mandarin,PM027,Coated paper,Paper/cellulosic,Paper/film,Conditionally_Compatible,72.22,0.4444444444444445,,0,75.1117,,,,True,26
FRU_005,Mandarin,PM028,Glassine paper,Paper/cellulosic,Paper/film,Conditionally_Compatible,72.22,0.4444444444444445,,0,75.1117,,,,True,27
FRU_005,Mandarin,PM031,PET/PE laminate,Multilayer laminate/structure,Multilayer,Conditionally_Compatible,72.22,0.4444444444444445,,0,75.1117,,,,True,28
FRU_005,Mandarin,PM032,PA/PE laminate,Multilayer laminate/structure,Multilayer,Conditionally_Compatible,72.22,0.4444444444444445,,0,75.1117,,,,True,29
FRU_005,Mandarin,PM033,PET/CPP laminate,Multilayer laminate/structure,Multilayer,Conditionally_Compatible,72.22,0.4444444444444445,,0,75.1117,,,,True,30
FRU_005,Mandarin,PM037,BOPP/CPP laminate,Multilayer laminate/structure,Multilayer,Conditionally_Compatible,72.22,0.4444444444444445,,0,75.1117,,,,True,31
FRU_005,Mandarin,PM038,Micro-perforated PE film,Fresh-produce breathable film,Perforated film,Conditionally_Compatible,72.22,0.4444444444444445,,0,75.1117,,,,True,32
FRU_005,Mandarin,PM039,Micro-perforated PP film,Fresh-produce breathable film,Perforated film,Conditionally_Compatible,72.22,0.4444444444444445,,0,75.1117,,,,True,33
FRU_005,Mandarin,PM040,Breathable cellulose film,Fresh-produce breathable film,Breathable film,Conditionally_Compatible,72.22,0.4444444444444445,,0,75.1117,,,,True,34
FRU_005,Mandarin,PM029,Aluminum foil,Metal,Rigid/foil metal,Low_Compatibility,36.11,0.4444444444444445,,0,44.7781,,,,True,35
FRU_005,Mandarin,PM030,Tinplate steel,Metal,Rigid/foil metal,Low_Compatibility,36.11,0.4444444444444445,,0,44.7781,,,,True,36
FRU_005,Mandarin,PM034,PET/Al/PE laminate,Multilayer laminate/structure,Multilayer,Low_Compatibility,36.11,0.4444444444444445,,0,44.7781,,,,True,37
FRU_005,Mandarin,PM035,PET/EVOH/PE laminate,Multilayer laminate/structure,Multilayer,Low_Compatibility,36.11,0.4444444444444445,,0,44.7781,,,,True,38
FRU_005,Mandarin,PM036,PE/PA/EVOH/PE laminate,Multilayer laminate/structure,Multilayer,Low_Compatibility,36.11,0.4444444444444445,,0,44.7781,,,,True,39
FRU_005,Mandarin,PM015,EVOH,Polymer film,Single polymer/coating,Insufficient_Evidence,,0.0,,0,,,,Excluded from recommendation pool because deterministic evidence is insufficient,False,40
FRU_003,Mango,PM001,LDPE,Polymer film,Single polymer/coating,Compatible,83.33,0.6666666666666666,,0,86.6667,,,,True,1
FRU_003,Mango,PM002,LLDPE,Polymer film,Single polymer/coating,Compatible,83.33,0.6666666666666666,,0,86.6667,,,,True,2
FRU_003,Mango,PM003,MDPE,Polymer film,Single polymer/coating,Compatible,83.33,0.6666666666666666,,0,86.6667,,,,True,3
FRU_003,Mango,PM007,BOPP,Polymer film,Single polymer/coating,Compatible,83.33,0.6666666666666666,,0,86.6667,,,,True,4
FRU_003,Mango,PM013,PA6 / Nylon-6,Multilayer laminate/structure,Multilayer,Compatible,83.33,0.6666666666666666,,0,86.6667,,,,True,5
FRU_003,Mango,PM014,BOPA / Oriented Nylon,Multilayer laminate/structure,Multilayer,Compatible,83.33,0.6666666666666666,,0,86.6667,,,,True,6
FRU_003,Mango,PM018,PVC plasticized,Polymer film,Single polymer/coating,Compatible,83.33,0.6666666666666666,,0,86.6667,,,,True,7
FRU_003,Mango,PM019,PS,Polymer film,Single polymer/coating,Compatible,83.33,0.6666666666666666,,0,86.6667,,,,True,8
FRU_003,Mango,PM020,HIPS,Polymer film,Single polymer/coating,Compatible,83.33,0.6666666666666666,,0,86.6667,,,,True,9
FRU_003,Mango,PM021,EPS,Polymer film,Single polymer/coating,Compatible,83.33,0.6666666666666666,,0,86.6667,,,,True,10
FRU_003,Mango,PM022,PLA,Biodegradable polymer,Polymer film,Compatible,83.33,0.6666666666666666,,0,86.6667,,,,True,11
FRU_003,Mango,PM023,PHA,Biodegradable polymer,Polymer film,Compatible,83.33,0.6666666666666666,,0,86.6667,,,,True,12
FRU_003,Mango,PM024,Cellulose film,Paper/cellulosic,Paper/film,Compatible,83.33,0.6666666666666666,,0,86.6667,,,,True,13
FRU_003,Mango,PM025,Coated cellulose film,Paper/cellulosic,Paper/film,Compatible,83.33,0.6666666666666666,,0,86.6667,,,,True,14
FRU_003,Mango,PM026,Kraft paper,Paper/cellulosic,Paper/film,Compatible,83.33,0.6666666666666666,,0,86.6667,,,,True,15
FRU_003,Mango,PM027,Coated paper,Paper/cellulosic,Paper/film,Compatible,83.33,0.6666666666666666,,0,86.6667,,,,True,16
FRU_003,Mango,PM028,Glassine paper,Paper/cellulosic,Paper/film,Compatible,83.33,0.6666666666666666,,0,86.6667,,,,True,17
FRU_003,Mango,PM038,Micro-perforated PE film,Fresh-produce breathable film,Perforated film,Compatible,83.33,0.6666666666666666,,0,86.6667,,,,True,18
FRU_003,Mango,PM039,Micro-perforated PP film,Fresh-produce breathable film,Perforated film,Compatible,83.33,0.6666666666666666,,0,86.6667,,,,True,19
FRU_003,Mango,PM040,Breathable cellulose film,Fresh-produce breathable film,Breathable film,Compatible,83.33,0.6666666666666666,,0,86.6667,,,,True,20
FRU_003,Mango,PM004,HDPE,Polymer film,Single polymer/coating,Low_Compatibility,41.67,0.6666666666666666,,0,51.6709,,,,True,21
FRU_003,Mango,PM031,PET/PE laminate,Multilayer laminate/structure,Multilayer,Low_Compatibility,41.67,0.6666666666666666,,0,51.6709,,,,True,22
FRU_003,Mango,PM033,PET/CPP laminate,Multilayer laminate/structure,Multilayer,Low_Compatibility,41.67,0.6666666666666666,,0,51.6709,,,,True,23
FRU_003,Mango,PM037,BOPP/CPP laminate,Multilayer laminate/structure,Multilayer,Low_Compatibility,41.67,0.6666666666666666,,0,51.6709,,,,True,24
FRU_003,Mango,PM005,PP,Polymer film,Single polymer/coating,Low_Compatibility,0.0,0.6666666666666666,,0,16.6667,,,,True,25
FRU_003,Mango,PM006,CPP,Polymer film,Single polymer/coating,Low_Compatibility,0.0,0.6666666666666666,,0,16.6667,,,,True,26
FRU_003,Mango,PM008,Metallized BOPP,Polymer film,Single polymer/coating,Low_Compatibility,0.0,0.6666666666666666,,0,16.6667,,,,True,27
FRU_003,Mango,PM009,PET,Polymer film,Single polymer/coating,Low_Compatibility,0.0,0.6666666666666666,,0,16.6667,,,,True,28
FRU_003,Mango,PM010,BOPET,Polymer film,Single polymer/coating,Low_Compatibility,0.0,0.6666666666666666,,0,16.6667,,,,True,29
FRU_003,Mango,PM011,Metallized PET,Polymer film,Single polymer/coating,Low_Compatibility,0.0,0.6666666666666666,,0,16.6667,,,,True,30
FRU_003,Mango,PM012,PVdC-coated PET,Polymer film,Single polymer/coating,Low_Compatibility,0.0,0.6666666666666666,,0,16.6667,,,,True,31
FRU_003,Mango,PM016,PVdC,Polymer film,Single polymer/coating,Low_Compatibility,0.0,0.6666666666666666,,0,16.6667,,,,True,32
FRU_003,Mango,PM017,PVC rigid,Polymer film,Single polymer/coating,Low_Compatibility,0.0,0.6666666666666666,,0,16.6667,,,,True,33
FRU_003,Mango,PM029,Aluminum foil,Metal,Rigid/foil metal,Low_Compatibility,0.0,0.6666666666666666,,0,16.6667,,,,True,34
FRU_003,Mango,PM030,Tinplate steel,Metal,Rigid/foil metal,Low_Compatibility,0.0,0.6666666666666666,,0,16.6667,,,,True,35
FRU_003,Mango,PM032,PA/PE laminate,Multilayer laminate/structure,Multilayer,Low_Compatibility,0.0,0.6666666666666666,,0,16.6667,,,,True,36
FRU_003,Mango,PM034,PET/Al/PE laminate,Multilayer laminate/structure,Multilayer,Low_Compatibility,0.0,0.6666666666666666,,0,16.6667,,,,True,37
FRU_003,Mango,PM035,PET/EVOH/PE laminate,Multilayer laminate/structure,Multilayer,Low_Compatibility,0.0,0.6666666666666666,,0,16.6667,,,,True,38
FRU_003,Mango,PM036,PE/PA/EVOH/PE laminate,Multilayer laminate/structure,Multilayer,Low_Compatibility,0.0,0.6666666666666666,,0,16.6667,,,,True,39
FRU_003,Mango,PM015,EVOH,Polymer film,Single polymer/coating,Insufficient_Evidence,,0.0,,0,,,,Excluded from recommendation pool because deterministic evidence is insufficient,False,40
FRU_012,Muskmelon / Cantaloupe,PM001,LDPE,Polymer film,Single polymer/coating,Compatible,83.33,0.6666666666666666,,0,86.6667,,,,True,1
FRU_012,Muskmelon / Cantaloupe,PM002,LLDPE,Polymer film,Single polymer/coating,Compatible,83.33,0.6666666666666666,,0,86.6667,,,,True,2
FRU_012,Muskmelon / Cantaloupe,PM003,MDPE,Polymer film,Single polymer/coating,Compatible,83.33,0.6666666666666666,,0,86.6667,,,,True,3
FRU_012,Muskmelon / Cantaloupe,PM007,BOPP,Polymer film,Single polymer/coating,Compatible,83.33,0.6666666666666666,,0,86.6667,,,,True,4
FRU_012,Muskmelon / Cantaloupe,PM013,PA6 / Nylon-6,Multilayer laminate/structure,Multilayer,Compatible,83.33,0.6666666666666666,,0,86.6667,,,,True,5
FRU_012,Muskmelon / Cantaloupe,PM014,BOPA / Oriented Nylon,Multilayer laminate/structure,Multilayer,Compatible,83.33,0.6666666666666666,,0,86.6667,,,,True,6
FRU_012,Muskmelon / Cantaloupe,PM018,PVC plasticized,Polymer film,Single polymer/coating,Compatible,83.33,0.6666666666666666,,0,86.6667,,,,True,7
FRU_012,Muskmelon / Cantaloupe,PM019,PS,Polymer film,Single polymer/coating,Compatible,83.33,0.6666666666666666,,0,86.6667,,,,True,8
FRU_012,Muskmelon / Cantaloupe,PM020,HIPS,Polymer film,Single polymer/coating,Compatible,83.33,0.6666666666666666,,0,86.6667,,,,True,9
FRU_012,Muskmelon / Cantaloupe,PM021,EPS,Polymer film,Single polymer/coating,Compatible,83.33,0.6666666666666666,,0,86.6667,,,,True,10
FRU_012,Muskmelon / Cantaloupe,PM022,PLA,Biodegradable polymer,Polymer film,Compatible,83.33,0.6666666666666666,,0,86.6667,,,,True,11
FRU_012,Muskmelon / Cantaloupe,PM023,PHA,Biodegradable polymer,Polymer film,Compatible,83.33,0.6666666666666666,,0,86.6667,,,,True,12
FRU_012,Muskmelon / Cantaloupe,PM024,Cellulose film,Paper/cellulosic,Paper/film,Compatible,83.33,0.6666666666666666,,0,86.6667,,,,True,13
FRU_012,Muskmelon / Cantaloupe,PM025,Coated cellulose film,Paper/cellulosic,Paper/film,Compatible,83.33,0.6666666666666666,,0,86.6667,,,,True,14
FRU_012,Muskmelon / Cantaloupe,PM026,Kraft paper,Paper/cellulosic,Paper/film,Compatible,83.33,0.6666666666666666,,0,86.6667,,,,True,15
FRU_012,Muskmelon / Cantaloupe,PM027,Coated paper,Paper/cellulosic,Paper/film,Compatible,83.33,0.6666666666666666,,0,86.6667,,,,True,16
FRU_012,Muskmelon / Cantaloupe,PM028,Glassine paper,Paper/cellulosic,Paper/film,Compatible,83.33,0.6666666666666666,,0,86.6667,,,,True,17
FRU_012,Muskmelon / Cantaloupe,PM038,Micro-perforated PE film,Fresh-produce breathable film,Perforated film,Compatible,83.33,0.6666666666666666,,0,86.6667,,,,True,18
FRU_012,Muskmelon / Cantaloupe,PM039,Micro-perforated PP film,Fresh-produce breathable film,Perforated film,Compatible,83.33,0.6666666666666666,,0,86.6667,,,,True,19
FRU_012,Muskmelon / Cantaloupe,PM040,Breathable cellulose film,Fresh-produce breathable film,Breathable film,Compatible,83.33,0.6666666666666666,,0,86.6667,,,,True,20
FRU_012,Muskmelon / Cantaloupe,PM004,HDPE,Polymer film,Single polymer/coating,Low_Compatibility,41.67,0.6666666666666666,,0,51.6709,,,,True,21
FRU_012,Muskmelon / Cantaloupe,PM031,PET/PE laminate,Multilayer laminate/structure,Multilayer,Low_Compatibility,41.67,0.6666666666666666,,0,51.6709,,,,True,22
FRU_012,Muskmelon / Cantaloupe,PM033,PET/CPP laminate,Multilayer laminate/structure,Multilayer,Low_Compatibility,41.67,0.6666666666666666,,0,51.6709,,,,True,23
FRU_012,Muskmelon / Cantaloupe,PM037,BOPP/CPP laminate,Multilayer laminate/structure,Multilayer,Low_Compatibility,41.67,0.6666666666666666,,0,51.6709,,,,True,24
FRU_012,Muskmelon / Cantaloupe,PM005,PP,Polymer film,Single polymer/coating,Low_Compatibility,0.0,0.6666666666666666,,0,16.6667,,,,True,25
FRU_012,Muskmelon / Cantaloupe,PM006,CPP,Polymer film,Single polymer/coating,Low_Compatibility,0.0,0.6666666666666666,,0,16.6667,,,,True,26
FRU_012,Muskmelon / Cantaloupe,PM008,Metallized BOPP,Polymer film,Single polymer/coating,Low_Compatibility,0.0,0.6666666666666666,,0,16.6667,,,,True,27
FRU_012,Muskmelon / Cantaloupe,PM009,PET,Polymer film,Single polymer/coating,Low_Compatibility,0.0,0.6666666666666666,,0,16.6667,,,,True,28
FRU_012,Muskmelon / Cantaloupe,PM010,BOPET,Polymer film,Single polymer/coating,Low_Compatibility,0.0,0.6666666666666666,,0,16.6667,,,,True,29
FRU_012,Muskmelon / Cantaloupe,PM011,Metallized PET,Polymer film,Single polymer/coating,Low_Compatibility,0.0,0.6666666666666666,,0,16.6667,,,,True,30
FRU_012,Muskmelon / Cantaloupe,PM012,PVdC-coated PET,Polymer film,Single polymer/coating,Low_Compatibility,0.0,0.6666666666666666,,0,16.6667,,,,True,31
FRU_012,Muskmelon / Cantaloupe,PM016,PVdC,Polymer film,Single polymer/coating,Low_Compatibility,0.0,0.6666666666666666,,0,16.6667,,,,True,32
FRU_012,Muskmelon / Cantaloupe,PM017,PVC rigid,Polymer film,Single polymer/coating,Low_Compatibility,0.0,0.6666666666666666,,0,16.6667,,,,True,33
FRU_012,Muskmelon / Cantaloupe,PM029,Aluminum foil,Metal,Rigid/foil metal,Low_Compatibility,0.0,0.6666666666666666,,0,16.6667,,,,True,34
FRU_012,Muskmelon / Cantaloupe,PM030,Tinplate steel,Metal,Rigid/foil metal,Low_Compatibility,0.0,0.6666666666666666,,0,16.6667,,,,True,35
FRU_012,Muskmelon / Cantaloupe,PM032,PA/PE laminate,Multilayer laminate/structure,Multilayer,Low_Compatibility,0.0,0.6666666666666666,,0,16.6667,,,,True,36
FRU_012,Muskmelon / Cantaloupe,PM034,PET/Al/PE laminate,Multilayer laminate/structure,Multilayer,Low_Compatibility,0.0,0.6666666666666666,,0,16.6667,,,,True,37
FRU_012,Muskmelon / Cantaloupe,PM035,PET/EVOH/PE laminate,Multilayer laminate/structure,Multilayer,Low_Compatibility,0.0,0.6666666666666666,,0,16.6667,,,,True,38
FRU_012,Muskmelon / Cantaloupe,PM036,PE/PA/EVOH/PE laminate,Multilayer laminate/structure,Multilayer,Low_Compatibility,0.0,0.6666666666666666,,0,16.6667,,,,True,39
FRU_012,Muskmelon / Cantaloupe,PM015,EVOH,Polymer film,Single polymer/coating,Insufficient_Evidence,,0.0,,0,,,,Excluded from recommendation pool because deterministic evidence is insufficient,False,40
MEAT_003,Mutton / goat meat,PM002,LLDPE,Polymer film,Single polymer/coating,Conditionally_Compatible,72.22,0.4444444444444445,,0,75.1117,,,,True,1
MEAT_003,Mutton / goat meat,PM003,MDPE,Polymer film,Single polymer/coating,Conditionally_Compatible,72.22,0.4444444444444445,,0,75.1117,,,,True,2
MEAT_003,Mutton / goat meat,PM006,CPP,Polymer film,Single polymer/coating,Conditionally_Compatible,72.22,0.4444444444444445,,0,75.1117,,,,True,3
MEAT_003,Mutton / goat meat,PM031,PET/PE laminate,Multilayer laminate/structure,Multilayer,Conditionally_Compatible,72.22,0.4444444444444445,,0,75.1117,,,,True,4
MEAT_003,Mutton / goat meat,PM032,PA/PE laminate,Multilayer laminate/structure,Multilayer,Conditionally_Compatible,72.22,0.4444444444444445,,0,75.1117,,,,True,5
MEAT_003,Mutton / goat meat,PM033,PET/CPP laminate,Multilayer laminate/structure,Multilayer,Conditionally_Compatible,72.22,0.4444444444444445,,0,75.1117,,,,True,6
MEAT_003,Mutton / goat meat,PM037,BOPP/CPP laminate,Multilayer laminate/structure,Multilayer,Conditionally_Compatible,72.22,0.4444444444444445,,0,75.1117,,,,True,7
MEAT_003,Mutton / goat meat,PM039,Micro-perforated PP film,Fresh-produce breathable film,Perforated film,Conditionally_Compatible,72.22,0.4444444444444445,,0,75.1117,,,,True,8
MEAT_003,Mutton / goat meat,PM001,LDPE,Polymer film,Single polymer/coating,Conditionally_Compatible,63.19,0.4444444444444445,,0,67.5262,,,,True,9
MEAT_003,Mutton / goat meat,PM004,HDPE,Polymer film,Single polymer/coating,Conditionally_Compatible,63.19,0.4444444444444445,,0,67.5262,,,,True,10
MEAT_003,Mutton / goat meat,PM005,PP,Polymer film,Single polymer/coating,Conditionally_Compatible,63.19,0.4444444444444445,,0,67.5262,,,,True,11
MEAT_003,Mutton / goat meat,PM034,PET/Al/PE laminate,Multilayer laminate/structure,Multilayer,Conditionally_Compatible,63.19,0.4444444444444445,,0,67.5262,,,,True,12
MEAT_003,Mutton / goat meat,PM035,PET/EVOH/PE laminate,Multilayer laminate/structure,Multilayer,Conditionally_Compatible,63.19,0.4444444444444445,,0,67.5262,,,,True,13
MEAT_003,Mutton / goat meat,PM038,Micro-perforated PE film,Fresh-produce breathable film,Perforated film,Conditionally_Compatible,63.19,0.4444444444444445,,0,67.5262,,,,True,14
MEAT_003,Mutton / goat meat,PM036,PE/PA/EVOH/PE laminate,Multilayer laminate/structure,Multilayer,Conditionally_Compatible,55.55,0.3333333333333334,,0,59.9972,,,,True,15
MEAT_003,Mutton / goat meat,PM007,BOPP,Polymer film,Single polymer/coating,Low_Compatibility,54.17,0.4444444444444445,,0,59.9491,,,,True,16
MEAT_003,Mutton / goat meat,PM008,Metallized BOPP,Polymer film,Single polymer/coating,Low_Compatibility,54.17,0.4444444444444445,,0,59.9491,,,,True,17
MEAT_003,Mutton / goat meat,PM009,PET,Polymer film,Single polymer/coating,Low_Compatibility,54.17,0.4444444444444445,,0,59.9491,,,,True,18
MEAT_003,Mutton / goat meat,PM010,BOPET,Polymer film,Single polymer/coating,Low_Compatibility,54.17,0.4444444444444445,,0,59.9491,,,,True,19
MEAT_003,Mutton / goat meat,PM011,Metallized PET,Polymer film,Single polymer/coating,Low_Compatibility,54.17,0.4444444444444445,,0,59.9491,,,,True,20
MEAT_003,Mutton / goat meat,PM012,PVdC-coated PET,Polymer film,Single polymer/coating,Low_Compatibility,54.17,0.4444444444444445,,0,59.9491,,,,True,21
MEAT_003,Mutton / goat meat,PM013,PA6 / Nylon-6,Multilayer laminate/structure,Multilayer,Low_Compatibility,54.17,0.4444444444444445,,0,59.9491,,,,True,22
MEAT_003,Mutton / goat meat,PM014,BOPA / Oriented Nylon,Multilayer laminate/structure,Multilayer,Low_Compatibility,54.17,0.4444444444444445,,0,59.9491,,,,True,23
MEAT_003,Mutton / goat meat,PM016,PVdC,Polymer film,Single polymer/coating,Conditionally_Compatible,54.17,0.4444444444444445,,0,59.9491,,,,True,24
MEAT_003,Mutton / goat meat,PM025,Coated cellulose film,Paper/cellulosic,Paper/film,Conditionally_Compatible,54.17,0.4444444444444445,,0,59.9491,,,,True,25
MEAT_003,Mutton / goat meat,PM015,EVOH,Polymer film,Single polymer/coating,Low_Compatibility,45.14,0.4444444444444445,,0,52.3636,,,,True,26
MEAT_003,Mutton / goat meat,PM017,PVC rigid,Polymer film,Single polymer/coating,Low_Compatibility,45.14,0.4444444444444445,,0,52.3636,,,,True,27
MEAT_003,Mutton / goat meat,PM020,HIPS,Polymer film,Single polymer/coating,Low_Compatibility,45.14,0.4444444444444445,,0,52.3636,,,,True,28
MEAT_003,Mutton / goat meat,PM022,PLA,Biodegradable polymer,Polymer film,Low_Compatibility,45.14,0.4444444444444445,,0,52.3636,,,,True,29
MEAT_003,Mutton / goat meat,PM023,PHA,Biodegradable polymer,Polymer film,Low_Compatibility,45.14,0.4444444444444445,,0,52.3636,,,,True,30
MEAT_003,Mutton / goat meat,PM027,Coated paper,Paper/cellulosic,Paper/film,Low_Compatibility,45.14,0.4444444444444445,,0,52.3636,,,,True,31
MEAT_003,Mutton / goat meat,PM029,Aluminum foil,Metal,Rigid/foil metal,Low_Compatibility,45.14,0.4444444444444445,,0,52.3636,,,,True,32
MEAT_003,Mutton / goat meat,PM018,PVC plasticized,Polymer film,Single polymer/coating,Low_Compatibility,44.45,0.3333333333333334,,0,50.6728,,,,True,33
MEAT_003,Mutton / goat meat,PM019,PS,Polymer film,Single polymer/coating,Low_Compatibility,36.11,0.4444444444444445,,0,44.7781,,,,True,34
MEAT_003,Mutton / goat meat,PM026,Kraft paper,Paper/cellulosic,Paper/film,Low_Compatibility,36.11,0.4444444444444445,,0,44.7781,,,,True,35
MEAT_003,Mutton / goat meat,PM028,Glassine paper,Paper/cellulosic,Paper/film,Low_Compatibility,36.11,0.4444444444444445,,0,44.7781,,,,True,36
MEAT_003,Mutton / goat meat,PM024,Cellulose film,Paper/cellulosic,Paper/film,Low_Compatibility,33.33,0.3333333333333334,,0,41.3317,,,,True,37
MEAT_003,Mutton / goat meat,PM030,Tinplate steel,Metal,Rigid/foil metal,Low_Compatibility,33.33,0.3333333333333334,,0,41.3317,,,,True,38
MEAT_003,Mutton / goat meat,PM040,Breathable cellulose film,Fresh-produce breathable film,Breathable film,Low_Compatibility,33.33,0.3333333333333334,,0,41.3317,,,,True,39
MEAT_003,Mutton / goat meat,PM021,EPS,Polymer film,Single polymer/coating,Low_Compatibility,18.06,0.4444444444444445,,0,29.6155,,,,True,40
PREP_015,Mutton biryani,PM002,LLDPE,Polymer film,Single polymer/coating,Conditionally_Compatible,70.0,0.4000000000000001,,0,72.8024,,,,True,1
PREP_015,Mutton biryani,PM003,MDPE,Polymer film,Single polymer/coating,Conditionally_Compatible,70.0,0.4000000000000001,,0,72.8024,,,,True,2
PREP_015,Mutton biryani,PM004,HDPE,Polymer film,Single polymer/coating,Conditionally_Compatible,70.0,0.4000000000000001,,0,72.8024,,,,True,3
PREP_015,Mutton biryani,PM005,PP,Polymer film,Single polymer/coating,Conditionally_Compatible,70.0,0.4000000000000001,,0,72.8024,,,,True,4
PREP_015,Mutton biryani,PM006,CPP,Polymer film,Single polymer/coating,Conditionally_Compatible,70.0,0.4000000000000001,,0,72.8024,,,,True,5
PREP_015,Mutton biryani,PM031,PET/PE laminate,Multilayer laminate/structure,Multilayer,Conditionally_Compatible,70.0,0.4000000000000001,,0,72.8024,,,,True,6
PREP_015,Mutton biryani,PM033,PET/CPP laminate,Multilayer laminate/structure,Multilayer,Conditionally_Compatible,70.0,0.4000000000000001,,0,72.8024,,,,True,7
PREP_015,Mutton biryani,PM037,BOPP/CPP laminate,Multilayer laminate/structure,Multilayer,Conditionally_Compatible,70.0,0.4000000000000001,,0,72.8024,,,,True,8
PREP_015,Mutton biryani,PM039,Micro-perforated PP film,Fresh-produce breathable film,Perforated film,Conditionally_Compatible,70.0,0.4000000000000001,,0,72.8024,,,,True,9
PREP_015,Mutton biryani,PM001,LDPE,Polymer film,Single polymer/coating,Conditionally_Compatible,61.25,0.4000000000000001,,0,65.4521,,,,True,10
PREP_015,Mutton biryani,PM025,Coated cellulose film,Paper/cellulosic,Paper/film,Conditionally_Compatible,61.25,0.4000000000000001,,0,65.4521,,,,True,11
PREP_015,Mutton biryani,PM032,PA/PE laminate,Multilayer laminate/structure,Multilayer,Conditionally_Compatible,61.25,0.4000000000000001,,0,65.4521,,,,True,12
PREP_015,Mutton biryani,PM038,Micro-perforated PE film,Fresh-produce breathable film,Perforated film,Conditionally_Compatible,61.25,0.4000000000000001,,0,65.4521,,,,True,13
PREP_015,Mutton biryani,PM018,PVC plasticized,Polymer film,Single polymer/coating,Conditionally_Compatible,54.16,0.3000000000000001,,0,58.4962,,,,True,14
PREP_015,Mutton biryani,PM007,BOPP,Polymer film,Single polymer/coating,Low_Compatibility,52.5,0.4000000000000001,,0,58.1018,,,,True,15
PREP_015,Mutton biryani,PM009,PET,Polymer film,Single polymer/coating,Low_Compatibility,52.5,0.4000000000000001,,0,58.1018,,,,True,16
PREP_015,Mutton biryani,PM010,BOPET,Polymer film,Single polymer/coating,Low_Compatibility,52.5,0.4000000000000001,,0,58.1018,,,,True,17
PREP_015,Mutton biryani,PM013,PA6 / Nylon-6,Multilayer laminate/structure,Multilayer,Low_Compatibility,52.5,0.4000000000000001,,0,58.1018,,,,True,18
PREP_015,Mutton biryani,PM014,BOPA / Oriented Nylon,Multilayer laminate/structure,Multilayer,Low_Compatibility,52.5,0.4000000000000001,,0,58.1018,,,,True,19
PREP_015,Mutton biryani,PM016,PVdC,Polymer film,Single polymer/coating,Conditionally_Compatible,52.5,0.4000000000000001,,0,58.1018,,,,True,20
PREP_015,Mutton biryani,PM017,PVC rigid,Polymer film,Single polymer/coating,Conditionally_Compatible,52.5,0.4000000000000001,,0,58.1018,,,,True,21
PREP_015,Mutton biryani,PM020,HIPS,Polymer film,Single polymer/coating,Conditionally_Compatible,52.5,0.4000000000000001,,0,58.1018,,,,True,22
PREP_015,Mutton biryani,PM022,PLA,Biodegradable polymer,Polymer film,Conditionally_Compatible,52.5,0.4000000000000001,,0,58.1018,,,,True,23
PREP_015,Mutton biryani,PM023,PHA,Biodegradable polymer,Polymer film,Conditionally_Compatible,52.5,0.4000000000000001,,0,58.1018,,,,True,24
PREP_015,Mutton biryani,PM034,PET/Al/PE laminate,Multilayer laminate/structure,Multilayer,Conditionally_Compatible,52.5,0.4000000000000001,,0,58.1018,,,,True,25
PREP_015,Mutton biryani,PM035,PET/EVOH/PE laminate,Multilayer laminate/structure,Multilayer,Conditionally_Compatible,52.5,0.4000000000000001,,0,58.1018,,,,True,26
PREP_015,Mutton biryani,PM008,Metallized BOPP,Polymer film,Single polymer/coating,Low_Compatibility,43.75,0.4000000000000001,,0,50.7515,,,,True,27
PREP_015,Mutton biryani,PM011,Metallized PET,Polymer film,Single polymer/coating,Low_Compatibility,43.75,0.4000000000000001,,0,50.7515,,,,True,28
PREP_015,Mutton biryani,PM012,PVdC-coated PET,Polymer film,Single polymer/coating,Low_Compatibility,43.75,0.4000000000000001,,0,50.7515,,,,True,29
PREP_015,Mutton biryani,PM015,EVOH,Polymer film,Single polymer/coating,Low_Compatibility,43.75,0.4000000000000001,,0,50.7515,,,,True,30
PREP_015,Mutton biryani,PM019,PS,Polymer film,Single polymer/coating,Low_Compatibility,43.75,0.4000000000000001,,0,50.7515,,,,True,31
PREP_015,Mutton biryani,PM027,Coated paper,Paper/cellulosic,Paper/film,Low_Compatibility,43.75,0.4000000000000001,,0,50.7515,,,,True,32
PREP_015,Mutton biryani,PM036,PE/PA/EVOH/PE laminate,Multilayer laminate/structure,Multilayer,Low_Compatibility,43.34,0.3000000000000001,,0,49.4071,,,,True,33
PREP_015,Mutton biryani,PM026,Kraft paper,Paper/cellulosic,Paper/film,Low_Compatibility,35.0,0.4000000000000001,,0,43.4012,,,,True,34
PREP_015,Mutton biryani,PM028,Glassine paper,Paper/cellulosic,Paper/film,Low_Compatibility,35.0,0.4000000000000001,,0,43.4012,,,,True,35
PREP_015,Mutton biryani,PM029,Aluminum foil,Metal,Rigid/foil metal,Low_Compatibility,35.0,0.4000000000000001,,0,43.4012,,,,True,36
PREP_015,Mutton biryani,PM024,Cellulose film,Paper/cellulosic,Paper/film,Low_Compatibility,32.5,0.3000000000000001,,0,40.3011,,,,True,37
PREP_015,Mutton biryani,PM040,Breathable cellulose film,Fresh-produce breathable film,Breathable film,Low_Compatibility,32.5,0.3000000000000001,,0,40.3011,,,,True,38
PREP_015,Mutton biryani,PM030,Tinplate steel,Metal,Rigid/foil metal,Low_Compatibility,21.66,0.3000000000000001,,0,31.1951,,,,True,39
PREP_015,Mutton biryani,PM021,EPS,Polymer film,Single polymer/coating,Low_Compatibility,17.5,0.4000000000000001,,0,28.7006,,,,True,40
MEAT_008,Mutton mince,PM002,LLDPE,Polymer film,Single polymer/coating,Conditionally_Compatible,72.22,0.4444444444444445,,0,75.1117,,,,True,1
MEAT_008,Mutton mince,PM003,MDPE,Polymer film,Single polymer/coating,Conditionally_Compatible,72.22,0.4444444444444445,,0,75.1117,,,,True,2
MEAT_008,Mutton mince,PM006,CPP,Polymer film,Single polymer/coating,Conditionally_Compatible,72.22,0.4444444444444445,,0,75.1117,,,,True,3
MEAT_008,Mutton mince,PM031,PET/PE laminate,Multilayer laminate/structure,Multilayer,Conditionally_Compatible,72.22,0.4444444444444445,,0,75.1117,,,,True,4
MEAT_008,Mutton mince,PM032,PA/PE laminate,Multilayer laminate/structure,Multilayer,Conditionally_Compatible,72.22,0.4444444444444445,,0,75.1117,,,,True,5
MEAT_008,Mutton mince,PM033,PET/CPP laminate,Multilayer laminate/structure,Multilayer,Conditionally_Compatible,72.22,0.4444444444444445,,0,75.1117,,,,True,6
MEAT_008,Mutton mince,PM037,BOPP/CPP laminate,Multilayer laminate/structure,Multilayer,Conditionally_Compatible,72.22,0.4444444444444445,,0,75.1117,,,,True,7
MEAT_008,Mutton mince,PM039,Micro-perforated PP film,Fresh-produce breathable film,Perforated film,Conditionally_Compatible,72.22,0.4444444444444445,,0,75.1117,,,,True,8
MEAT_008,Mutton mince,PM001,LDPE,Polymer film,Single polymer/coating,Conditionally_Compatible,63.19,0.4444444444444445,,0,67.5262,,,,True,9
MEAT_008,Mutton mince,PM004,HDPE,Polymer film,Single polymer/coating,Conditionally_Compatible,63.19,0.4444444444444445,,0,67.5262,,,,True,10
MEAT_008,Mutton mince,PM005,PP,Polymer film,Single polymer/coating,Conditionally_Compatible,63.19,0.4444444444444445,,0,67.5262,,,,True,11
MEAT_008,Mutton mince,PM034,PET/Al/PE laminate,Multilayer laminate/structure,Multilayer,Conditionally_Compatible,63.19,0.4444444444444445,,0,67.5262,,,,True,12
MEAT_008,Mutton mince,PM035,PET/EVOH/PE laminate,Multilayer laminate/structure,Multilayer,Conditionally_Compatible,63.19,0.4444444444444445,,0,67.5262,,,,True,13
MEAT_008,Mutton mince,PM038,Micro-perforated PE film,Fresh-produce breathable film,Perforated film,Conditionally_Compatible,63.19,0.4444444444444445,,0,67.5262,,,,True,14
MEAT_008,Mutton mince,PM036,PE/PA/EVOH/PE laminate,Multilayer laminate/structure,Multilayer,Conditionally_Compatible,55.55,0.3333333333333334,,0,59.9972,,,,True,15
MEAT_008,Mutton mince,PM007,BOPP,Polymer film,Single polymer/coating,Low_Compatibility,54.17,0.4444444444444445,,0,59.9491,,,,True,16
MEAT_008,Mutton mince,PM008,Metallized BOPP,Polymer film,Single polymer/coating,Low_Compatibility,54.17,0.4444444444444445,,0,59.9491,,,,True,17
MEAT_008,Mutton mince,PM009,PET,Polymer film,Single polymer/coating,Low_Compatibility,54.17,0.4444444444444445,,0,59.9491,,,,True,18
MEAT_008,Mutton mince,PM010,BOPET,Polymer film,Single polymer/coating,Low_Compatibility,54.17,0.4444444444444445,,0,59.9491,,,,True,19
MEAT_008,Mutton mince,PM011,Metallized PET,Polymer film,Single polymer/coating,Low_Compatibility,54.17,0.4444444444444445,,0,59.9491,,,,True,20
MEAT_008,Mutton mince,PM012,PVdC-coated PET,Polymer film,Single polymer/coating,Low_Compatibility,54.17,0.4444444444444445,,0,59.9491,,,,True,21
MEAT_008,Mutton mince,PM013,PA6 / Nylon-6,Multilayer laminate/structure,Multilayer,Low_Compatibility,54.17,0.4444444444444445,,0,59.9491,,,,True,22
MEAT_008,Mutton mince,PM014,BOPA / Oriented Nylon,Multilayer laminate/structure,Multilayer,Low_Compatibility,54.17,0.4444444444444445,,0,59.9491,,,,True,23
MEAT_008,Mutton mince,PM016,PVdC,Polymer film,Single polymer/coating,Conditionally_Compatible,54.17,0.4444444444444445,,0,59.9491,,,,True,24
MEAT_008,Mutton mince,PM025,Coated cellulose film,Paper/cellulosic,Paper/film,Conditionally_Compatible,54.17,0.4444444444444445,,0,59.9491,,,,True,25
MEAT_008,Mutton mince,PM015,EVOH,Polymer film,Single polymer/coating,Low_Compatibility,45.14,0.4444444444444445,,0,52.3636,,,,True,26
MEAT_008,Mutton mince,PM017,PVC rigid,Polymer film,Single polymer/coating,Low_Compatibility,45.14,0.4444444444444445,,0,52.3636,,,,True,27
MEAT_008,Mutton mince,PM020,HIPS,Polymer film,Single polymer/coating,Low_Compatibility,45.14,0.4444444444444445,,0,52.3636,,,,True,28
MEAT_008,Mutton mince,PM022,PLA,Biodegradable polymer,Polymer film,Low_Compatibility,45.14,0.4444444444444445,,0,52.3636,,,,True,29
MEAT_008,Mutton mince,PM023,PHA,Biodegradable polymer,Polymer film,Low_Compatibility,45.14,0.4444444444444445,,0,52.3636,,,,True,30
MEAT_008,Mutton mince,PM027,Coated paper,Paper/cellulosic,Paper/film,Low_Compatibility,45.14,0.4444444444444445,,0,52.3636,,,,True,31
MEAT_008,Mutton mince,PM029,Aluminum foil,Metal,Rigid/foil metal,Low_Compatibility,45.14,0.4444444444444445,,0,52.3636,,,,True,32
MEAT_008,Mutton mince,PM018,PVC plasticized,Polymer film,Single polymer/coating,Low_Compatibility,44.45,0.3333333333333334,,0,50.6728,,,,True,33
MEAT_008,Mutton mince,PM019,PS,Polymer film,Single polymer/coating,Low_Compatibility,36.11,0.4444444444444445,,0,44.7781,,,,True,34
MEAT_008,Mutton mince,PM026,Kraft paper,Paper/cellulosic,Paper/film,Low_Compatibility,36.11,0.4444444444444445,,0,44.7781,,,,True,35
MEAT_008,Mutton mince,PM028,Glassine paper,Paper/cellulosic,Paper/film,Low_Compatibility,36.11,0.4444444444444445,,0,44.7781,,,,True,36
MEAT_008,Mutton mince,PM024,Cellulose film,Paper/cellulosic,Paper/film,Low_Compatibility,33.33,0.3333333333333334,,0,41.3317,,,,True,37
MEAT_008,Mutton mince,PM030,Tinplate steel,Metal,Rigid/foil metal,Low_Compatibility,33.33,0.3333333333333334,,0,41.3317,,,,True,38
MEAT_008,Mutton mince,PM040,Breathable cellulose film,Fresh-produce breathable film,Breathable film,Low_Compatibility,33.33,0.3333333333333334,,0,41.3317,,,,True,39
MEAT_008,Mutton mince,PM021,EPS,Polymer film,Single polymer/coating,Low_Compatibility,18.06,0.4444444444444445,,0,29.6155,,,,True,40
PREP_038,Mysore pak,PM001,LDPE,Polymer film,Single polymer/coating,Conditionally_Compatible,70.0,0.4000000000000001,,0,72.8024,,,,True,1
PREP_038,Mysore pak,PM002,LLDPE,Polymer film,Single polymer/coating,Conditionally_Compatible,70.0,0.4000000000000001,,0,72.8024,,,,True,2
PREP_038,Mysore pak,PM003,MDPE,Polymer film,Single polymer/coating,Conditionally_Compatible,70.0,0.4000000000000001,,0,72.8024,,,,True,3
PREP_038,Mysore pak,PM004,HDPE,Polymer film,Single polymer/coating,Conditionally_Compatible,70.0,0.4000000000000001,,0,72.8024,,,,True,4
PREP_038,Mysore pak,PM005,PP,Polymer film,Single polymer/coating,Conditionally_Compatible,70.0,0.4000000000000001,,0,72.8024,,,,True,5
PREP_038,Mysore pak,PM006,CPP,Polymer film,Single polymer/coating,Conditionally_Compatible,70.0,0.4000000000000001,,0,72.8024,,,,True,6
PREP_038,Mysore pak,PM016,PVdC,Polymer film,Single polymer/coating,Conditionally_Compatible,70.0,0.4000000000000001,,0,72.8024,,,,True,7
PREP_038,Mysore pak,PM025,Coated cellulose film,Paper/cellulosic,Paper/film,Conditionally_Compatible,70.0,0.4000000000000001,,0,72.8024,,,,True,8
PREP_038,Mysore pak,PM031,PET/PE laminate,Multilayer laminate/structure,Multilayer,Conditionally_Compatible,70.0,0.4000000000000001,,0,72.8024,,,,True,9
PREP_038,Mysore pak,PM032,PA/PE laminate,Multilayer laminate/structure,Multilayer,Conditionally_Compatible,70.0,0.4000000000000001,,0,72.8024,,,,True,10
PREP_038,Mysore pak,PM033,PET/CPP laminate,Multilayer laminate/structure,Multilayer,Conditionally_Compatible,70.0,0.4000000000000001,,0,72.8024,,,,True,11
PREP_038,Mysore pak,PM037,BOPP/CPP laminate,Multilayer laminate/structure,Multilayer,Conditionally_Compatible,70.0,0.4000000000000001,,0,72.8024,,,,True,12
PREP_038,Mysore pak,PM038,Micro-perforated PE film,Fresh-produce breathable film,Perforated film,Conditionally_Compatible,70.0,0.4000000000000001,,0,72.8024,,,,True,13
PREP_038,Mysore pak,PM039,Micro-perforated PP film,Fresh-produce breathable film,Perforated film,Conditionally_Compatible,70.0,0.4000000000000001,,0,72.8024,,,,True,14
PREP_038,Mysore pak,PM017,PVC rigid,Polymer film,Single polymer/coating,Conditionally_Compatible,61.25,0.4000000000000001,,0,65.4521,,,,True,15
PREP_038,Mysore pak,PM020,HIPS,Polymer film,Single polymer/coating,Conditionally_Compatible,61.25,0.4000000000000001,,0,65.4521,,,,True,16
PREP_038,Mysore pak,PM022,PLA,Biodegradable polymer,Polymer film,Conditionally_Compatible,61.25,0.4000000000000001,,0,65.4521,,,,True,17
PREP_038,Mysore pak,PM023,PHA,Biodegradable polymer,Polymer film,Conditionally_Compatible,61.25,0.4000000000000001,,0,65.4521,,,,True,18
PREP_038,Mysore pak,PM034,PET/Al/PE laminate,Multilayer laminate/structure,Multilayer,Conditionally_Compatible,61.25,0.4000000000000001,,0,65.4521,,,,True,19
PREP_038,Mysore pak,PM035,PET/EVOH/PE laminate,Multilayer laminate/structure,Multilayer,Conditionally_Compatible,61.25,0.4000000000000001,,0,65.4521,,,,True,20
PREP_038,Mysore pak,PM018,PVC plasticized,Polymer film,Single polymer/coating,Conditionally_Compatible,54.16,0.3000000000000001,,0,58.4962,,,,True,21
PREP_038,Mysore pak,PM036,PE/PA/EVOH/PE laminate,Multilayer laminate/structure,Multilayer,Conditionally_Compatible,54.16,0.3000000000000001,,0,58.4962,,,,True,22
PREP_038,Mysore pak,PM007,BOPP,Polymer film,Single polymer/coating,Low_Compatibility,52.5,0.4000000000000001,,0,58.1018,,,,True,23
PREP_038,Mysore pak,PM008,Metallized BOPP,Polymer film,Single polymer/coating,Low_Compatibility,52.5,0.4000000000000001,,0,58.1018,,,,True,24
PREP_038,Mysore pak,PM009,PET,Polymer film,Single polymer/coating,Low_Compatibility,52.5,0.4000000000000001,,0,58.1018,,,,True,25
PREP_038,Mysore pak,PM010,BOPET,Polymer film,Single polymer/coating,Low_Compatibility,52.5,0.4000000000000001,,0,58.1018,,,,True,26
PREP_038,Mysore pak,PM011,Metallized PET,Polymer film,Single polymer/coating,Low_Compatibility,52.5,0.4000000000000001,,0,58.1018,,,,True,27
PREP_038,Mysore pak,PM012,PVdC-coated PET,Polymer film,Single polymer/coating,Low_Compatibility,52.5,0.4000000000000001,,0,58.1018,,,,True,28
PREP_038,Mysore pak,PM013,PA6 / Nylon-6,Multilayer laminate/structure,Multilayer,Low_Compatibility,52.5,0.4000000000000001,,0,58.1018,,,,True,29
PREP_038,Mysore pak,PM014,BOPA / Oriented Nylon,Multilayer laminate/structure,Multilayer,Low_Compatibility,52.5,0.4000000000000001,,0,58.1018,,,,True,30
PREP_038,Mysore pak,PM015,EVOH,Polymer film,Single polymer/coating,Low_Compatibility,52.5,0.4000000000000001,,0,58.1018,,,,True,31
PREP_038,Mysore pak,PM019,PS,Polymer film,Single polymer/coating,Conditionally_Compatible,52.5,0.4000000000000001,,0,58.1018,,,,True,32
PREP_038,Mysore pak,PM027,Coated paper,Paper/cellulosic,Paper/film,Low_Compatibility,43.75,0.4000000000000001,,0,50.7515,,,,True,33
PREP_038,Mysore pak,PM028,Glassine paper,Paper/cellulosic,Paper/film,Low_Compatibility,43.75,0.4000000000000001,,0,50.7515,,,,True,34
PREP_038,Mysore pak,PM029,Aluminum foil,Metal,Rigid/foil metal,Low_Compatibility,43.75,0.4000000000000001,,0,50.7515,,,,True,35
PREP_038,Mysore pak,PM026,Kraft paper,Paper/cellulosic,Paper/film,Low_Compatibility,35.0,0.4000000000000001,,0,43.4012,,,,True,36
PREP_038,Mysore pak,PM024,Cellulose film,Paper/cellulosic,Paper/film,Low_Compatibility,32.5,0.3000000000000001,,0,40.3011,,,,True,37
PREP_038,Mysore pak,PM030,Tinplate steel,Metal,Rigid/foil metal,Low_Compatibility,32.5,0.3000000000000001,,0,40.3011,,,,True,38
PREP_038,Mysore pak,PM040,Breathable cellulose film,Fresh-produce breathable film,Breathable film,Low_Compatibility,32.5,0.3000000000000001,,0,40.3011,,,,True,39
PREP_038,Mysore pak,PM021,EPS,Polymer film,Single polymer/coating,Low_Compatibility,26.25,0.4000000000000001,,0,36.0509,,,,True,40
PREP_021,Naan,PM002,LLDPE,Polymer film,Single polymer/coating,Conditionally_Compatible,70.0,0.4000000000000001,,0,72.8024,,,,True,1
PREP_021,Naan,PM003,MDPE,Polymer film,Single polymer/coating,Conditionally_Compatible,70.0,0.4000000000000001,,0,72.8024,,,,True,2
PREP_021,Naan,PM004,HDPE,Polymer film,Single polymer/coating,Conditionally_Compatible,70.0,0.4000000000000001,,0,72.8024,,,,True,3
PREP_021,Naan,PM005,PP,Polymer film,Single polymer/coating,Conditionally_Compatible,70.0,0.4000000000000001,,0,72.8024,,,,True,4
PREP_021,Naan,PM006,CPP,Polymer film,Single polymer/coating,Conditionally_Compatible,70.0,0.4000000000000001,,0,72.8024,,,,True,5
PREP_021,Naan,PM031,PET/PE laminate,Multilayer laminate/structure,Multilayer,Conditionally_Compatible,70.0,0.4000000000000001,,0,72.8024,,,,True,6
PREP_021,Naan,PM033,PET/CPP laminate,Multilayer laminate/structure,Multilayer,Conditionally_Compatible,70.0,0.4000000000000001,,0,72.8024,,,,True,7
PREP_021,Naan,PM037,BOPP/CPP laminate,Multilayer laminate/structure,Multilayer,Conditionally_Compatible,70.0,0.4000000000000001,,0,72.8024,,,,True,8
PREP_021,Naan,PM039,Micro-perforated PP film,Fresh-produce breathable film,Perforated film,Conditionally_Compatible,70.0,0.4000000000000001,,0,72.8024,,,,True,9
PREP_021,Naan,PM001,LDPE,Polymer film,Single polymer/coating,Conditionally_Compatible,61.25,0.4000000000000001,,0,65.4521,,,,True,10
PREP_021,Naan,PM025,Coated cellulose film,Paper/cellulosic,Paper/film,Conditionally_Compatible,61.25,0.4000000000000001,,0,65.4521,,,,True,11
PREP_021,Naan,PM032,PA/PE laminate,Multilayer laminate/structure,Multilayer,Conditionally_Compatible,61.25,0.4000000000000001,,0,65.4521,,,,True,12
PREP_021,Naan,PM038,Micro-perforated PE film,Fresh-produce breathable film,Perforated film,Conditionally_Compatible,61.25,0.4000000000000001,,0,65.4521,,,,True,13
PREP_021,Naan,PM018,PVC plasticized,Polymer film,Single polymer/coating,Conditionally_Compatible,54.16,0.3000000000000001,,0,58.4962,,,,True,14
PREP_021,Naan,PM007,BOPP,Polymer film,Single polymer/coating,Low_Compatibility,52.5,0.4000000000000001,,0,58.1018,,,,True,15
PREP_021,Naan,PM009,PET,Polymer film,Single polymer/coating,Low_Compatibility,52.5,0.4000000000000001,,0,58.1018,,,,True,16
PREP_021,Naan,PM010,BOPET,Polymer film,Single polymer/coating,Low_Compatibility,52.5,0.4000000000000001,,0,58.1018,,,,True,17
PREP_021,Naan,PM013,PA6 / Nylon-6,Multilayer laminate/structure,Multilayer,Low_Compatibility,52.5,0.4000000000000001,,0,58.1018,,,,True,18
PREP_021,Naan,PM014,BOPA / Oriented Nylon,Multilayer laminate/structure,Multilayer,Low_Compatibility,52.5,0.4000000000000001,,0,58.1018,,,,True,19
PREP_021,Naan,PM016,PVdC,Polymer film,Single polymer/coating,Conditionally_Compatible,52.5,0.4000000000000001,,0,58.1018,,,,True,20
PREP_021,Naan,PM017,PVC rigid,Polymer film,Single polymer/coating,Conditionally_Compatible,52.5,0.4000000000000001,,0,58.1018,,,,True,21
PREP_021,Naan,PM020,HIPS,Polymer film,Single polymer/coating,Conditionally_Compatible,52.5,0.4000000000000001,,0,58.1018,,,,True,22
PREP_021,Naan,PM022,PLA,Biodegradable polymer,Polymer film,Conditionally_Compatible,52.5,0.4000000000000001,,0,58.1018,,,,True,23
PREP_021,Naan,PM023,PHA,Biodegradable polymer,Polymer film,Conditionally_Compatible,52.5,0.4000000000000001,,0,58.1018,,,,True,24
PREP_021,Naan,PM034,PET/Al/PE laminate,Multilayer laminate/structure,Multilayer,Conditionally_Compatible,52.5,0.4000000000000001,,0,58.1018,,,,True,25
PREP_021,Naan,PM035,PET/EVOH/PE laminate,Multilayer laminate/structure,Multilayer,Conditionally_Compatible,52.5,0.4000000000000001,,0,58.1018,,,,True,26
PREP_021,Naan,PM008,Metallized BOPP,Polymer film,Single polymer/coating,Low_Compatibility,43.75,0.4000000000000001,,0,50.7515,,,,True,27
PREP_021,Naan,PM011,Metallized PET,Polymer film,Single polymer/coating,Low_Compatibility,43.75,0.4000000000000001,,0,50.7515,,,,True,28
PREP_021,Naan,PM012,PVdC-coated PET,Polymer film,Single polymer/coating,Low_Compatibility,43.75,0.4000000000000001,,0,50.7515,,,,True,29
PREP_021,Naan,PM015,EVOH,Polymer film,Single polymer/coating,Low_Compatibility,43.75,0.4000000000000001,,0,50.7515,,,,True,30
PREP_021,Naan,PM019,PS,Polymer film,Single polymer/coating,Low_Compatibility,43.75,0.4000000000000001,,0,50.7515,,,,True,31
PREP_021,Naan,PM027,Coated paper,Paper/cellulosic,Paper/film,Low_Compatibility,43.75,0.4000000000000001,,0,50.7515,,,,True,32
PREP_021,Naan,PM036,PE/PA/EVOH/PE laminate,Multilayer laminate/structure,Multilayer,Low_Compatibility,43.34,0.3000000000000001,,0,49.4071,,,,True,33
PREP_021,Naan,PM026,Kraft paper,Paper/cellulosic,Paper/film,Low_Compatibility,35.0,0.4000000000000001,,0,43.4012,,,,True,34
PREP_021,Naan,PM028,Glassine paper,Paper/cellulosic,Paper/film,Low_Compatibility,35.0,0.4000000000000001,,0,43.4012,,,,True,35
PREP_021,Naan,PM029,Aluminum foil,Metal,Rigid/foil metal,Low_Compatibility,35.0,0.4000000000000001,,0,43.4012,,,,True,36
PREP_021,Naan,PM024,Cellulose film,Paper/cellulosic,Paper/film,Low_Compatibility,32.5,0.3000000000000001,,0,40.3011,,,,True,37
PREP_021,Naan,PM040,Breathable cellulose film,Fresh-produce breathable film,Breathable film,Low_Compatibility,32.5,0.3000000000000001,,0,40.3011,,,,True,38
PREP_021,Naan,PM030,Tinplate steel,Metal,Rigid/foil metal,Low_Compatibility,21.66,0.3000000000000001,,0,31.1951,,,,True,39
PREP_021,Naan,PM021,EPS,Polymer film,Single polymer/coating,Low_Compatibility,17.5,0.4000000000000001,,0,28.7006,,,,True,40
VEG_014,Okra,PM001,LDPE,Polymer film,Single polymer/coating,Compatible,83.33,0.6666666666666666,,0,86.6667,,,,True,1
VEG_014,Okra,PM002,LLDPE,Polymer film,Single polymer/coating,Compatible,83.33,0.6666666666666666,,0,86.6667,,,,True,2
VEG_014,Okra,PM003,MDPE,Polymer film,Single polymer/coating,Compatible,83.33,0.6666666666666666,,0,86.6667,,,,True,3
VEG_014,Okra,PM007,BOPP,Polymer film,Single polymer/coating,Compatible,83.33,0.6666666666666666,,0,86.6667,,,,True,4
VEG_014,Okra,PM013,PA6 / Nylon-6,Multilayer laminate/structure,Multilayer,Compatible,83.33,0.6666666666666666,,0,86.6667,,,,True,5
VEG_014,Okra,PM014,BOPA / Oriented Nylon,Multilayer laminate/structure,Multilayer,Compatible,83.33,0.6666666666666666,,0,86.6667,,,,True,6
VEG_014,Okra,PM018,PVC plasticized,Polymer film,Single polymer/coating,Compatible,83.33,0.6666666666666666,,0,86.6667,,,,True,7
VEG_014,Okra,PM019,PS,Polymer film,Single polymer/coating,Compatible,83.33,0.6666666666666666,,0,86.6667,,,,True,8
VEG_014,Okra,PM020,HIPS,Polymer film,Single polymer/coating,Compatible,83.33,0.6666666666666666,,0,86.6667,,,,True,9
VEG_014,Okra,PM021,EPS,Polymer film,Single polymer/coating,Compatible,83.33,0.6666666666666666,,0,86.6667,,,,True,10
VEG_014,Okra,PM022,PLA,Biodegradable polymer,Polymer film,Compatible,83.33,0.6666666666666666,,0,86.6667,,,,True,11
VEG_014,Okra,PM023,PHA,Biodegradable polymer,Polymer film,Compatible,83.33,0.6666666666666666,,0,86.6667,,,,True,12
VEG_014,Okra,PM024,Cellulose film,Paper/cellulosic,Paper/film,Compatible,83.33,0.6666666666666666,,0,86.6667,,,,True,13
VEG_014,Okra,PM025,Coated cellulose film,Paper/cellulosic,Paper/film,Compatible,83.33,0.6666666666666666,,0,86.6667,,,,True,14
VEG_014,Okra,PM026,Kraft paper,Paper/cellulosic,Paper/film,Compatible,83.33,0.6666666666666666,,0,86.6667,,,,True,15
VEG_014,Okra,PM027,Coated paper,Paper/cellulosic,Paper/film,Compatible,83.33,0.6666666666666666,,0,86.6667,,,,True,16
VEG_014,Okra,PM028,Glassine paper,Paper/cellulosic,Paper/film,Compatible,83.33,0.6666666666666666,,0,86.6667,,,,True,17
VEG_014,Okra,PM038,Micro-perforated PE film,Fresh-produce breathable film,Perforated film,Compatible,83.33,0.6666666666666666,,0,86.6667,,,,True,18
VEG_014,Okra,PM039,Micro-perforated PP film,Fresh-produce breathable film,Perforated film,Compatible,83.33,0.6666666666666666,,0,86.6667,,,,True,19
VEG_014,Okra,PM040,Breathable cellulose film,Fresh-produce breathable film,Breathable film,Compatible,83.33,0.6666666666666666,,0,86.6667,,,,True,20
VEG_014,Okra,PM004,HDPE,Polymer film,Single polymer/coating,Low_Compatibility,41.67,0.6666666666666666,,0,51.6709,,,,True,21
VEG_014,Okra,PM031,PET/PE laminate,Multilayer laminate/structure,Multilayer,Low_Compatibility,41.67,0.6666666666666666,,0,51.6709,,,,True,22
VEG_014,Okra,PM033,PET/CPP laminate,Multilayer laminate/structure,Multilayer,Low_Compatibility,41.67,0.6666666666666666,,0,51.6709,,,,True,23
VEG_014,Okra,PM037,BOPP/CPP laminate,Multilayer laminate/structure,Multilayer,Low_Compatibility,41.67,0.6666666666666666,,0,51.6709,,,,True,24
VEG_014,Okra,PM005,PP,Polymer film,Single polymer/coating,Low_Compatibility,0.0,0.6666666666666666,,0,16.6667,,,,True,25
VEG_014,Okra,PM006,CPP,Polymer film,Single polymer/coating,Low_Compatibility,0.0,0.6666666666666666,,0,16.6667,,,,True,26
VEG_014,Okra,PM008,Metallized BOPP,Polymer film,Single polymer/coating,Low_Compatibility,0.0,0.6666666666666666,,0,16.6667,,,,True,27
VEG_014,Okra,PM009,PET,Polymer film,Single polymer/coating,Low_Compatibility,0.0,0.6666666666666666,,0,16.6667,,,,True,28
VEG_014,Okra,PM010,BOPET,Polymer film,Single polymer/coating,Low_Compatibility,0.0,0.6666666666666666,,0,16.6667,,,,True,29
VEG_014,Okra,PM011,Metallized PET,Polymer film,Single polymer/coating,Low_Compatibility,0.0,0.6666666666666666,,0,16.6667,,,,True,30
VEG_014,Okra,PM012,PVdC-coated PET,Polymer film,Single polymer/coating,Low_Compatibility,0.0,0.6666666666666666,,0,16.6667,,,,True,31
VEG_014,Okra,PM016,PVdC,Polymer film,Single polymer/coating,Low_Compatibility,0.0,0.6666666666666666,,0,16.6667,,,,True,32
VEG_014,Okra,PM017,PVC rigid,Polymer film,Single polymer/coating,Low_Compatibility,0.0,0.6666666666666666,,0,16.6667,,,,True,33
VEG_014,Okra,PM029,Aluminum foil,Metal,Rigid/foil metal,Low_Compatibility,0.0,0.6666666666666666,,0,16.6667,,,,True,34
VEG_014,Okra,PM030,Tinplate steel,Metal,Rigid/foil metal,Low_Compatibility,0.0,0.6666666666666666,,0,16.6667,,,,True,35
VEG_014,Okra,PM032,PA/PE laminate,Multilayer laminate/structure,Multilayer,Low_Compatibility,0.0,0.6666666666666666,,0,16.6667,,,,True,36
VEG_014,Okra,PM034,PET/Al/PE laminate,Multilayer laminate/structure,Multilayer,Low_Compatibility,0.0,0.6666666666666666,,0,16.6667,,,,True,37
VEG_014,Okra,PM035,PET/EVOH/PE laminate,Multilayer laminate/structure,Multilayer,Low_Compatibility,0.0,0.6666666666666666,,0,16.6667,,,,True,38
VEG_014,Okra,PM036,PE/PA/EVOH/PE laminate,Multilayer laminate/structure,Multilayer,Low_Compatibility,0.0,0.6666666666666666,,0,16.6667,,,,True,39
VEG_014,Okra,PM015,EVOH,Polymer film,Single polymer/coating,Insufficient_Evidence,,0.0,,0,,,,Excluded from recommendation pool because deterministic evidence is insufficient,False,40
VEG_003,Onion,PM001,LDPE,Polymer film,Single polymer/coating,Conditionally_Compatible,72.22,0.4444444444444445,,0,75.1117,,,,True,1
VEG_003,Onion,PM002,LLDPE,Polymer film,Single polymer/coating,Conditionally_Compatible,72.22,0.4444444444444445,,0,75.1117,,,,True,2
VEG_003,Onion,PM003,MDPE,Polymer film,Single polymer/coating,Conditionally_Compatible,72.22,0.4444444444444445,,0,75.1117,,,,True,3
VEG_003,Onion,PM004,HDPE,Polymer film,Single polymer/coating,Conditionally_Compatible,72.22,0.4444444444444445,,0,75.1117,,,,True,4
VEG_003,Onion,PM005,PP,Polymer film,Single polymer/coating,Conditionally_Compatible,72.22,0.4444444444444445,,0,75.1117,,,,True,5
VEG_003,Onion,PM006,CPP,Polymer film,Single polymer/coating,Conditionally_Compatible,72.22,0.4444444444444445,,0,75.1117,,,,True,6
VEG_003,Onion,PM007,BOPP,Polymer film,Single polymer/coating,Conditionally_Compatible,72.22,0.4444444444444445,,0,75.1117,,,,True,7
VEG_003,Onion,PM008,Metallized BOPP,Polymer film,Single polymer/coating,Conditionally_Compatible,72.22,0.4444444444444445,,0,75.1117,,,,True,8
VEG_003,Onion,PM009,PET,Polymer film,Single polymer/coating,Conditionally_Compatible,72.22,0.4444444444444445,,0,75.1117,,,,True,9
VEG_003,Onion,PM010,BOPET,Polymer film,Single polymer/coating,Conditionally_Compatible,72.22,0.4444444444444445,,0,75.1117,,,,True,10
VEG_003,Onion,PM011,Metallized PET,Polymer film,Single polymer/coating,Conditionally_Compatible,72.22,0.4444444444444445,,0,75.1117,,,,True,11
VEG_003,Onion,PM012,PVdC-coated PET,Polymer film,Single polymer/coating,Conditionally_Compatible,72.22,0.4444444444444445,,0,75.1117,,,,True,12
VEG_003,Onion,PM013,PA6 / Nylon-6,Multilayer laminate/structure,Multilayer,Conditionally_Compatible,72.22,0.4444444444444445,,0,75.1117,,,,True,13
VEG_003,Onion,PM014,BOPA / Oriented Nylon,Multilayer laminate/structure,Multilayer,Conditionally_Compatible,72.22,0.4444444444444445,,0,75.1117,,,,True,14
VEG_003,Onion,PM016,PVdC,Polymer film,Single polymer/coating,Conditionally_Compatible,72.22,0.4444444444444445,,0,75.1117,,,,True,15
VEG_003,Onion,PM017,PVC rigid,Polymer film,Single polymer/coating,Conditionally_Compatible,72.22,0.4444444444444445,,0,75.1117,,,,True,16
VEG_003,Onion,PM018,PVC plasticized,Polymer film,Single polymer/coating,Conditionally_Compatible,72.22,0.4444444444444445,,0,75.1117,,,,True,17
VEG_003,Onion,PM019,PS,Polymer film,Single polymer/coating,Conditionally_Compatible,72.22,0.4444444444444445,,0,75.1117,,,,True,18
VEG_003,Onion,PM020,HIPS,Polymer film,Single polymer/coating,Conditionally_Compatible,72.22,0.4444444444444445,,0,75.1117,,,,True,19
VEG_003,Onion,PM021,EPS,Polymer film,Single polymer/coating,Conditionally_Compatible,72.22,0.4444444444444445,,0,75.1117,,,,True,20
VEG_003,Onion,PM022,PLA,Biodegradable polymer,Polymer film,Conditionally_Compatible,72.22,0.4444444444444445,,0,75.1117,,,,True,21
VEG_003,Onion,PM023,PHA,Biodegradable polymer,Polymer film,Conditionally_Compatible,72.22,0.4444444444444445,,0,75.1117,,,,True,22
VEG_003,Onion,PM024,Cellulose film,Paper/cellulosic,Paper/film,Conditionally_Compatible,72.22,0.4444444444444445,,0,75.1117,,,,True,23
VEG_003,Onion,PM025,Coated cellulose film,Paper/cellulosic,Paper/film,Conditionally_Compatible,72.22,0.4444444444444445,,0,75.1117,,,,True,24
VEG_003,Onion,PM026,Kraft paper,Paper/cellulosic,Paper/film,Conditionally_Compatible,72.22,0.4444444444444445,,0,75.1117,,,,True,25
VEG_003,Onion,PM027,Coated paper,Paper/cellulosic,Paper/film,Conditionally_Compatible,72.22,0.4444444444444445,,0,75.1117,,,,True,26
VEG_003,Onion,PM028,Glassine paper,Paper/cellulosic,Paper/film,Conditionally_Compatible,72.22,0.4444444444444445,,0,75.1117,,,,True,27
VEG_003,Onion,PM031,PET/PE laminate,Multilayer laminate/structure,Multilayer,Conditionally_Compatible,72.22,0.4444444444444445,,0,75.1117,,,,True,28
VEG_003,Onion,PM032,PA/PE laminate,Multilayer laminate/structure,Multilayer,Conditionally_Compatible,72.22,0.4444444444444445,,0,75.1117,,,,True,29
VEG_003,Onion,PM033,PET/CPP laminate,Multilayer laminate/structure,Multilayer,Conditionally_Compatible,72.22,0.4444444444444445,,0,75.1117,,,,True,30
VEG_003,Onion,PM037,BOPP/CPP laminate,Multilayer laminate/structure,Multilayer,Conditionally_Compatible,72.22,0.4444444444444445,,0,75.1117,,,,True,31
VEG_003,Onion,PM038,Micro-perforated PE film,Fresh-produce breathable film,Perforated film,Conditionally_Compatible,72.22,0.4444444444444445,,0,75.1117,,,,True,32
VEG_003,Onion,PM039,Micro-perforated PP film,Fresh-produce breathable film,Perforated film,Conditionally_Compatible,72.22,0.4444444444444445,,0,75.1117,,,,True,33
VEG_003,Onion,PM040,Breathable cellulose film,Fresh-produce breathable film,Breathable film,Conditionally_Compatible,72.22,0.4444444444444445,,0,75.1117,,,,True,34
VEG_003,Onion,PM029,Aluminum foil,Metal,Rigid/foil metal,Low_Compatibility,36.11,0.4444444444444445,,0,44.7781,,,,True,35
VEG_003,Onion,PM030,Tinplate steel,Metal,Rigid/foil metal,Low_Compatibility,36.11,0.4444444444444445,,0,44.7781,,,,True,36
VEG_003,Onion,PM034,PET/Al/PE laminate,Multilayer laminate/structure,Multilayer,Low_Compatibility,36.11,0.4444444444444445,,0,44.7781,,,,True,37
VEG_003,Onion,PM035,PET/EVOH/PE laminate,Multilayer laminate/structure,Multilayer,Low_Compatibility,36.11,0.4444444444444445,,0,44.7781,,,,True,38
VEG_003,Onion,PM036,PE/PA/EVOH/PE laminate,Multilayer laminate/structure,Multilayer,Low_Compatibility,36.11,0.4444444444444445,,0,44.7781,,,,True,39
VEG_003,Onion,PM015,EVOH,Polymer film,Single polymer/coating,Insufficient_Evidence,,0.0,,0,,,,Excluded from recommendation pool because deterministic evidence is insufficient,False,40
FRU_004,Orange,PM001,LDPE,Polymer film,Single polymer/coating,Conditionally_Compatible,72.22,0.4444444444444445,,0,75.1117,,,,True,1
FRU_004,Orange,PM002,LLDPE,Polymer film,Single polymer/coating,Conditionally_Compatible,72.22,0.4444444444444445,,0,75.1117,,,,True,2
FRU_004,Orange,PM003,MDPE,Polymer film,Single polymer/coating,Conditionally_Compatible,72.22,0.4444444444444445,,0,75.1117,,,,True,3
FRU_004,Orange,PM004,HDPE,Polymer film,Single polymer/coating,Conditionally_Compatible,72.22,0.4444444444444445,,0,75.1117,,,,True,4
FRU_004,Orange,PM005,PP,Polymer film,Single polymer/coating,Conditionally_Compatible,72.22,0.4444444444444445,,0,75.1117,,,,True,5
FRU_004,Orange,PM006,CPP,Polymer film,Single polymer/coating,Conditionally_Compatible,72.22,0.4444444444444445,,0,75.1117,,,,True,6
FRU_004,Orange,PM007,BOPP,Polymer film,Single polymer/coating,Conditionally_Compatible,72.22,0.4444444444444445,,0,75.1117,,,,True,7
FRU_004,Orange,PM008,Metallized BOPP,Polymer film,Single polymer/coating,Conditionally_Compatible,72.22,0.4444444444444445,,0,75.1117,,,,True,8
FRU_004,Orange,PM009,PET,Polymer film,Single polymer/coating,Conditionally_Compatible,72.22,0.4444444444444445,,0,75.1117,,,,True,9
FRU_004,Orange,PM010,BOPET,Polymer film,Single polymer/coating,Conditionally_Compatible,72.22,0.4444444444444445,,0,75.1117,,,,True,10
FRU_004,Orange,PM011,Metallized PET,Polymer film,Single polymer/coating,Conditionally_Compatible,72.22,0.4444444444444445,,0,75.1117,,,,True,11
FRU_004,Orange,PM012,PVdC-coated PET,Polymer film,Single polymer/coating,Conditionally_Compatible,72.22,0.4444444444444445,,0,75.1117,,,,True,12
FRU_004,Orange,PM013,PA6 / Nylon-6,Multilayer laminate/structure,Multilayer,Conditionally_Compatible,72.22,0.4444444444444445,,0,75.1117,,,,True,13
FRU_004,Orange,PM014,BOPA / Oriented Nylon,Multilayer laminate/structure,Multilayer,Conditionally_Compatible,72.22,0.4444444444444445,,0,75.1117,,,,True,14
FRU_004,Orange,PM016,PVdC,Polymer film,Single polymer/coating,Conditionally_Compatible,72.22,0.4444444444444445,,0,75.1117,,,,True,15
FRU_004,Orange,PM017,PVC rigid,Polymer film,Single polymer/coating,Conditionally_Compatible,72.22,0.4444444444444445,,0,75.1117,,,,True,16
FRU_004,Orange,PM018,PVC plasticized,Polymer film,Single polymer/coating,Conditionally_Compatible,72.22,0.4444444444444445,,0,75.1117,,,,True,17
FRU_004,Orange,PM019,PS,Polymer film,Single polymer/coating,Conditionally_Compatible,72.22,0.4444444444444445,,0,75.1117,,,,True,18
FRU_004,Orange,PM020,HIPS,Polymer film,Single polymer/coating,Conditionally_Compatible,72.22,0.4444444444444445,,0,75.1117,,,,True,19
FRU_004,Orange,PM021,EPS,Polymer film,Single polymer/coating,Conditionally_Compatible,72.22,0.4444444444444445,,0,75.1117,,,,True,20
FRU_004,Orange,PM022,PLA,Biodegradable polymer,Polymer film,Conditionally_Compatible,72.22,0.4444444444444445,,0,75.1117,,,,True,21
FRU_004,Orange,PM023,PHA,Biodegradable polymer,Polymer film,Conditionally_Compatible,72.22,0.4444444444444445,,0,75.1117,,,,True,22
FRU_004,Orange,PM024,Cellulose film,Paper/cellulosic,Paper/film,Conditionally_Compatible,72.22,0.4444444444444445,,0,75.1117,,,,True,23
FRU_004,Orange,PM025,Coated cellulose film,Paper/cellulosic,Paper/film,Conditionally_Compatible,72.22,0.4444444444444445,,0,75.1117,,,,True,24
FRU_004,Orange,PM026,Kraft paper,Paper/cellulosic,Paper/film,Conditionally_Compatible,72.22,0.4444444444444445,,0,75.1117,,,,True,25
FRU_004,Orange,PM027,Coated paper,Paper/cellulosic,Paper/film,Conditionally_Compatible,72.22,0.4444444444444445,,0,75.1117,,,,True,26
FRU_004,Orange,PM028,Glassine paper,Paper/cellulosic,Paper/film,Conditionally_Compatible,72.22,0.4444444444444445,,0,75.1117,,,,True,27
FRU_004,Orange,PM031,PET/PE laminate,Multilayer laminate/structure,Multilayer,Conditionally_Compatible,72.22,0.4444444444444445,,0,75.1117,,,,True,28
FRU_004,Orange,PM032,PA/PE laminate,Multilayer laminate/structure,Multilayer,Conditionally_Compatible,72.22,0.4444444444444445,,0,75.1117,,,,True,29
FRU_004,Orange,PM033,PET/CPP laminate,Multilayer laminate/structure,Multilayer,Conditionally_Compatible,72.22,0.4444444444444445,,0,75.1117,,,,True,30
FRU_004,Orange,PM037,BOPP/CPP laminate,Multilayer laminate/structure,Multilayer,Conditionally_Compatible,72.22,0.4444444444444445,,0,75.1117,,,,True,31
FRU_004,Orange,PM038,Micro-perforated PE film,Fresh-produce breathable film,Perforated film,Conditionally_Compatible,72.22,0.4444444444444445,,0,75.1117,,,,True,32
FRU_004,Orange,PM039,Micro-perforated PP film,Fresh-produce breathable film,Perforated film,Conditionally_Compatible,72.22,0.4444444444444445,,0,75.1117,,,,True,33
FRU_004,Orange,PM040,Breathable cellulose film,Fresh-produce breathable film,Breathable film,Conditionally_Compatible,72.22,0.4444444444444445,,0,75.1117,,,,True,34
FRU_004,Orange,PM029,Aluminum foil,Metal,Rigid/foil metal,Low_Compatibility,36.11,0.4444444444444445,,0,44.7781,,,,True,35
FRU_004,Orange,PM030,Tinplate steel,Metal,Rigid/foil metal,Low_Compatibility,36.11,0.4444444444444445,,0,44.7781,,,,True,36
FRU_004,Orange,PM034,PET/Al/PE laminate,Multilayer laminate/structure,Multilayer,Low_Compatibility,36.11,0.4444444444444445,,0,44.7781,,,,True,37
FRU_004,Orange,PM035,PET/EVOH/PE laminate,Multilayer laminate/structure,Multilayer,Low_Compatibility,36.11,0.4444444444444445,,0,44.7781,,,,True,38
FRU_004,Orange,PM036,PE/PA/EVOH/PE laminate,Multilayer laminate/structure,Multilayer,Low_Compatibility,36.11,0.4444444444444445,,0,44.7781,,,,True,39
FRU_004,Orange,PM015,EVOH,Polymer film,Single polymer/coating,Insufficient_Evidence,,0.0,,0,,,,Excluded from recommendation pool because deterministic evidence is insufficient,False,40
PREP_031,Pakora / pakoda,PM001,LDPE,Polymer film,Single polymer/coating,Conditionally_Compatible,70.0,0.4000000000000001,,0,72.8024,,,,True,1
PREP_031,Pakora / pakoda,PM002,LLDPE,Polymer film,Single polymer/coating,Conditionally_Compatible,70.0,0.4000000000000001,,0,72.8024,,,,True,2
PREP_031,Pakora / pakoda,PM003,MDPE,Polymer film,Single polymer/coating,Conditionally_Compatible,70.0,0.4000000000000001,,0,72.8024,,,,True,3
PREP_031,Pakora / pakoda,PM004,HDPE,Polymer film,Single polymer/coating,Conditionally_Compatible,70.0,0.4000000000000001,,0,72.8024,,,,True,4
PREP_031,Pakora / pakoda,PM005,PP,Polymer film,Single polymer/coating,Conditionally_Compatible,70.0,0.4000000000000001,,0,72.8024,,,,True,5
PREP_031,Pakora / pakoda,PM006,CPP,Polymer film,Single polymer/coating,Conditionally_Compatible,70.0,0.4000000000000001,,0,72.8024,,,,True,6
PREP_031,Pakora / pakoda,PM016,PVdC,Polymer film,Single polymer/coating,Conditionally_Compatible,70.0,0.4000000000000001,,0,72.8024,,,,True,7
PREP_031,Pakora / pakoda,PM025,Coated cellulose film,Paper/cellulosic,Paper/film,Conditionally_Compatible,70.0,0.4000000000000001,,0,72.8024,,,,True,8
PREP_031,Pakora / pakoda,PM031,PET/PE laminate,Multilayer laminate/structure,Multilayer,Conditionally_Compatible,70.0,0.4000000000000001,,0,72.8024,,,,True,9
PREP_031,Pakora / pakoda,PM032,PA/PE laminate,Multilayer laminate/structure,Multilayer,Conditionally_Compatible,70.0,0.4000000000000001,,0,72.8024,,,,True,10
PREP_031,Pakora / pakoda,PM033,PET/CPP laminate,Multilayer laminate/structure,Multilayer,Conditionally_Compatible,70.0,0.4000000000000001,,0,72.8024,,,,True,11
PREP_031,Pakora / pakoda,PM037,BOPP/CPP laminate,Multilayer laminate/structure,Multilayer,Conditionally_Compatible,70.0,0.4000000000000001,,0,72.8024,,,,True,12
PREP_031,Pakora / pakoda,PM038,Micro-perforated PE film,Fresh-produce breathable film,Perforated film,Conditionally_Compatible,70.0,0.4000000000000001,,0,72.8024,,,,True,13
PREP_031,Pakora / pakoda,PM039,Micro-perforated PP film,Fresh-produce breathable film,Perforated film,Conditionally_Compatible,70.0,0.4000000000000001,,0,72.8024,,,,True,14
PREP_031,Pakora / pakoda,PM017,PVC rigid,Polymer film,Single polymer/coating,Conditionally_Compatible,61.25,0.4000000000000001,,0,65.4521,,,,True,15
PREP_031,Pakora / pakoda,PM020,HIPS,Polymer film,Single polymer/coating,Conditionally_Compatible,61.25,0.4000000000000001,,0,65.4521,,,,True,16
PREP_031,Pakora / pakoda,PM022,PLA,Biodegradable polymer,Polymer film,Conditionally_Compatible,61.25,0.4000000000000001,,0,65.4521,,,,True,17
PREP_031,Pakora / pakoda,PM023,PHA,Biodegradable polymer,Polymer film,Conditionally_Compatible,61.25,0.4000000000000001,,0,65.4521,,,,True,18
PREP_031,Pakora / pakoda,PM034,PET/Al/PE laminate,Multilayer laminate/structure,Multilayer,Conditionally_Compatible,61.25,0.4000000000000001,,0,65.4521,,,,True,19
PREP_031,Pakora / pakoda,PM035,PET/EVOH/PE laminate,Multilayer laminate/structure,Multilayer,Conditionally_Compatible,61.25,0.4000000000000001,,0,65.4521,,,,True,20
PREP_031,Pakora / pakoda,PM018,PVC plasticized,Polymer film,Single polymer/coating,Conditionally_Compatible,54.16,0.3000000000000001,,0,58.4962,,,,True,21
PREP_031,Pakora / pakoda,PM036,PE/PA/EVOH/PE laminate,Multilayer laminate/structure,Multilayer,Conditionally_Compatible,54.16,0.3000000000000001,,0,58.4962,,,,True,22
PREP_031,Pakora / pakoda,PM007,BOPP,Polymer film,Single polymer/coating,Low_Compatibility,52.5,0.4000000000000001,,0,58.1018,,,,True,23
PREP_031,Pakora / pakoda,PM008,Metallized BOPP,Polymer film,Single polymer/coating,Low_Compatibility,52.5,0.4000000000000001,,0,58.1018,,,,True,24
PREP_031,Pakora / pakoda,PM009,PET,Polymer film,Single polymer/coating,Low_Compatibility,52.5,0.4000000000000001,,0,58.1018,,,,True,25
PREP_031,Pakora / pakoda,PM010,BOPET,Polymer film,Single polymer/coating,Low_Compatibility,52.5,0.4000000000000001,,0,58.1018,,,,True,26
PREP_031,Pakora / pakoda,PM011,Metallized PET,Polymer film,Single polymer/coating,Low_Compatibility,52.5,0.4000000000000001,,0,58.1018,,,,True,27
PREP_031,Pakora / pakoda,PM012,PVdC-coated PET,Polymer film,Single polymer/coating,Low_Compatibility,52.5,0.4000000000000001,,0,58.1018,,,,True,28
PREP_031,Pakora / pakoda,PM013,PA6 / Nylon-6,Multilayer laminate/structure,Multilayer,Low_Compatibility,52.5,0.4000000000000001,,0,58.1018,,,,True,29
PREP_031,Pakora / pakoda,PM014,BOPA / Oriented Nylon,Multilayer laminate/structure,Multilayer,Low_Compatibility,52.5,0.4000000000000001,,0,58.1018,,,,True,30
PREP_031,Pakora / pakoda,PM015,EVOH,Polymer film,Single polymer/coating,Low_Compatibility,52.5,0.4000000000000001,,0,58.1018,,,,True,31
PREP_031,Pakora / pakoda,PM019,PS,Polymer film,Single polymer/coating,Conditionally_Compatible,52.5,0.4000000000000001,,0,58.1018,,,,True,32
PREP_031,Pakora / pakoda,PM027,Coated paper,Paper/cellulosic,Paper/film,Low_Compatibility,43.75,0.4000000000000001,,0,50.7515,,,,True,33
PREP_031,Pakora / pakoda,PM028,Glassine paper,Paper/cellulosic,Paper/film,Low_Compatibility,43.75,0.4000000000000001,,0,50.7515,,,,True,34
PREP_031,Pakora / pakoda,PM029,Aluminum foil,Metal,Rigid/foil metal,Low_Compatibility,43.75,0.4000000000000001,,0,50.7515,,,,True,35
PREP_031,Pakora / pakoda,PM026,Kraft paper,Paper/cellulosic,Paper/film,Low_Compatibility,35.0,0.4000000000000001,,0,43.4012,,,,True,36
PREP_031,Pakora / pakoda,PM024,Cellulose film,Paper/cellulosic,Paper/film,Low_Compatibility,32.5,0.3000000000000001,,0,40.3011,,,,True,37
PREP_031,Pakora / pakoda,PM030,Tinplate steel,Metal,Rigid/foil metal,Low_Compatibility,32.5,0.3000000000000001,,0,40.3011,,,,True,38
PREP_031,Pakora / pakoda,PM040,Breathable cellulose film,Fresh-produce breathable film,Breathable film,Low_Compatibility,32.5,0.3000000000000001,,0,40.3011,,,,True,39
PREP_031,Pakora / pakoda,PM021,EPS,Polymer film,Single polymer/coating,Low_Compatibility,26.25,0.4000000000000001,,0,36.0509,,,,True,40
PREP_023,Paneer butter masala,PM002,LLDPE,Polymer film,Single polymer/coating,Conditionally_Compatible,70.0,0.4000000000000001,,0,72.8024,,,,True,1
PREP_023,Paneer butter masala,PM003,MDPE,Polymer film,Single polymer/coating,Conditionally_Compatible,70.0,0.4000000000000001,,0,72.8024,,,,True,2
PREP_023,Paneer butter masala,PM006,CPP,Polymer film,Single polymer/coating,Conditionally_Compatible,70.0,0.4000000000000001,,0,72.8024,,,,True,3
PREP_023,Paneer butter masala,PM031,PET/PE laminate,Multilayer laminate/structure,Multilayer,Conditionally_Compatible,70.0,0.4000000000000001,,0,72.8024,,,,True,4
PREP_023,Paneer butter masala,PM032,PA/PE laminate,Multilayer laminate/structure,Multilayer,Conditionally_Compatible,70.0,0.4000000000000001,,0,72.8024,,,,True,5
PREP_023,Paneer butter masala,PM033,PET/CPP laminate,Multilayer laminate/structure,Multilayer,Conditionally_Compatible,70.0,0.4000000000000001,,0,72.8024,,,,True,6
PREP_023,Paneer butter masala,PM037,BOPP/CPP laminate,Multilayer laminate/structure,Multilayer,Conditionally_Compatible,70.0,0.4000000000000001,,0,72.8024,,,,True,7
PREP_023,Paneer butter masala,PM039,Micro-perforated PP film,Fresh-produce breathable film,Perforated film,Conditionally_Compatible,70.0,0.4000000000000001,,0,72.8024,,,,True,8
PREP_023,Paneer butter masala,PM001,LDPE,Polymer film,Single polymer/coating,Conditionally_Compatible,61.25,0.4000000000000001,,0,65.4521,,,,True,9
PREP_023,Paneer butter masala,PM004,HDPE,Polymer film,Single polymer/coating,Conditionally_Compatible,61.25,0.4000000000000001,,0,65.4521,,,,True,10
PREP_023,Paneer butter masala,PM005,PP,Polymer film,Single polymer/coating,Conditionally_Compatible,61.25,0.4000000000000001,,0,65.4521,,,,True,11
PREP_023,Paneer butter masala,PM034,PET/Al/PE laminate,Multilayer laminate/structure,Multilayer,Conditionally_Compatible,61.25,0.4000000000000001,,0,65.4521,,,,True,12
PREP_023,Paneer butter masala,PM035,PET/EVOH/PE laminate,Multilayer laminate/structure,Multilayer,Conditionally_Compatible,61.25,0.4000000000000001,,0,65.4521,,,,True,13
PREP_023,Paneer butter masala,PM038,Micro-perforated PE film,Fresh-produce breathable film,Perforated film,Conditionally_Compatible,61.25,0.4000000000000001,,0,65.4521,,,,True,14
PREP_023,Paneer butter masala,PM036,PE/PA/EVOH/PE laminate,Multilayer laminate/structure,Multilayer,Conditionally_Compatible,54.16,0.3000000000000001,,0,58.4962,,,,True,15
PREP_023,Paneer butter masala,PM007,BOPP,Polymer film,Single polymer/coating,Low_Compatibility,52.5,0.4000000000000001,,0,58.1018,,,,True,16
PREP_023,Paneer butter masala,PM008,Metallized BOPP,Polymer film,Single polymer/coating,Low_Compatibility,52.5,0.4000000000000001,,0,58.1018,,,,True,17
PREP_023,Paneer butter masala,PM009,PET,Polymer film,Single polymer/coating,Low_Compatibility,52.5,0.4000000000000001,,0,58.1018,,,,True,18
PREP_023,Paneer butter masala,PM010,BOPET,Polymer film,Single polymer/coating,Low_Compatibility,52.5,0.4000000000000001,,0,58.1018,,,,True,19
PREP_023,Paneer butter masala,PM011,Metallized PET,Polymer film,Single polymer/coating,Low_Compatibility,52.5,0.4000000000000001,,0,58.1018,,,,True,20
PREP_023,Paneer butter masala,PM012,PVdC-coated PET,Polymer film,Single polymer/coating,Low_Compatibility,52.5,0.4000000000000001,,0,58.1018,,,,True,21
PREP_023,Paneer butter masala,PM013,PA6 / Nylon-6,Multilayer laminate/structure,Multilayer,Low_Compatibility,52.5,0.4000000000000001,,0,58.1018,,,,True,22
PREP_023,Paneer butter masala,PM014,BOPA / Oriented Nylon,Multilayer laminate/structure,Multilayer,Low_Compatibility,52.5,0.4000000000000001,,0,58.1018,,,,True,23
PREP_023,Paneer butter masala,PM016,PVdC,Polymer film,Single polymer/coating,Conditionally_Compatible,52.5,0.4000000000000001,,0,58.1018,,,,True,24
PREP_023,Paneer butter masala,PM025,Coated cellulose film,Paper/cellulosic,Paper/film,Conditionally_Compatible,52.5,0.4000000000000001,,0,58.1018,,,,True,25
PREP_023,Paneer butter masala,PM015,EVOH,Polymer film,Single polymer/coating,Low_Compatibility,43.75,0.4000000000000001,,0,50.7515,,,,True,26
PREP_023,Paneer butter masala,PM017,PVC rigid,Polymer film,Single polymer/coating,Low_Compatibility,43.75,0.4000000000000001,,0,50.7515,,,,True,27
PREP_023,Paneer butter masala,PM020,HIPS,Polymer film,Single polymer/coating,Low_Compatibility,43.75,0.4000000000000001,,0,50.7515,,,,True,28
PREP_023,Paneer butter masala,PM022,PLA,Biodegradable polymer,Polymer film,Low_Compatibility,43.75,0.4000000000000001,,0,50.7515,,,,True,29
PREP_023,Paneer butter masala,PM023,PHA,Biodegradable polymer,Polymer film,Low_Compatibility,43.75,0.4000000000000001,,0,50.7515,,,,True,30
PREP_023,Paneer butter masala,PM027,Coated paper,Paper/cellulosic,Paper/film,Low_Compatibility,43.75,0.4000000000000001,,0,50.7515,,,,True,31
PREP_023,Paneer butter masala,PM029,Aluminum foil,Metal,Rigid/foil metal,Low_Compatibility,43.75,0.4000000000000001,,0,50.7515,,,,True,32
PREP_023,Paneer butter masala,PM018,PVC plasticized,Polymer film,Single polymer/coating,Low_Compatibility,43.34,0.3000000000000001,,0,49.4071,,,,True,33
PREP_023,Paneer butter masala,PM019,PS,Polymer film,Single polymer/coating,Low_Compatibility,35.0,0.4000000000000001,,0,43.4012,,,,True,34
PREP_023,Paneer butter masala,PM026,Kraft paper,Paper/cellulosic,Paper/film,Low_Compatibility,35.0,0.4000000000000001,,0,43.4012,,,,True,35
PREP_023,Paneer butter masala,PM028,Glassine paper,Paper/cellulosic,Paper/film,Low_Compatibility,35.0,0.4000000000000001,,0,43.4012,,,,True,36
PREP_023,Paneer butter masala,PM024,Cellulose film,Paper/cellulosic,Paper/film,Low_Compatibility,32.5,0.3000000000000001,,0,40.3011,,,,True,37
PREP_023,Paneer butter masala,PM030,Tinplate steel,Metal,Rigid/foil metal,Low_Compatibility,32.5,0.3000000000000001,,0,40.3011,,,,True,38
PREP_023,Paneer butter masala,PM040,Breathable cellulose film,Fresh-produce breathable film,Breathable film,Low_Compatibility,32.5,0.3000000000000001,,0,40.3011,,,,True,39
PREP_023,Paneer butter masala,PM021,EPS,Polymer film,Single polymer/coating,Low_Compatibility,17.5,0.4000000000000001,,0,28.7006,,,,True,40
PREP_042,Pani puri,PM001,LDPE,Polymer film,Single polymer/coating,Conditionally_Compatible,70.0,0.4000000000000001,,0,72.8024,,,,True,1
PREP_042,Pani puri,PM002,LLDPE,Polymer film,Single polymer/coating,Conditionally_Compatible,70.0,0.4000000000000001,,0,72.8024,,,,True,2
PREP_042,Pani puri,PM003,MDPE,Polymer film,Single polymer/coating,Conditionally_Compatible,70.0,0.4000000000000001,,0,72.8024,,,,True,3
PREP_042,Pani puri,PM004,HDPE,Polymer film,Single polymer/coating,Conditionally_Compatible,70.0,0.4000000000000001,,0,72.8024,,,,True,4
PREP_042,Pani puri,PM005,PP,Polymer film,Single polymer/coating,Conditionally_Compatible,70.0,0.4000000000000001,,0,72.8024,,,,True,5
PREP_042,Pani puri,PM006,CPP,Polymer film,Single polymer/coating,Conditionally_Compatible,70.0,0.4000000000000001,,0,72.8024,,,,True,6
PREP_042,Pani puri,PM016,PVdC,Polymer film,Single polymer/coating,Conditionally_Compatible,70.0,0.4000000000000001,,0,72.8024,,,,True,7
PREP_042,Pani puri,PM025,Coated cellulose film,Paper/cellulosic,Paper/film,Conditionally_Compatible,70.0,0.4000000000000001,,0,72.8024,,,,True,8
PREP_042,Pani puri,PM031,PET/PE laminate,Multilayer laminate/structure,Multilayer,Conditionally_Compatible,70.0,0.4000000000000001,,0,72.8024,,,,True,9
PREP_042,Pani puri,PM032,PA/PE laminate,Multilayer laminate/structure,Multilayer,Conditionally_Compatible,70.0,0.4000000000000001,,0,72.8024,,,,True,10
PREP_042,Pani puri,PM033,PET/CPP laminate,Multilayer laminate/structure,Multilayer,Conditionally_Compatible,70.0,0.4000000000000001,,0,72.8024,,,,True,11
PREP_042,Pani puri,PM037,BOPP/CPP laminate,Multilayer laminate/structure,Multilayer,Conditionally_Compatible,70.0,0.4000000000000001,,0,72.8024,,,,True,12
PREP_042,Pani puri,PM038,Micro-perforated PE film,Fresh-produce breathable film,Perforated film,Conditionally_Compatible,70.0,0.4000000000000001,,0,72.8024,,,,True,13
PREP_042,Pani puri,PM039,Micro-perforated PP film,Fresh-produce breathable film,Perforated film,Conditionally_Compatible,70.0,0.4000000000000001,,0,72.8024,,,,True,14
PREP_042,Pani puri,PM017,PVC rigid,Polymer film,Single polymer/coating,Conditionally_Compatible,61.25,0.4000000000000001,,0,65.4521,,,,True,15
PREP_042,Pani puri,PM020,HIPS,Polymer film,Single polymer/coating,Conditionally_Compatible,61.25,0.4000000000000001,,0,65.4521,,,,True,16
PREP_042,Pani puri,PM022,PLA,Biodegradable polymer,Polymer film,Conditionally_Compatible,61.25,0.4000000000000001,,0,65.4521,,,,True,17
PREP_042,Pani puri,PM023,PHA,Biodegradable polymer,Polymer film,Conditionally_Compatible,61.25,0.4000000000000001,,0,65.4521,,,,True,18
PREP_042,Pani puri,PM034,PET/Al/PE laminate,Multilayer laminate/structure,Multilayer,Conditionally_Compatible,61.25,0.4000000000000001,,0,65.4521,,,,True,19
PREP_042,Pani puri,PM035,PET/EVOH/PE laminate,Multilayer laminate/structure,Multilayer,Conditionally_Compatible,61.25,0.4000000000000001,,0,65.4521,,,,True,20
PREP_042,Pani puri,PM018,PVC plasticized,Polymer film,Single polymer/coating,Conditionally_Compatible,54.16,0.3000000000000001,,0,58.4962,,,,True,21
PREP_042,Pani puri,PM036,PE/PA/EVOH/PE laminate,Multilayer laminate/structure,Multilayer,Conditionally_Compatible,54.16,0.3000000000000001,,0,58.4962,,,,True,22
PREP_042,Pani puri,PM007,BOPP,Polymer film,Single polymer/coating,Low_Compatibility,52.5,0.4000000000000001,,0,58.1018,,,,True,23
PREP_042,Pani puri,PM008,Metallized BOPP,Polymer film,Single polymer/coating,Low_Compatibility,52.5,0.4000000000000001,,0,58.1018,,,,True,24
PREP_042,Pani puri,PM009,PET,Polymer film,Single polymer/coating,Low_Compatibility,52.5,0.4000000000000001,,0,58.1018,,,,True,25
PREP_042,Pani puri,PM010,BOPET,Polymer film,Single polymer/coating,Low_Compatibility,52.5,0.4000000000000001,,0,58.1018,,,,True,26
PREP_042,Pani puri,PM011,Metallized PET,Polymer film,Single polymer/coating,Low_Compatibility,52.5,0.4000000000000001,,0,58.1018,,,,True,27
PREP_042,Pani puri,PM012,PVdC-coated PET,Polymer film,Single polymer/coating,Low_Compatibility,52.5,0.4000000000000001,,0,58.1018,,,,True,28
PREP_042,Pani puri,PM013,PA6 / Nylon-6,Multilayer laminate/structure,Multilayer,Low_Compatibility,52.5,0.4000000000000001,,0,58.1018,,,,True,29
PREP_042,Pani puri,PM014,BOPA / Oriented Nylon,Multilayer laminate/structure,Multilayer,Low_Compatibility,52.5,0.4000000000000001,,0,58.1018,,,,True,30
PREP_042,Pani puri,PM015,EVOH,Polymer film,Single polymer/coating,Low_Compatibility,52.5,0.4000000000000001,,0,58.1018,,,,True,31
PREP_042,Pani puri,PM019,PS,Polymer film,Single polymer/coating,Conditionally_Compatible,52.5,0.4000000000000001,,0,58.1018,,,,True,32
PREP_042,Pani puri,PM027,Coated paper,Paper/cellulosic,Paper/film,Low_Compatibility,43.75,0.4000000000000001,,0,50.7515,,,,True,33
PREP_042,Pani puri,PM028,Glassine paper,Paper/cellulosic,Paper/film,Low_Compatibility,43.75,0.4000000000000001,,0,50.7515,,,,True,34
PREP_042,Pani puri,PM029,Aluminum foil,Metal,Rigid/foil metal,Low_Compatibility,43.75,0.4000000000000001,,0,50.7515,,,,True,35
PREP_042,Pani puri,PM026,Kraft paper,Paper/cellulosic,Paper/film,Low_Compatibility,35.0,0.4000000000000001,,0,43.4012,,,,True,36
PREP_042,Pani puri,PM024,Cellulose film,Paper/cellulosic,Paper/film,Low_Compatibility,32.5,0.3000000000000001,,0,40.3011,,,,True,37
PREP_042,Pani puri,PM030,Tinplate steel,Metal,Rigid/foil metal,Low_Compatibility,32.5,0.3000000000000001,,0,40.3011,,,,True,38
PREP_042,Pani puri,PM040,Breathable cellulose film,Fresh-produce breathable film,Breathable film,Low_Compatibility,32.5,0.3000000000000001,,0,40.3011,,,,True,39
PREP_042,Pani puri,PM021,EPS,Polymer film,Single polymer/coating,Low_Compatibility,26.25,0.4000000000000001,,0,36.0509,,,,True,40
FRU_008,Papaya,PM001,LDPE,Polymer film,Single polymer/coating,Compatible,83.33,0.6666666666666666,,0,86.6667,,,,True,1
FRU_008,Papaya,PM002,LLDPE,Polymer film,Single polymer/coating,Compatible,83.33,0.6666666666666666,,0,86.6667,,,,True,2
FRU_008,Papaya,PM003,MDPE,Polymer film,Single polymer/coating,Compatible,83.33,0.6666666666666666,,0,86.6667,,,,True,3
FRU_008,Papaya,PM007,BOPP,Polymer film,Single polymer/coating,Compatible,83.33,0.6666666666666666,,0,86.6667,,,,True,4
FRU_008,Papaya,PM013,PA6 / Nylon-6,Multilayer laminate/structure,Multilayer,Compatible,83.33,0.6666666666666666,,0,86.6667,,,,True,5
FRU_008,Papaya,PM014,BOPA / Oriented Nylon,Multilayer laminate/structure,Multilayer,Compatible,83.33,0.6666666666666666,,0,86.6667,,,,True,6
FRU_008,Papaya,PM018,PVC plasticized,Polymer film,Single polymer/coating,Compatible,83.33,0.6666666666666666,,0,86.6667,,,,True,7
FRU_008,Papaya,PM019,PS,Polymer film,Single polymer/coating,Compatible,83.33,0.6666666666666666,,0,86.6667,,,,True,8
FRU_008,Papaya,PM020,HIPS,Polymer film,Single polymer/coating,Compatible,83.33,0.6666666666666666,,0,86.6667,,,,True,9
FRU_008,Papaya,PM021,EPS,Polymer film,Single polymer/coating,Compatible,83.33,0.6666666666666666,,0,86.6667,,,,True,10
FRU_008,Papaya,PM022,PLA,Biodegradable polymer,Polymer film,Compatible,83.33,0.6666666666666666,,0,86.6667,,,,True,11
FRU_008,Papaya,PM023,PHA,Biodegradable polymer,Polymer film,Compatible,83.33,0.6666666666666666,,0,86.6667,,,,True,12
FRU_008,Papaya,PM024,Cellulose film,Paper/cellulosic,Paper/film,Compatible,83.33,0.6666666666666666,,0,86.6667,,,,True,13
FRU_008,Papaya,PM025,Coated cellulose film,Paper/cellulosic,Paper/film,Compatible,83.33,0.6666666666666666,,0,86.6667,,,,True,14
FRU_008,Papaya,PM026,Kraft paper,Paper/cellulosic,Paper/film,Compatible,83.33,0.6666666666666666,,0,86.6667,,,,True,15
FRU_008,Papaya,PM027,Coated paper,Paper/cellulosic,Paper/film,Compatible,83.33,0.6666666666666666,,0,86.6667,,,,True,16
FRU_008,Papaya,PM028,Glassine paper,Paper/cellulosic,Paper/film,Compatible,83.33,0.6666666666666666,,0,86.6667,,,,True,17
FRU_008,Papaya,PM038,Micro-perforated PE film,Fresh-produce breathable film,Perforated film,Compatible,83.33,0.6666666666666666,,0,86.6667,,,,True,18
FRU_008,Papaya,PM039,Micro-perforated PP film,Fresh-produce breathable film,Perforated film,Compatible,83.33,0.6666666666666666,,0,86.6667,,,,True,19
FRU_008,Papaya,PM040,Breathable cellulose film,Fresh-produce breathable film,Breathable film,Compatible,83.33,0.6666666666666666,,0,86.6667,,,,True,20
FRU_008,Papaya,PM004,HDPE,Polymer film,Single polymer/coating,Low_Compatibility,41.67,0.6666666666666666,,0,51.6709,,,,True,21
FRU_008,Papaya,PM031,PET/PE laminate,Multilayer laminate/structure,Multilayer,Low_Compatibility,41.67,0.6666666666666666,,0,51.6709,,,,True,22
FRU_008,Papaya,PM033,PET/CPP laminate,Multilayer laminate/structure,Multilayer,Low_Compatibility,41.67,0.6666666666666666,,0,51.6709,,,,True,23
FRU_008,Papaya,PM037,BOPP/CPP laminate,Multilayer laminate/structure,Multilayer,Low_Compatibility,41.67,0.6666666666666666,,0,51.6709,,,,True,24
FRU_008,Papaya,PM005,PP,Polymer film,Single polymer/coating,Low_Compatibility,0.0,0.6666666666666666,,0,16.6667,,,,True,25
FRU_008,Papaya,PM006,CPP,Polymer film,Single polymer/coating,Low_Compatibility,0.0,0.6666666666666666,,0,16.6667,,,,True,26
FRU_008,Papaya,PM008,Metallized BOPP,Polymer film,Single polymer/coating,Low_Compatibility,0.0,0.6666666666666666,,0,16.6667,,,,True,27
FRU_008,Papaya,PM009,PET,Polymer film,Single polymer/coating,Low_Compatibility,0.0,0.6666666666666666,,0,16.6667,,,,True,28
FRU_008,Papaya,PM010,BOPET,Polymer film,Single polymer/coating,Low_Compatibility,0.0,0.6666666666666666,,0,16.6667,,,,True,29
FRU_008,Papaya,PM011,Metallized PET,Polymer film,Single polymer/coating,Low_Compatibility,0.0,0.6666666666666666,,0,16.6667,,,,True,30
FRU_008,Papaya,PM012,PVdC-coated PET,Polymer film,Single polymer/coating,Low_Compatibility,0.0,0.6666666666666666,,0,16.6667,,,,True,31
FRU_008,Papaya,PM016,PVdC,Polymer film,Single polymer/coating,Low_Compatibility,0.0,0.6666666666666666,,0,16.6667,,,,True,32
FRU_008,Papaya,PM017,PVC rigid,Polymer film,Single polymer/coating,Low_Compatibility,0.0,0.6666666666666666,,0,16.6667,,,,True,33
FRU_008,Papaya,PM029,Aluminum foil,Metal,Rigid/foil metal,Low_Compatibility,0.0,0.6666666666666666,,0,16.6667,,,,True,34
FRU_008,Papaya,PM030,Tinplate steel,Metal,Rigid/foil metal,Low_Compatibility,0.0,0.6666666666666666,,0,16.6667,,,,True,35
FRU_008,Papaya,PM032,PA/PE laminate,Multilayer laminate/structure,Multilayer,Low_Compatibility,0.0,0.6666666666666666,,0,16.6667,,,,True,36
FRU_008,Papaya,PM034,PET/Al/PE laminate,Multilayer laminate/structure,Multilayer,Low_Compatibility,0.0,0.6666666666666666,,0,16.6667,,,,True,37
FRU_008,Papaya,PM035,PET/EVOH/PE laminate,Multilayer laminate/structure,Multilayer,Low_Compatibility,0.0,0.6666666666666666,,0,16.6667,,,,True,38
FRU_008,Papaya,PM036,PE/PA/EVOH/PE laminate,Multilayer laminate/structure,Multilayer,Low_Compatibility,0.0,0.6666666666666666,,0,16.6667,,,,True,39
FRU_008,Papaya,PM015,EVOH,Polymer film,Single polymer/coating,Insufficient_Evidence,,0.0,,0,,,,Excluded from recommendation pool because deterministic evidence is insufficient,False,40
PREP_022,Paratha,PM002,LLDPE,Polymer film,Single polymer/coating,Conditionally_Compatible,70.0,0.4000000000000001,,0,72.8024,,,,True,1
PREP_022,Paratha,PM003,MDPE,Polymer film,Single polymer/coating,Conditionally_Compatible,70.0,0.4000000000000001,,0,72.8024,,,,True,2
PREP_022,Paratha,PM004,HDPE,Polymer film,Single polymer/coating,Conditionally_Compatible,70.0,0.4000000000000001,,0,72.8024,,,,True,3
PREP_022,Paratha,PM005,PP,Polymer film,Single polymer/coating,Conditionally_Compatible,70.0,0.4000000000000001,,0,72.8024,,,,True,4
PREP_022,Paratha,PM006,CPP,Polymer film,Single polymer/coating,Conditionally_Compatible,70.0,0.4000000000000001,,0,72.8024,,,,True,5
PREP_022,Paratha,PM031,PET/PE laminate,Multilayer laminate/structure,Multilayer,Conditionally_Compatible,70.0,0.4000000000000001,,0,72.8024,,,,True,6
PREP_022,Paratha,PM033,PET/CPP laminate,Multilayer laminate/structure,Multilayer,Conditionally_Compatible,70.0,0.4000000000000001,,0,72.8024,,,,True,7
PREP_022,Paratha,PM037,BOPP/CPP laminate,Multilayer laminate/structure,Multilayer,Conditionally_Compatible,70.0,0.4000000000000001,,0,72.8024,,,,True,8
PREP_022,Paratha,PM039,Micro-perforated PP film,Fresh-produce breathable film,Perforated film,Conditionally_Compatible,70.0,0.4000000000000001,,0,72.8024,,,,True,9
PREP_022,Paratha,PM001,LDPE,Polymer film,Single polymer/coating,Conditionally_Compatible,61.25,0.4000000000000001,,0,65.4521,,,,True,10
PREP_022,Paratha,PM025,Coated cellulose film,Paper/cellulosic,Paper/film,Conditionally_Compatible,61.25,0.4000000000000001,,0,65.4521,,,,True,11
PREP_022,Paratha,PM032,PA/PE laminate,Multilayer laminate/structure,Multilayer,Conditionally_Compatible,61.25,0.4000000000000001,,0,65.4521,,,,True,12
PREP_022,Paratha,PM038,Micro-perforated PE film,Fresh-produce breathable film,Perforated film,Conditionally_Compatible,61.25,0.4000000000000001,,0,65.4521,,,,True,13
PREP_022,Paratha,PM018,PVC plasticized,Polymer film,Single polymer/coating,Conditionally_Compatible,54.16,0.3000000000000001,,0,58.4962,,,,True,14
PREP_022,Paratha,PM007,BOPP,Polymer film,Single polymer/coating,Low_Compatibility,52.5,0.4000000000000001,,0,58.1018,,,,True,15
PREP_022,Paratha,PM009,PET,Polymer film,Single polymer/coating,Low_Compatibility,52.5,0.4000000000000001,,0,58.1018,,,,True,16
PREP_022,Paratha,PM010,BOPET,Polymer film,Single polymer/coating,Low_Compatibility,52.5,0.4000000000000001,,0,58.1018,,,,True,17
PREP_022,Paratha,PM013,PA6 / Nylon-6,Multilayer laminate/structure,Multilayer,Low_Compatibility,52.5,0.4000000000000001,,0,58.1018,,,,True,18
PREP_022,Paratha,PM014,BOPA / Oriented Nylon,Multilayer laminate/structure,Multilayer,Low_Compatibility,52.5,0.4000000000000001,,0,58.1018,,,,True,19
PREP_022,Paratha,PM016,PVdC,Polymer film,Single polymer/coating,Conditionally_Compatible,52.5,0.4000000000000001,,0,58.1018,,,,True,20
PREP_022,Paratha,PM017,PVC rigid,Polymer film,Single polymer/coating,Conditionally_Compatible,52.5,0.4000000000000001,,0,58.1018,,,,True,21
PREP_022,Paratha,PM020,HIPS,Polymer film,Single polymer/coating,Conditionally_Compatible,52.5,0.4000000000000001,,0,58.1018,,,,True,22
PREP_022,Paratha,PM022,PLA,Biodegradable polymer,Polymer film,Conditionally_Compatible,52.5,0.4000000000000001,,0,58.1018,,,,True,23
PREP_022,Paratha,PM023,PHA,Biodegradable polymer,Polymer film,Conditionally_Compatible,52.5,0.4000000000000001,,0,58.1018,,,,True,24
PREP_022,Paratha,PM034,PET/Al/PE laminate,Multilayer laminate/structure,Multilayer,Conditionally_Compatible,52.5,0.4000000000000001,,0,58.1018,,,,True,25
PREP_022,Paratha,PM035,PET/EVOH/PE laminate,Multilayer laminate/structure,Multilayer,Conditionally_Compatible,52.5,0.4000000000000001,,0,58.1018,,,,True,26
PREP_022,Paratha,PM008,Metallized BOPP,Polymer film,Single polymer/coating,Low_Compatibility,43.75,0.4000000000000001,,0,50.7515,,,,True,27
PREP_022,Paratha,PM011,Metallized PET,Polymer film,Single polymer/coating,Low_Compatibility,43.75,0.4000000000000001,,0,50.7515,,,,True,28
PREP_022,Paratha,PM012,PVdC-coated PET,Polymer film,Single polymer/coating,Low_Compatibility,43.75,0.4000000000000001,,0,50.7515,,,,True,29
PREP_022,Paratha,PM015,EVOH,Polymer film,Single polymer/coating,Low_Compatibility,43.75,0.4000000000000001,,0,50.7515,,,,True,30
PREP_022,Paratha,PM019,PS,Polymer film,Single polymer/coating,Low_Compatibility,43.75,0.4000000000000001,,0,50.7515,,,,True,31
PREP_022,Paratha,PM027,Coated paper,Paper/cellulosic,Paper/film,Low_Compatibility,43.75,0.4000000000000001,,0,50.7515,,,,True,32
PREP_022,Paratha,PM036,PE/PA/EVOH/PE laminate,Multilayer laminate/structure,Multilayer,Low_Compatibility,43.34,0.3000000000000001,,0,49.4071,,,,True,33
PREP_022,Paratha,PM026,Kraft paper,Paper/cellulosic,Paper/film,Low_Compatibility,35.0,0.4000000000000001,,0,43.4012,,,,True,34
PREP_022,Paratha,PM028,Glassine paper,Paper/cellulosic,Paper/film,Low_Compatibility,35.0,0.4000000000000001,,0,43.4012,,,,True,35
PREP_022,Paratha,PM029,Aluminum foil,Metal,Rigid/foil metal,Low_Compatibility,35.0,0.4000000000000001,,0,43.4012,,,,True,36
PREP_022,Paratha,PM024,Cellulose film,Paper/cellulosic,Paper/film,Low_Compatibility,32.5,0.3000000000000001,,0,40.3011,,,,True,37
PREP_022,Paratha,PM040,Breathable cellulose film,Fresh-produce breathable film,Breathable film,Low_Compatibility,32.5,0.3000000000000001,,0,40.3011,,,,True,38
PREP_022,Paratha,PM030,Tinplate steel,Metal,Rigid/foil metal,Low_Compatibility,21.66,0.3000000000000001,,0,31.1951,,,,True,39
PREP_022,Paratha,PM021,EPS,Polymer film,Single polymer/coating,Low_Compatibility,17.5,0.4000000000000001,,0,28.7006,,,,True,40
PREP_006,Parotta,PM002,LLDPE,Polymer film,Single polymer/coating,Conditionally_Compatible,70.0,0.4000000000000001,,0,72.8024,,,,True,1
PREP_006,Parotta,PM003,MDPE,Polymer film,Single polymer/coating,Conditionally_Compatible,70.0,0.4000000000000001,,0,72.8024,,,,True,2
PREP_006,Parotta,PM004,HDPE,Polymer film,Single polymer/coating,Conditionally_Compatible,70.0,0.4000000000000001,,0,72.8024,,,,True,3
PREP_006,Parotta,PM005,PP,Polymer film,Single polymer/coating,Conditionally_Compatible,70.0,0.4000000000000001,,0,72.8024,,,,True,4
PREP_006,Parotta,PM006,CPP,Polymer film,Single polymer/coating,Conditionally_Compatible,70.0,0.4000000000000001,,0,72.8024,,,,True,5
PREP_006,Parotta,PM031,PET/PE laminate,Multilayer laminate/structure,Multilayer,Conditionally_Compatible,70.0,0.4000000000000001,,0,72.8024,,,,True,6
PREP_006,Parotta,PM033,PET/CPP laminate,Multilayer laminate/structure,Multilayer,Conditionally_Compatible,70.0,0.4000000000000001,,0,72.8024,,,,True,7
PREP_006,Parotta,PM037,BOPP/CPP laminate,Multilayer laminate/structure,Multilayer,Conditionally_Compatible,70.0,0.4000000000000001,,0,72.8024,,,,True,8
PREP_006,Parotta,PM039,Micro-perforated PP film,Fresh-produce breathable film,Perforated film,Conditionally_Compatible,70.0,0.4000000000000001,,0,72.8024,,,,True,9
PREP_006,Parotta,PM001,LDPE,Polymer film,Single polymer/coating,Conditionally_Compatible,61.25,0.4000000000000001,,0,65.4521,,,,True,10
PREP_006,Parotta,PM025,Coated cellulose film,Paper/cellulosic,Paper/film,Conditionally_Compatible,61.25,0.4000000000000001,,0,65.4521,,,,True,11
PREP_006,Parotta,PM032,PA/PE laminate,Multilayer laminate/structure,Multilayer,Conditionally_Compatible,61.25,0.4000000000000001,,0,65.4521,,,,True,12
PREP_006,Parotta,PM038,Micro-perforated PE film,Fresh-produce breathable film,Perforated film,Conditionally_Compatible,61.25,0.4000000000000001,,0,65.4521,,,,True,13
PREP_006,Parotta,PM018,PVC plasticized,Polymer film,Single polymer/coating,Conditionally_Compatible,54.16,0.3000000000000001,,0,58.4962,,,,True,14
PREP_006,Parotta,PM007,BOPP,Polymer film,Single polymer/coating,Low_Compatibility,52.5,0.4000000000000001,,0,58.1018,,,,True,15
PREP_006,Parotta,PM009,PET,Polymer film,Single polymer/coating,Low_Compatibility,52.5,0.4000000000000001,,0,58.1018,,,,True,16
PREP_006,Parotta,PM010,BOPET,Polymer film,Single polymer/coating,Low_Compatibility,52.5,0.4000000000000001,,0,58.1018,,,,True,17
PREP_006,Parotta,PM013,PA6 / Nylon-6,Multilayer laminate/structure,Multilayer,Low_Compatibility,52.5,0.4000000000000001,,0,58.1018,,,,True,18
PREP_006,Parotta,PM014,BOPA / Oriented Nylon,Multilayer laminate/structure,Multilayer,Low_Compatibility,52.5,0.4000000000000001,,0,58.1018,,,,True,19
PREP_006,Parotta,PM016,PVdC,Polymer film,Single polymer/coating,Conditionally_Compatible,52.5,0.4000000000000001,,0,58.1018,,,,True,20
PREP_006,Parotta,PM017,PVC rigid,Polymer film,Single polymer/coating,Conditionally_Compatible,52.5,0.4000000000000001,,0,58.1018,,,,True,21
PREP_006,Parotta,PM020,HIPS,Polymer film,Single polymer/coating,Conditionally_Compatible,52.5,0.4000000000000001,,0,58.1018,,,,True,22
PREP_006,Parotta,PM022,PLA,Biodegradable polymer,Polymer film,Conditionally_Compatible,52.5,0.4000000000000001,,0,58.1018,,,,True,23
PREP_006,Parotta,PM023,PHA,Biodegradable polymer,Polymer film,Conditionally_Compatible,52.5,0.4000000000000001,,0,58.1018,,,,True,24
PREP_006,Parotta,PM034,PET/Al/PE laminate,Multilayer laminate/structure,Multilayer,Conditionally_Compatible,52.5,0.4000000000000001,,0,58.1018,,,,True,25
PREP_006,Parotta,PM035,PET/EVOH/PE laminate,Multilayer laminate/structure,Multilayer,Conditionally_Compatible,52.5,0.4000000000000001,,0,58.1018,,,,True,26
PREP_006,Parotta,PM008,Metallized BOPP,Polymer film,Single polymer/coating,Low_Compatibility,43.75,0.4000000000000001,,0,50.7515,,,,True,27
PREP_006,Parotta,PM011,Metallized PET,Polymer film,Single polymer/coating,Low_Compatibility,43.75,0.4000000000000001,,0,50.7515,,,,True,28
PREP_006,Parotta,PM012,PVdC-coated PET,Polymer film,Single polymer/coating,Low_Compatibility,43.75,0.4000000000000001,,0,50.7515,,,,True,29
PREP_006,Parotta,PM015,EVOH,Polymer film,Single polymer/coating,Low_Compatibility,43.75,0.4000000000000001,,0,50.7515,,,,True,30
PREP_006,Parotta,PM019,PS,Polymer film,Single polymer/coating,Low_Compatibility,43.75,0.4000000000000001,,0,50.7515,,,,True,31
PREP_006,Parotta,PM027,Coated paper,Paper/cellulosic,Paper/film,Low_Compatibility,43.75,0.4000000000000001,,0,50.7515,,,,True,32
PREP_006,Parotta,PM036,PE/PA/EVOH/PE laminate,Multilayer laminate/structure,Multilayer,Low_Compatibility,43.34,0.3000000000000001,,0,49.4071,,,,True,33
PREP_006,Parotta,PM026,Kraft paper,Paper/cellulosic,Paper/film,Low_Compatibility,35.0,0.4000000000000001,,0,43.4012,,,,True,34
PREP_006,Parotta,PM028,Glassine paper,Paper/cellulosic,Paper/film,Low_Compatibility,35.0,0.4000000000000001,,0,43.4012,,,,True,35
PREP_006,Parotta,PM029,Aluminum foil,Metal,Rigid/foil metal,Low_Compatibility,35.0,0.4000000000000001,,0,43.4012,,,,True,36
PREP_006,Parotta,PM024,Cellulose film,Paper/cellulosic,Paper/film,Low_Compatibility,32.5,0.3000000000000001,,0,40.3011,,,,True,37
PREP_006,Parotta,PM040,Breathable cellulose film,Fresh-produce breathable film,Breathable film,Low_Compatibility,32.5,0.3000000000000001,,0,40.3011,,,,True,38
PREP_006,Parotta,PM030,Tinplate steel,Metal,Rigid/foil metal,Low_Compatibility,21.66,0.3000000000000001,,0,31.1951,,,,True,39
PREP_006,Parotta,PM021,EPS,Polymer film,Single polymer/coating,Low_Compatibility,17.5,0.4000000000000001,,0,28.7006,,,,True,40
PREP_044,Pav bhaji,PM002,LLDPE,Polymer film,Single polymer/coating,Conditionally_Compatible,70.0,0.4000000000000001,,0,72.8024,,,,True,1
PREP_044,Pav bhaji,PM003,MDPE,Polymer film,Single polymer/coating,Conditionally_Compatible,70.0,0.4000000000000001,,0,72.8024,,,,True,2
PREP_044,Pav bhaji,PM006,CPP,Polymer film,Single polymer/coating,Conditionally_Compatible,70.0,0.4000000000000001,,0,72.8024,,,,True,3
PREP_044,Pav bhaji,PM031,PET/PE laminate,Multilayer laminate/structure,Multilayer,Conditionally_Compatible,70.0,0.4000000000000001,,0,72.8024,,,,True,4
PREP_044,Pav bhaji,PM032,PA/PE laminate,Multilayer laminate/structure,Multilayer,Conditionally_Compatible,70.0,0.4000000000000001,,0,72.8024,,,,True,5
PREP_044,Pav bhaji,PM033,PET/CPP laminate,Multilayer laminate/structure,Multilayer,Conditionally_Compatible,70.0,0.4000000000000001,,0,72.8024,,,,True,6
PREP_044,Pav bhaji,PM037,BOPP/CPP laminate,Multilayer laminate/structure,Multilayer,Conditionally_Compatible,70.0,0.4000000000000001,,0,72.8024,,,,True,7
PREP_044,Pav bhaji,PM039,Micro-perforated PP film,Fresh-produce breathable film,Perforated film,Conditionally_Compatible,70.0,0.4000000000000001,,0,72.8024,,,,True,8
PREP_044,Pav bhaji,PM001,LDPE,Polymer film,Single polymer/coating,Conditionally_Compatible,61.25,0.4000000000000001,,0,65.4521,,,,True,9
PREP_044,Pav bhaji,PM004,HDPE,Polymer film,Single polymer/coating,Conditionally_Compatible,61.25,0.4000000000000001,,0,65.4521,,,,True,10
PREP_044,Pav bhaji,PM005,PP,Polymer film,Single polymer/coating,Conditionally_Compatible,61.25,0.4000000000000001,,0,65.4521,,,,True,11
PREP_044,Pav bhaji,PM034,PET/Al/PE laminate,Multilayer laminate/structure,Multilayer,Conditionally_Compatible,61.25,0.4000000000000001,,0,65.4521,,,,True,12
PREP_044,Pav bhaji,PM035,PET/EVOH/PE laminate,Multilayer laminate/structure,Multilayer,Conditionally_Compatible,61.25,0.4000000000000001,,0,65.4521,,,,True,13
PREP_044,Pav bhaji,PM038,Micro-perforated PE film,Fresh-produce breathable film,Perforated film,Conditionally_Compatible,61.25,0.4000000000000001,,0,65.4521,,,,True,14
PREP_044,Pav bhaji,PM036,PE/PA/EVOH/PE laminate,Multilayer laminate/structure,Multilayer,Conditionally_Compatible,54.16,0.3000000000000001,,0,58.4962,,,,True,15
PREP_044,Pav bhaji,PM007,BOPP,Polymer film,Single polymer/coating,Low_Compatibility,52.5,0.4000000000000001,,0,58.1018,,,,True,16
PREP_044,Pav bhaji,PM008,Metallized BOPP,Polymer film,Single polymer/coating,Low_Compatibility,52.5,0.4000000000000001,,0,58.1018,,,,True,17
PREP_044,Pav bhaji,PM009,PET,Polymer film,Single polymer/coating,Low_Compatibility,52.5,0.4000000000000001,,0,58.1018,,,,True,18
PREP_044,Pav bhaji,PM010,BOPET,Polymer film,Single polymer/coating,Low_Compatibility,52.5,0.4000000000000001,,0,58.1018,,,,True,19
PREP_044,Pav bhaji,PM011,Metallized PET,Polymer film,Single polymer/coating,Low_Compatibility,52.5,0.4000000000000001,,0,58.1018,,,,True,20
PREP_044,Pav bhaji,PM012,PVdC-coated PET,Polymer film,Single polymer/coating,Low_Compatibility,52.5,0.4000000000000001,,0,58.1018,,,,True,21
PREP_044,Pav bhaji,PM013,PA6 / Nylon-6,Multilayer laminate/structure,Multilayer,Low_Compatibility,52.5,0.4000000000000001,,0,58.1018,,,,True,22
PREP_044,Pav bhaji,PM014,BOPA / Oriented Nylon,Multilayer laminate/structure,Multilayer,Low_Compatibility,52.5,0.4000000000000001,,0,58.1018,,,,True,23
PREP_044,Pav bhaji,PM016,PVdC,Polymer film,Single polymer/coating,Conditionally_Compatible,52.5,0.4000000000000001,,0,58.1018,,,,True,24
PREP_044,Pav bhaji,PM025,Coated cellulose film,Paper/cellulosic,Paper/film,Conditionally_Compatible,52.5,0.4000000000000001,,0,58.1018,,,,True,25
PREP_044,Pav bhaji,PM015,EVOH,Polymer film,Single polymer/coating,Low_Compatibility,43.75,0.4000000000000001,,0,50.7515,,,,True,26
PREP_044,Pav bhaji,PM017,PVC rigid,Polymer film,Single polymer/coating,Low_Compatibility,43.75,0.4000000000000001,,0,50.7515,,,,True,27
PREP_044,Pav bhaji,PM020,HIPS,Polymer film,Single polymer/coating,Low_Compatibility,43.75,0.4000000000000001,,0,50.7515,,,,True,28
PREP_044,Pav bhaji,PM022,PLA,Biodegradable polymer,Polymer film,Low_Compatibility,43.75,0.4000000000000001,,0,50.7515,,,,True,29
PREP_044,Pav bhaji,PM023,PHA,Biodegradable polymer,Polymer film,Low_Compatibility,43.75,0.4000000000000001,,0,50.7515,,,,True,30
PREP_044,Pav bhaji,PM027,Coated paper,Paper/cellulosic,Paper/film,Low_Compatibility,43.75,0.4000000000000001,,0,50.7515,,,,True,31
PREP_044,Pav bhaji,PM029,Aluminum foil,Metal,Rigid/foil metal,Low_Compatibility,43.75,0.4000000000000001,,0,50.7515,,,,True,32
PREP_044,Pav bhaji,PM018,PVC plasticized,Polymer film,Single polymer/coating,Low_Compatibility,43.34,0.3000000000000001,,0,49.4071,,,,True,33
PREP_044,Pav bhaji,PM019,PS,Polymer film,Single polymer/coating,Low_Compatibility,35.0,0.4000000000000001,,0,43.4012,,,,True,34
PREP_044,Pav bhaji,PM026,Kraft paper,Paper/cellulosic,Paper/film,Low_Compatibility,35.0,0.4000000000000001,,0,43.4012,,,,True,35
PREP_044,Pav bhaji,PM028,Glassine paper,Paper/cellulosic,Paper/film,Low_Compatibility,35.0,0.4000000000000001,,0,43.4012,,,,True,36
PREP_044,Pav bhaji,PM024,Cellulose film,Paper/cellulosic,Paper/film,Low_Compatibility,32.5,0.3000000000000001,,0,40.3011,,,,True,37
PREP_044,Pav bhaji,PM030,Tinplate steel,Metal,Rigid/foil metal,Low_Compatibility,32.5,0.3000000000000001,,0,40.3011,,,,True,38
PREP_044,Pav bhaji,PM040,Breathable cellulose film,Fresh-produce breathable film,Breathable film,Low_Compatibility,32.5,0.3000000000000001,,0,40.3011,,,,True,39
PREP_044,Pav bhaji,PM021,EPS,Polymer film,Single polymer/coating,Low_Compatibility,17.5,0.4000000000000001,,0,28.7006,,,,True,40
FRU_015,Peach,PM001,LDPE,Polymer film,Single polymer/coating,Compatible,83.33,0.6666666666666666,,0,86.6667,,,,True,1
FRU_015,Peach,PM002,LLDPE,Polymer film,Single polymer/coating,Compatible,83.33,0.6666666666666666,,0,86.6667,,,,True,2
FRU_015,Peach,PM003,MDPE,Polymer film,Single polymer/coating,Compatible,83.33,0.6666666666666666,,0,86.6667,,,,True,3
FRU_015,Peach,PM007,BOPP,Polymer film,Single polymer/coating,Compatible,83.33,0.6666666666666666,,0,86.6667,,,,True,4
FRU_015,Peach,PM013,PA6 / Nylon-6,Multilayer laminate/structure,Multilayer,Compatible,83.33,0.6666666666666666,,0,86.6667,,,,True,5
FRU_015,Peach,PM014,BOPA / Oriented Nylon,Multilayer laminate/structure,Multilayer,Compatible,83.33,0.6666666666666666,,0,86.6667,,,,True,6
FRU_015,Peach,PM018,PVC plasticized,Polymer film,Single polymer/coating,Compatible,83.33,0.6666666666666666,,0,86.6667,,,,True,7
FRU_015,Peach,PM019,PS,Polymer film,Single polymer/coating,Compatible,83.33,0.6666666666666666,,0,86.6667,,,,True,8
FRU_015,Peach,PM020,HIPS,Polymer film,Single polymer/coating,Compatible,83.33,0.6666666666666666,,0,86.6667,,,,True,9
FRU_015,Peach,PM021,EPS,Polymer film,Single polymer/coating,Compatible,83.33,0.6666666666666666,,0,86.6667,,,,True,10
FRU_015,Peach,PM022,PLA,Biodegradable polymer,Polymer film,Compatible,83.33,0.6666666666666666,,0,86.6667,,,,True,11
FRU_015,Peach,PM023,PHA,Biodegradable polymer,Polymer film,Compatible,83.33,0.6666666666666666,,0,86.6667,,,,True,12
FRU_015,Peach,PM024,Cellulose film,Paper/cellulosic,Paper/film,Compatible,83.33,0.6666666666666666,,0,86.6667,,,,True,13
FRU_015,Peach,PM025,Coated cellulose film,Paper/cellulosic,Paper/film,Compatible,83.33,0.6666666666666666,,0,86.6667,,,,True,14
FRU_015,Peach,PM026,Kraft paper,Paper/cellulosic,Paper/film,Compatible,83.33,0.6666666666666666,,0,86.6667,,,,True,15
FRU_015,Peach,PM027,Coated paper,Paper/cellulosic,Paper/film,Compatible,83.33,0.6666666666666666,,0,86.6667,,,,True,16
FRU_015,Peach,PM028,Glassine paper,Paper/cellulosic,Paper/film,Compatible,83.33,0.6666666666666666,,0,86.6667,,,,True,17
FRU_015,Peach,PM038,Micro-perforated PE film,Fresh-produce breathable film,Perforated film,Compatible,83.33,0.6666666666666666,,0,86.6667,,,,True,18
FRU_015,Peach,PM039,Micro-perforated PP film,Fresh-produce breathable film,Perforated film,Compatible,83.33,0.6666666666666666,,0,86.6667,,,,True,19
FRU_015,Peach,PM040,Breathable cellulose film,Fresh-produce breathable film,Breathable film,Compatible,83.33,0.6666666666666666,,0,86.6667,,,,True,20
FRU_015,Peach,PM004,HDPE,Polymer film,Single polymer/coating,Low_Compatibility,41.67,0.6666666666666666,,0,51.6709,,,,True,21
FRU_015,Peach,PM031,PET/PE laminate,Multilayer laminate/structure,Multilayer,Low_Compatibility,41.67,0.6666666666666666,,0,51.6709,,,,True,22
FRU_015,Peach,PM033,PET/CPP laminate,Multilayer laminate/structure,Multilayer,Low_Compatibility,41.67,0.6666666666666666,,0,51.6709,,,,True,23
FRU_015,Peach,PM037,BOPP/CPP laminate,Multilayer laminate/structure,Multilayer,Low_Compatibility,41.67,0.6666666666666666,,0,51.6709,,,,True,24
FRU_015,Peach,PM005,PP,Polymer film,Single polymer/coating,Low_Compatibility,0.0,0.6666666666666666,,0,16.6667,,,,True,25
FRU_015,Peach,PM006,CPP,Polymer film,Single polymer/coating,Low_Compatibility,0.0,0.6666666666666666,,0,16.6667,,,,True,26
FRU_015,Peach,PM008,Metallized BOPP,Polymer film,Single polymer/coating,Low_Compatibility,0.0,0.6666666666666666,,0,16.6667,,,,True,27
FRU_015,Peach,PM009,PET,Polymer film,Single polymer/coating,Low_Compatibility,0.0,0.6666666666666666,,0,16.6667,,,,True,28
FRU_015,Peach,PM010,BOPET,Polymer film,Single polymer/coating,Low_Compatibility,0.0,0.6666666666666666,,0,16.6667,,,,True,29
FRU_015,Peach,PM011,Metallized PET,Polymer film,Single polymer/coating,Low_Compatibility,0.0,0.6666666666666666,,0,16.6667,,,,True,30
FRU_015,Peach,PM012,PVdC-coated PET,Polymer film,Single polymer/coating,Low_Compatibility,0.0,0.6666666666666666,,0,16.6667,,,,True,31
FRU_015,Peach,PM016,PVdC,Polymer film,Single polymer/coating,Low_Compatibility,0.0,0.6666666666666666,,0,16.6667,,,,True,32
FRU_015,Peach,PM017,PVC rigid,Polymer film,Single polymer/coating,Low_Compatibility,0.0,0.6666666666666666,,0,16.6667,,,,True,33
FRU_015,Peach,PM029,Aluminum foil,Metal,Rigid/foil metal,Low_Compatibility,0.0,0.6666666666666666,,0,16.6667,,,,True,34
FRU_015,Peach,PM030,Tinplate steel,Metal,Rigid/foil metal,Low_Compatibility,0.0,0.6666666666666666,,0,16.6667,,,,True,35
FRU_015,Peach,PM032,PA/PE laminate,Multilayer laminate/structure,Multilayer,Low_Compatibility,0.0,0.6666666666666666,,0,16.6667,,,,True,36
FRU_015,Peach,PM034,PET/Al/PE laminate,Multilayer laminate/structure,Multilayer,Low_Compatibility,0.0,0.6666666666666666,,0,16.6667,,,,True,37
FRU_015,Peach,PM035,PET/EVOH/PE laminate,Multilayer laminate/structure,Multilayer,Low_Compatibility,0.0,0.6666666666666666,,0,16.6667,,,,True,38
FRU_015,Peach,PM036,PE/PA/EVOH/PE laminate,Multilayer laminate/structure,Multilayer,Low_Compatibility,0.0,0.6666666666666666,,0,16.6667,,,,True,39
FRU_015,Peach,PM015,EVOH,Polymer film,Single polymer/coating,Insufficient_Evidence,,0.0,,0,,,,Excluded from recommendation pool because deterministic evidence is insufficient,False,40
FRU_016,Pear,PM001,LDPE,Polymer film,Single polymer/coating,Insufficient_Evidence,,0.0,,0,,,,Excluded from recommendation pool because deterministic evidence is insufficient,False,1
FRU_016,Pear,PM002,LLDPE,Polymer film,Single polymer/coating,Insufficient_Evidence,,0.0,,0,,,,Excluded from recommendation pool because deterministic evidence is insufficient,False,2
FRU_016,Pear,PM003,MDPE,Polymer film,Single polymer/coating,Insufficient_Evidence,,0.0,,0,,,,Excluded from recommendation pool because deterministic evidence is insufficient,False,3
FRU_016,Pear,PM004,HDPE,Polymer film,Single polymer/coating,Insufficient_Evidence,,0.0,,0,,,,Excluded from recommendation pool because deterministic evidence is insufficient,False,4
FRU_016,Pear,PM005,PP,Polymer film,Single polymer/coating,Insufficient_Evidence,,0.0,,0,,,,Excluded from recommendation pool because deterministic evidence is insufficient,False,5
FRU_016,Pear,PM006,CPP,Polymer film,Single polymer/coating,Insufficient_Evidence,,0.0,,0,,,,Excluded from recommendation pool because deterministic evidence is insufficient,False,6
FRU_016,Pear,PM007,BOPP,Polymer film,Single polymer/coating,Insufficient_Evidence,,0.0,,0,,,,Excluded from recommendation pool because deterministic evidence is insufficient,False,7
FRU_016,Pear,PM008,Metallized BOPP,Polymer film,Single polymer/coating,Insufficient_Evidence,,0.0,,0,,,,Excluded from recommendation pool because deterministic evidence is insufficient,False,8
FRU_016,Pear,PM009,PET,Polymer film,Single polymer/coating,Insufficient_Evidence,,0.0,,0,,,,Excluded from recommendation pool because deterministic evidence is insufficient,False,9
FRU_016,Pear,PM010,BOPET,Polymer film,Single polymer/coating,Insufficient_Evidence,,0.0,,0,,,,Excluded from recommendation pool because deterministic evidence is insufficient,False,10
FRU_016,Pear,PM011,Metallized PET,Polymer film,Single polymer/coating,Insufficient_Evidence,,0.0,,0,,,,Excluded from recommendation pool because deterministic evidence is insufficient,False,11
FRU_016,Pear,PM012,PVdC-coated PET,Polymer film,Single polymer/coating,Insufficient_Evidence,,0.0,,0,,,,Excluded from recommendation pool because deterministic evidence is insufficient,False,12
FRU_016,Pear,PM013,PA6 / Nylon-6,Multilayer laminate/structure,Multilayer,Insufficient_Evidence,,0.0,,0,,,,Excluded from recommendation pool because deterministic evidence is insufficient,False,13
FRU_016,Pear,PM014,BOPA / Oriented Nylon,Multilayer laminate/structure,Multilayer,Insufficient_Evidence,,0.0,,0,,,,Excluded from recommendation pool because deterministic evidence is insufficient,False,14
FRU_016,Pear,PM015,EVOH,Polymer film,Single polymer/coating,Insufficient_Evidence,,0.0,,0,,,,Excluded from recommendation pool because deterministic evidence is insufficient,False,15
FRU_016,Pear,PM016,PVdC,Polymer film,Single polymer/coating,Insufficient_Evidence,,0.0,,0,,,,Excluded from recommendation pool because deterministic evidence is insufficient,False,16
FRU_016,Pear,PM017,PVC rigid,Polymer film,Single polymer/coating,Insufficient_Evidence,,0.0,,0,,,,Excluded from recommendation pool because deterministic evidence is insufficient,False,17
FRU_016,Pear,PM018,PVC plasticized,Polymer film,Single polymer/coating,Insufficient_Evidence,,0.0,,0,,,,Excluded from recommendation pool because deterministic evidence is insufficient,False,18
FRU_016,Pear,PM019,PS,Polymer film,Single polymer/coating,Insufficient_Evidence,,0.0,,0,,,,Excluded from recommendation pool because deterministic evidence is insufficient,False,19
FRU_016,Pear,PM020,HIPS,Polymer film,Single polymer/coating,Insufficient_Evidence,,0.0,,0,,,,Excluded from recommendation pool because deterministic evidence is insufficient,False,20
FRU_016,Pear,PM021,EPS,Polymer film,Single polymer/coating,Insufficient_Evidence,,0.0,,0,,,,Excluded from recommendation pool because deterministic evidence is insufficient,False,21
FRU_016,Pear,PM022,PLA,Biodegradable polymer,Polymer film,Insufficient_Evidence,,0.0,,0,,,,Excluded from recommendation pool because deterministic evidence is insufficient,False,22
FRU_016,Pear,PM023,PHA,Biodegradable polymer,Polymer film,Insufficient_Evidence,,0.0,,0,,,,Excluded from recommendation pool because deterministic evidence is insufficient,False,23
FRU_016,Pear,PM024,Cellulose film,Paper/cellulosic,Paper/film,Insufficient_Evidence,,0.0,,0,,,,Excluded from recommendation pool because deterministic evidence is insufficient,False,24
FRU_016,Pear,PM025,Coated cellulose film,Paper/cellulosic,Paper/film,Insufficient_Evidence,,0.0,,0,,,,Excluded from recommendation pool because deterministic evidence is insufficient,False,25
FRU_016,Pear,PM026,Kraft paper,Paper/cellulosic,Paper/film,Insufficient_Evidence,,0.0,,0,,,,Excluded from recommendation pool because deterministic evidence is insufficient,False,26
FRU_016,Pear,PM027,Coated paper,Paper/cellulosic,Paper/film,Insufficient_Evidence,,0.0,,0,,,,Excluded from recommendation pool because deterministic evidence is insufficient,False,27
FRU_016,Pear,PM028,Glassine paper,Paper/cellulosic,Paper/film,Insufficient_Evidence,,0.0,,0,,,,Excluded from recommendation pool because deterministic evidence is insufficient,False,28
FRU_016,Pear,PM029,Aluminum foil,Metal,Rigid/foil metal,Insufficient_Evidence,,0.0,,0,,,,Excluded from recommendation pool because deterministic evidence is insufficient,False,29
FRU_016,Pear,PM030,Tinplate steel,Metal,Rigid/foil metal,Insufficient_Evidence,,0.0,,0,,,,Excluded from recommendation pool because deterministic evidence is insufficient,False,30
FRU_016,Pear,PM031,PET/PE laminate,Multilayer laminate/structure,Multilayer,Insufficient_Evidence,,0.0,,0,,,,Excluded from recommendation pool because deterministic evidence is insufficient,False,31
FRU_016,Pear,PM032,PA/PE laminate,Multilayer laminate/structure,Multilayer,Insufficient_Evidence,,0.0,,0,,,,Excluded from recommendation pool because deterministic evidence is insufficient,False,32
FRU_016,Pear,PM033,PET/CPP laminate,Multilayer laminate/structure,Multilayer,Insufficient_Evidence,,0.0,,0,,,,Excluded from recommendation pool because deterministic evidence is insufficient,False,33
FRU_016,Pear,PM034,PET/Al/PE laminate,Multilayer laminate/structure,Multilayer,Insufficient_Evidence,,0.0,,0,,,,Excluded from recommendation pool because deterministic evidence is insufficient,False,34
FRU_016,Pear,PM035,PET/EVOH/PE laminate,Multilayer laminate/structure,Multilayer,Insufficient_Evidence,,0.0,,0,,,,Excluded from recommendation pool because deterministic evidence is insufficient,False,35
FRU_016,Pear,PM036,PE/PA/EVOH/PE laminate,Multilayer laminate/structure,Multilayer,Insufficient_Evidence,,0.0,,0,,,,Excluded from recommendation pool because deterministic evidence is insufficient,False,36
FRU_016,Pear,PM037,BOPP/CPP laminate,Multilayer laminate/structure,Multilayer,Insufficient_Evidence,,0.0,,0,,,,Excluded from recommendation pool because deterministic evidence is insufficient,False,37
FRU_016,Pear,PM038,Micro-perforated PE film,Fresh-produce breathable film,Perforated film,Insufficient_Evidence,,0.0,,0,,,,Excluded from recommendation pool because deterministic evidence is insufficient,False,38
FRU_016,Pear,PM039,Micro-perforated PP film,Fresh-produce breathable film,Perforated film,Insufficient_Evidence,,0.0,,0,,,,Excluded from recommendation pool because deterministic evidence is insufficient,False,39
FRU_016,Pear,PM040,Breathable cellulose film,Fresh-produce breathable film,Breathable film,Insufficient_Evidence,,0.0,,0,,,,Excluded from recommendation pool because deterministic evidence is insufficient,False,40
VEG_016,Peas,PM001,LDPE,Polymer film,Single polymer/coating,Compatible,83.33,0.6666666666666666,,0,86.6667,,,,True,1
VEG_016,Peas,PM002,LLDPE,Polymer film,Single polymer/coating,Compatible,83.33,0.6666666666666666,,0,86.6667,,,,True,2
VEG_016,Peas,PM013,PA6 / Nylon-6,Multilayer laminate/structure,Multilayer,Compatible,83.33,0.6666666666666666,,0,86.6667,,,,True,3
VEG_016,Peas,PM014,BOPA / Oriented Nylon,Multilayer laminate/structure,Multilayer,Compatible,83.33,0.6666666666666666,,0,86.6667,,,,True,4
VEG_016,Peas,PM019,PS,Polymer film,Single polymer/coating,Compatible,83.33,0.6666666666666666,,0,86.6667,,,,True,5
VEG_016,Peas,PM020,HIPS,Polymer film,Single polymer/coating,Compatible,83.33,0.6666666666666666,,0,86.6667,,,,True,6
VEG_016,Peas,PM021,EPS,Polymer film,Single polymer/coating,Compatible,83.33,0.6666666666666666,,0,86.6667,,,,True,7
VEG_016,Peas,PM024,Cellulose film,Paper/cellulosic,Paper/film,Compatible,83.33,0.6666666666666666,,0,86.6667,,,,True,8
VEG_016,Peas,PM026,Kraft paper,Paper/cellulosic,Paper/film,Compatible,83.33,0.6666666666666666,,0,86.6667,,,,True,9
VEG_016,Peas,PM038,Micro-perforated PE film,Fresh-produce breathable film,Perforated film,Compatible,83.33,0.6666666666666666,,0,86.6667,,,,True,10
VEG_016,Peas,PM039,Micro-perforated PP film,Fresh-produce breathable film,Perforated film,Compatible,83.33,0.6666666666666666,,0,86.6667,,,,True,11
VEG_016,Peas,PM040,Breathable cellulose film,Fresh-produce breathable film,Breathable film,Compatible,83.33,0.6666666666666666,,0,86.6667,,,,True,12
VEG_016,Peas,PM003,MDPE,Polymer film,Single polymer/coating,Low_Compatibility,41.67,0.6666666666666666,,0,51.6709,,,,True,13
VEG_016,Peas,PM007,BOPP,Polymer film,Single polymer/coating,Low_Compatibility,41.67,0.6666666666666666,,0,51.6709,,,,True,14
VEG_016,Peas,PM018,PVC plasticized,Polymer film,Single polymer/coating,Low_Compatibility,41.67,0.6666666666666666,,0,51.6709,,,,True,15
VEG_016,Peas,PM022,PLA,Biodegradable polymer,Polymer film,Low_Compatibility,41.67,0.6666666666666666,,0,51.6709,,,,True,16
VEG_016,Peas,PM023,PHA,Biodegradable polymer,Polymer film,Low_Compatibility,41.67,0.6666666666666666,,0,51.6709,,,,True,17
VEG_016,Peas,PM025,Coated cellulose film,Paper/cellulosic,Paper/film,Low_Compatibility,41.67,0.6666666666666666,,0,51.6709,,,,True,18
VEG_016,Peas,PM027,Coated paper,Paper/cellulosic,Paper/film,Low_Compatibility,41.67,0.6666666666666666,,0,51.6709,,,,True,19
VEG_016,Peas,PM004,HDPE,Polymer film,Single polymer/coating,Low_Compatibility,0.0,0.6666666666666666,,0,16.6667,,,,True,20
VEG_016,Peas,PM005,PP,Polymer film,Single polymer/coating,Low_Compatibility,0.0,0.6666666666666666,,0,16.6667,,,,True,21
VEG_016,Peas,PM006,CPP,Polymer film,Single polymer/coating,Low_Compatibility,0.0,0.6666666666666666,,0,16.6667,,,,True,22
VEG_016,Peas,PM008,Metallized BOPP,Polymer film,Single polymer/coating,Low_Compatibility,0.0,0.6666666666666666,,0,16.6667,,,,True,23
VEG_016,Peas,PM009,PET,Polymer film,Single polymer/coating,Low_Compatibility,0.0,0.6666666666666666,,0,16.6667,,,,True,24
VEG_016,Peas,PM010,BOPET,Polymer film,Single polymer/coating,Low_Compatibility,0.0,0.6666666666666666,,0,16.6667,,,,True,25
VEG_016,Peas,PM011,Metallized PET,Polymer film,Single polymer/coating,Low_Compatibility,0.0,0.6666666666666666,,0,16.6667,,,,True,26
VEG_016,Peas,PM012,PVdC-coated PET,Polymer film,Single polymer/coating,Low_Compatibility,0.0,0.6666666666666666,,0,16.6667,,,,True,27
VEG_016,Peas,PM016,PVdC,Polymer film,Single polymer/coating,Low_Compatibility,0.0,0.6666666666666666,,0,16.6667,,,,True,28
VEG_016,Peas,PM017,PVC rigid,Polymer film,Single polymer/coating,Low_Compatibility,0.0,0.6666666666666666,,0,16.6667,,,,True,29
VEG_016,Peas,PM028,Glassine paper,Paper/cellulosic,Paper/film,Low_Compatibility,0.0,0.6666666666666666,,0,16.6667,,,,True,30
VEG_016,Peas,PM029,Aluminum foil,Metal,Rigid/foil metal,Low_Compatibility,0.0,0.6666666666666666,,0,16.6667,,,,True,31
VEG_016,Peas,PM030,Tinplate steel,Metal,Rigid/foil metal,Low_Compatibility,0.0,0.6666666666666666,,0,16.6667,,,,True,32
VEG_016,Peas,PM031,PET/PE laminate,Multilayer laminate/structure,Multilayer,Low_Compatibility,0.0,0.6666666666666666,,0,16.6667,,,,True,33
VEG_016,Peas,PM032,PA/PE laminate,Multilayer laminate/structure,Multilayer,Low_Compatibility,0.0,0.6666666666666666,,0,16.6667,,,,True,34
VEG_016,Peas,PM033,PET/CPP laminate,Multilayer laminate/structure,Multilayer,Low_Compatibility,0.0,0.6666666666666666,,0,16.6667,,,,True,35
VEG_016,Peas,PM034,PET/Al/PE laminate,Multilayer laminate/structure,Multilayer,Low_Compatibility,0.0,0.6666666666666666,,0,16.6667,,,,True,36
VEG_016,Peas,PM035,PET/EVOH/PE laminate,Multilayer laminate/structure,Multilayer,Low_Compatibility,0.0,0.6666666666666666,,0,16.6667,,,,True,37
VEG_016,Peas,PM036,PE/PA/EVOH/PE laminate,Multilayer laminate/structure,Multilayer,Low_Compatibility,0.0,0.6666666666666666,,0,16.6667,,,,True,38
VEG_016,Peas,PM037,BOPP/CPP laminate,Multilayer laminate/structure,Multilayer,Low_Compatibility,0.0,0.6666666666666666,,0,16.6667,,,,True,39
VEG_016,Peas,PM015,EVOH,Polymer film,Single polymer/coating,Insufficient_Evidence,,0.0,,0,,,,Excluded from recommendation pool because deterministic evidence is insufficient,False,40
FRU_010,Pineapple,PM001,LDPE,Polymer film,Single polymer/coating,Compatible,83.33,0.6666666666666666,,0,86.6667,,,,True,1
FRU_010,Pineapple,PM002,LLDPE,Polymer film,Single polymer/coating,Compatible,83.33,0.6666666666666666,,0,86.6667,,,,True,2
FRU_010,Pineapple,PM003,MDPE,Polymer film,Single polymer/coating,Compatible,83.33,0.6666666666666666,,0,86.6667,,,,True,3
FRU_010,Pineapple,PM004,HDPE,Polymer film,Single polymer/coating,Compatible,83.33,0.6666666666666666,,0,86.6667,,,,True,4
FRU_010,Pineapple,PM005,PP,Polymer film,Single polymer/coating,Compatible,83.33,0.6666666666666666,,0,86.6667,,,,True,5
FRU_010,Pineapple,PM006,CPP,Polymer film,Single polymer/coating,Compatible,83.33,0.6666666666666666,,0,86.6667,,,,True,6
FRU_010,Pineapple,PM007,BOPP,Polymer film,Single polymer/coating,Compatible,83.33,0.6666666666666666,,0,86.6667,,,,True,7
FRU_010,Pineapple,PM009,PET,Polymer film,Single polymer/coating,Compatible,83.33,0.6666666666666666,,0,86.6667,,,,True,8
FRU_010,Pineapple,PM010,BOPET,Polymer film,Single polymer/coating,Compatible,83.33,0.6666666666666666,,0,86.6667,,,,True,9
FRU_010,Pineapple,PM013,PA6 / Nylon-6,Multilayer laminate/structure,Multilayer,Compatible,83.33,0.6666666666666666,,0,86.6667,,,,True,10
FRU_010,Pineapple,PM014,BOPA / Oriented Nylon,Multilayer laminate/structure,Multilayer,Compatible,83.33,0.6666666666666666,,0,86.6667,,,,True,11
FRU_010,Pineapple,PM017,PVC rigid,Polymer film,Single polymer/coating,Compatible,83.33,0.6666666666666666,,0,86.6667,,,,True,12
FRU_010,Pineapple,PM018,PVC plasticized,Polymer film,Single polymer/coating,Compatible,83.33,0.6666666666666666,,0,86.6667,,,,True,13
FRU_010,Pineapple,PM019,PS,Polymer film,Single polymer/coating,Compatible,83.33,0.6666666666666666,,0,86.6667,,,,True,14
FRU_010,Pineapple,PM020,HIPS,Polymer film,Single polymer/coating,Compatible,83.33,0.6666666666666666,,0,86.6667,,,,True,15
FRU_010,Pineapple,PM021,EPS,Polymer film,Single polymer/coating,Compatible,83.33,0.6666666666666666,,0,86.6667,,,,True,16
FRU_010,Pineapple,PM022,PLA,Biodegradable polymer,Polymer film,Compatible,83.33,0.6666666666666666,,0,86.6667,,,,True,17
FRU_010,Pineapple,PM023,PHA,Biodegradable polymer,Polymer film,Compatible,83.33,0.6666666666666666,,0,86.6667,,,,True,18
FRU_010,Pineapple,PM024,Cellulose film,Paper/cellulosic,Paper/film,Compatible,83.33,0.6666666666666666,,0,86.6667,,,,True,19
FRU_010,Pineapple,PM025,Coated cellulose film,Paper/cellulosic,Paper/film,Compatible,83.33,0.6666666666666666,,0,86.6667,,,,True,20
FRU_010,Pineapple,PM026,Kraft paper,Paper/cellulosic,Paper/film,Compatible,83.33,0.6666666666666666,,0,86.6667,,,,True,21
FRU_010,Pineapple,PM027,Coated paper,Paper/cellulosic,Paper/film,Compatible,83.33,0.6666666666666666,,0,86.6667,,,,True,22
FRU_010,Pineapple,PM028,Glassine paper,Paper/cellulosic,Paper/film,Compatible,83.33,0.6666666666666666,,0,86.6667,,,,True,23
FRU_010,Pineapple,PM031,PET/PE laminate,Multilayer laminate/structure,Multilayer,Compatible,83.33,0.6666666666666666,,0,86.6667,,,,True,24
FRU_010,Pineapple,PM033,PET/CPP laminate,Multilayer laminate/structure,Multilayer,Compatible,83.33,0.6666666666666666,,0,86.6667,,,,True,25
FRU_010,Pineapple,PM037,BOPP/CPP laminate,Multilayer laminate/structure,Multilayer,Compatible,83.33,0.6666666666666666,,0,86.6667,,,,True,26
FRU_010,Pineapple,PM038,Micro-perforated PE film,Fresh-produce breathable film,Perforated film,Compatible,83.33,0.6666666666666666,,0,86.6667,,,,True,27
FRU_010,Pineapple,PM039,Micro-perforated PP film,Fresh-produce breathable film,Perforated film,Compatible,83.33,0.6666666666666666,,0,86.6667,,,,True,28
FRU_010,Pineapple,PM040,Breathable cellulose film,Fresh-produce breathable film,Breathable film,Compatible,83.33,0.6666666666666666,,0,86.6667,,,,True,29
FRU_010,Pineapple,PM008,Metallized BOPP,Polymer film,Single polymer/coating,Low_Compatibility,41.67,0.6666666666666666,,0,51.6709,,,,True,30
FRU_010,Pineapple,PM011,Metallized PET,Polymer film,Single polymer/coating,Low_Compatibility,41.67,0.6666666666666666,,0,51.6709,,,,True,31
FRU_010,Pineapple,PM012,PVdC-coated PET,Polymer film,Single polymer/coating,Low_Compatibility,41.67,0.6666666666666666,,0,51.6709,,,,True,32
FRU_010,Pineapple,PM016,PVdC,Polymer film,Single polymer/coating,Low_Compatibility,41.67,0.6666666666666666,,0,51.6709,,,,True,33
FRU_010,Pineapple,PM032,PA/PE laminate,Multilayer laminate/structure,Multilayer,Low_Compatibility,41.67,0.6666666666666666,,0,51.6709,,,,True,34
FRU_010,Pineapple,PM029,Aluminum foil,Metal,Rigid/foil metal,Low_Compatibility,0.0,0.6666666666666666,,0,16.6667,,,,True,35
FRU_010,Pineapple,PM030,Tinplate steel,Metal,Rigid/foil metal,Low_Compatibility,0.0,0.6666666666666666,,0,16.6667,,,,True,36
FRU_010,Pineapple,PM034,PET/Al/PE laminate,Multilayer laminate/structure,Multilayer,Low_Compatibility,0.0,0.6666666666666666,,0,16.6667,,,,True,37
FRU_010,Pineapple,PM035,PET/EVOH/PE laminate,Multilayer laminate/structure,Multilayer,Low_Compatibility,0.0,0.6666666666666666,,0,16.6667,,,,True,38
FRU_010,Pineapple,PM036,PE/PA/EVOH/PE laminate,Multilayer laminate/structure,Multilayer,Low_Compatibility,0.0,0.6666666666666666,,0,16.6667,,,,True,39
FRU_010,Pineapple,PM015,EVOH,Polymer film,Single polymer/coating,Insufficient_Evidence,,0.0,,0,,,,Excluded from recommendation pool because deterministic evidence is insufficient,False,40
FRU_017,Plum,PM001,LDPE,Polymer film,Single polymer/coating,Compatible,83.33,0.6666666666666666,,0,86.6667,,,,True,1
FRU_017,Plum,PM002,LLDPE,Polymer film,Single polymer/coating,Compatible,83.33,0.6666666666666666,,0,86.6667,,,,True,2
FRU_017,Plum,PM003,MDPE,Polymer film,Single polymer/coating,Compatible,83.33,0.6666666666666666,,0,86.6667,,,,True,3
FRU_017,Plum,PM004,HDPE,Polymer film,Single polymer/coating,Compatible,83.33,0.6666666666666666,,0,86.6667,,,,True,4
FRU_017,Plum,PM005,PP,Polymer film,Single polymer/coating,Compatible,83.33,0.6666666666666666,,0,86.6667,,,,True,5
FRU_017,Plum,PM006,CPP,Polymer film,Single polymer/coating,Compatible,83.33,0.6666666666666666,,0,86.6667,,,,True,6
FRU_017,Plum,PM007,BOPP,Polymer film,Single polymer/coating,Compatible,83.33,0.6666666666666666,,0,86.6667,,,,True,7
FRU_017,Plum,PM009,PET,Polymer film,Single polymer/coating,Compatible,83.33,0.6666666666666666,,0,86.6667,,,,True,8
FRU_017,Plum,PM010,BOPET,Polymer film,Single polymer/coating,Compatible,83.33,0.6666666666666666,,0,86.6667,,,,True,9
FRU_017,Plum,PM013,PA6 / Nylon-6,Multilayer laminate/structure,Multilayer,Compatible,83.33,0.6666666666666666,,0,86.6667,,,,True,10
FRU_017,Plum,PM014,BOPA / Oriented Nylon,Multilayer laminate/structure,Multilayer,Compatible,83.33,0.6666666666666666,,0,86.6667,,,,True,11
FRU_017,Plum,PM017,PVC rigid,Polymer film,Single polymer/coating,Compatible,83.33,0.6666666666666666,,0,86.6667,,,,True,12
FRU_017,Plum,PM018,PVC plasticized,Polymer film,Single polymer/coating,Compatible,83.33,0.6666666666666666,,0,86.6667,,,,True,13
FRU_017,Plum,PM019,PS,Polymer film,Single polymer/coating,Compatible,83.33,0.6666666666666666,,0,86.6667,,,,True,14
FRU_017,Plum,PM020,HIPS,Polymer film,Single polymer/coating,Compatible,83.33,0.6666666666666666,,0,86.6667,,,,True,15
FRU_017,Plum,PM021,EPS,Polymer film,Single polymer/coating,Compatible,83.33,0.6666666666666666,,0,86.6667,,,,True,16
FRU_017,Plum,PM022,PLA,Biodegradable polymer,Polymer film,Compatible,83.33,0.6666666666666666,,0,86.6667,,,,True,17
FRU_017,Plum,PM023,PHA,Biodegradable polymer,Polymer film,Compatible,83.33,0.6666666666666666,,0,86.6667,,,,True,18
FRU_017,Plum,PM024,Cellulose film,Paper/cellulosic,Paper/film,Compatible,83.33,0.6666666666666666,,0,86.6667,,,,True,19
FRU_017,Plum,PM025,Coated cellulose film,Paper/cellulosic,Paper/film,Compatible,83.33,0.6666666666666666,,0,86.6667,,,,True,20
FRU_017,Plum,PM026,Kraft paper,Paper/cellulosic,Paper/film,Compatible,83.33,0.6666666666666666,,0,86.6667,,,,True,21
FRU_017,Plum,PM027,Coated paper,Paper/cellulosic,Paper/film,Compatible,83.33,0.6666666666666666,,0,86.6667,,,,True,22
FRU_017,Plum,PM028,Glassine paper,Paper/cellulosic,Paper/film,Compatible,83.33,0.6666666666666666,,0,86.6667,,,,True,23
FRU_017,Plum,PM031,PET/PE laminate,Multilayer laminate/structure,Multilayer,Compatible,83.33,0.6666666666666666,,0,86.6667,,,,True,24
FRU_017,Plum,PM033,PET/CPP laminate,Multilayer laminate/structure,Multilayer,Compatible,83.33,0.6666666666666666,,0,86.6667,,,,True,25
FRU_017,Plum,PM037,BOPP/CPP laminate,Multilayer laminate/structure,Multilayer,Compatible,83.33,0.6666666666666666,,0,86.6667,,,,True,26
FRU_017,Plum,PM038,Micro-perforated PE film,Fresh-produce breathable film,Perforated film,Compatible,83.33,0.6666666666666666,,0,86.6667,,,,True,27
FRU_017,Plum,PM039,Micro-perforated PP film,Fresh-produce breathable film,Perforated film,Compatible,83.33,0.6666666666666666,,0,86.6667,,,,True,28
FRU_017,Plum,PM040,Breathable cellulose film,Fresh-produce breathable film,Breathable film,Compatible,83.33,0.6666666666666666,,0,86.6667,,,,True,29
FRU_017,Plum,PM008,Metallized BOPP,Polymer film,Single polymer/coating,Low_Compatibility,41.67,0.6666666666666666,,0,51.6709,,,,True,30
FRU_017,Plum,PM011,Metallized PET,Polymer film,Single polymer/coating,Low_Compatibility,41.67,0.6666666666666666,,0,51.6709,,,,True,31
FRU_017,Plum,PM012,PVdC-coated PET,Polymer film,Single polymer/coating,Low_Compatibility,41.67,0.6666666666666666,,0,51.6709,,,,True,32
FRU_017,Plum,PM016,PVdC,Polymer film,Single polymer/coating,Low_Compatibility,41.67,0.6666666666666666,,0,51.6709,,,,True,33
FRU_017,Plum,PM032,PA/PE laminate,Multilayer laminate/structure,Multilayer,Low_Compatibility,41.67,0.6666666666666666,,0,51.6709,,,,True,34
FRU_017,Plum,PM029,Aluminum foil,Metal,Rigid/foil metal,Low_Compatibility,0.0,0.6666666666666666,,0,16.6667,,,,True,35
FRU_017,Plum,PM030,Tinplate steel,Metal,Rigid/foil metal,Low_Compatibility,0.0,0.6666666666666666,,0,16.6667,,,,True,36
FRU_017,Plum,PM034,PET/Al/PE laminate,Multilayer laminate/structure,Multilayer,Low_Compatibility,0.0,0.6666666666666666,,0,16.6667,,,,True,37
FRU_017,Plum,PM035,PET/EVOH/PE laminate,Multilayer laminate/structure,Multilayer,Low_Compatibility,0.0,0.6666666666666666,,0,16.6667,,,,True,38
FRU_017,Plum,PM036,PE/PA/EVOH/PE laminate,Multilayer laminate/structure,Multilayer,Low_Compatibility,0.0,0.6666666666666666,,0,16.6667,,,,True,39
FRU_017,Plum,PM015,EVOH,Polymer film,Single polymer/coating,Insufficient_Evidence,,0.0,,0,,,,Excluded from recommendation pool because deterministic evidence is insufficient,False,40
FRU_007,Pomegranate,PM001,LDPE,Polymer film,Single polymer/coating,Conditionally_Compatible,72.22,0.4444444444444445,,0,75.1117,,,,True,1
FRU_007,Pomegranate,PM002,LLDPE,Polymer film,Single polymer/coating,Conditionally_Compatible,72.22,0.4444444444444445,,0,75.1117,,,,True,2
FRU_007,Pomegranate,PM003,MDPE,Polymer film,Single polymer/coating,Conditionally_Compatible,72.22,0.4444444444444445,,0,75.1117,,,,True,3
FRU_007,Pomegranate,PM004,HDPE,Polymer film,Single polymer/coating,Conditionally_Compatible,72.22,0.4444444444444445,,0,75.1117,,,,True,4
FRU_007,Pomegranate,PM005,PP,Polymer film,Single polymer/coating,Conditionally_Compatible,72.22,0.4444444444444445,,0,75.1117,,,,True,5
FRU_007,Pomegranate,PM006,CPP,Polymer film,Single polymer/coating,Conditionally_Compatible,72.22,0.4444444444444445,,0,75.1117,,,,True,6
FRU_007,Pomegranate,PM007,BOPP,Polymer film,Single polymer/coating,Conditionally_Compatible,72.22,0.4444444444444445,,0,75.1117,,,,True,7
FRU_007,Pomegranate,PM008,Metallized BOPP,Polymer film,Single polymer/coating,Conditionally_Compatible,72.22,0.4444444444444445,,0,75.1117,,,,True,8
FRU_007,Pomegranate,PM009,PET,Polymer film,Single polymer/coating,Conditionally_Compatible,72.22,0.4444444444444445,,0,75.1117,,,,True,9
FRU_007,Pomegranate,PM010,BOPET,Polymer film,Single polymer/coating,Conditionally_Compatible,72.22,0.4444444444444445,,0,75.1117,,,,True,10
FRU_007,Pomegranate,PM011,Metallized PET,Polymer film,Single polymer/coating,Conditionally_Compatible,72.22,0.4444444444444445,,0,75.1117,,,,True,11
FRU_007,Pomegranate,PM012,PVdC-coated PET,Polymer film,Single polymer/coating,Conditionally_Compatible,72.22,0.4444444444444445,,0,75.1117,,,,True,12
FRU_007,Pomegranate,PM013,PA6 / Nylon-6,Multilayer laminate/structure,Multilayer,Conditionally_Compatible,72.22,0.4444444444444445,,0,75.1117,,,,True,13
FRU_007,Pomegranate,PM014,BOPA / Oriented Nylon,Multilayer laminate/structure,Multilayer,Conditionally_Compatible,72.22,0.4444444444444445,,0,75.1117,,,,True,14
FRU_007,Pomegranate,PM016,PVdC,Polymer film,Single polymer/coating,Conditionally_Compatible,72.22,0.4444444444444445,,0,75.1117,,,,True,15
FRU_007,Pomegranate,PM017,PVC rigid,Polymer film,Single polymer/coating,Conditionally_Compatible,72.22,0.4444444444444445,,0,75.1117,,,,True,16
FRU_007,Pomegranate,PM018,PVC plasticized,Polymer film,Single polymer/coating,Conditionally_Compatible,72.22,0.4444444444444445,,0,75.1117,,,,True,17
FRU_007,Pomegranate,PM019,PS,Polymer film,Single polymer/coating,Conditionally_Compatible,72.22,0.4444444444444445,,0,75.1117,,,,True,18
FRU_007,Pomegranate,PM020,HIPS,Polymer film,Single polymer/coating,Conditionally_Compatible,72.22,0.4444444444444445,,0,75.1117,,,,True,19
FRU_007,Pomegranate,PM021,EPS,Polymer film,Single polymer/coating,Conditionally_Compatible,72.22,0.4444444444444445,,0,75.1117,,,,True,20
FRU_007,Pomegranate,PM022,PLA,Biodegradable polymer,Polymer film,Conditionally_Compatible,72.22,0.4444444444444445,,0,75.1117,,,,True,21
FRU_007,Pomegranate,PM023,PHA,Biodegradable polymer,Polymer film,Conditionally_Compatible,72.22,0.4444444444444445,,0,75.1117,,,,True,22
FRU_007,Pomegranate,PM024,Cellulose film,Paper/cellulosic,Paper/film,Conditionally_Compatible,72.22,0.4444444444444445,,0,75.1117,,,,True,23
FRU_007,Pomegranate,PM025,Coated cellulose film,Paper/cellulosic,Paper/film,Conditionally_Compatible,72.22,0.4444444444444445,,0,75.1117,,,,True,24
FRU_007,Pomegranate,PM026,Kraft paper,Paper/cellulosic,Paper/film,Conditionally_Compatible,72.22,0.4444444444444445,,0,75.1117,,,,True,25
FRU_007,Pomegranate,PM027,Coated paper,Paper/cellulosic,Paper/film,Conditionally_Compatible,72.22,0.4444444444444445,,0,75.1117,,,,True,26
FRU_007,Pomegranate,PM028,Glassine paper,Paper/cellulosic,Paper/film,Conditionally_Compatible,72.22,0.4444444444444445,,0,75.1117,,,,True,27
FRU_007,Pomegranate,PM031,PET/PE laminate,Multilayer laminate/structure,Multilayer,Conditionally_Compatible,72.22,0.4444444444444445,,0,75.1117,,,,True,28
FRU_007,Pomegranate,PM032,PA/PE laminate,Multilayer laminate/structure,Multilayer,Conditionally_Compatible,72.22,0.4444444444444445,,0,75.1117,,,,True,29
FRU_007,Pomegranate,PM033,PET/CPP laminate,Multilayer laminate/structure,Multilayer,Conditionally_Compatible,72.22,0.4444444444444445,,0,75.1117,,,,True,30
FRU_007,Pomegranate,PM037,BOPP/CPP laminate,Multilayer laminate/structure,Multilayer,Conditionally_Compatible,72.22,0.4444444444444445,,0,75.1117,,,,True,31
FRU_007,Pomegranate,PM038,Micro-perforated PE film,Fresh-produce breathable film,Perforated film,Conditionally_Compatible,72.22,0.4444444444444445,,0,75.1117,,,,True,32
FRU_007,Pomegranate,PM039,Micro-perforated PP film,Fresh-produce breathable film,Perforated film,Conditionally_Compatible,72.22,0.4444444444444445,,0,75.1117,,,,True,33
FRU_007,Pomegranate,PM040,Breathable cellulose film,Fresh-produce breathable film,Breathable film,Conditionally_Compatible,72.22,0.4444444444444445,,0,75.1117,,,,True,34
FRU_007,Pomegranate,PM029,Aluminum foil,Metal,Rigid/foil metal,Low_Compatibility,36.11,0.4444444444444445,,0,44.7781,,,,True,35
FRU_007,Pomegranate,PM030,Tinplate steel,Metal,Rigid/foil metal,Low_Compatibility,36.11,0.4444444444444445,,0,44.7781,,,,True,36
FRU_007,Pomegranate,PM034,PET/Al/PE laminate,Multilayer laminate/structure,Multilayer,Low_Compatibility,36.11,0.4444444444444445,,0,44.7781,,,,True,37
FRU_007,Pomegranate,PM035,PET/EVOH/PE laminate,Multilayer laminate/structure,Multilayer,Low_Compatibility,36.11,0.4444444444444445,,0,44.7781,,,,True,38
FRU_007,Pomegranate,PM036,PE/PA/EVOH/PE laminate,Multilayer laminate/structure,Multilayer,Low_Compatibility,36.11,0.4444444444444445,,0,44.7781,,,,True,39
FRU_007,Pomegranate,PM015,EVOH,Polymer film,Single polymer/coating,Insufficient_Evidence,,0.0,,0,,,,Excluded from recommendation pool because deterministic evidence is insufficient,False,40
PREP_004,Pongal,PM002,LLDPE,Polymer film,Single polymer/coating,Conditionally_Compatible,70.0,0.4000000000000001,,0,72.8024,,,,True,1
PREP_004,Pongal,PM003,MDPE,Polymer film,Single polymer/coating,Conditionally_Compatible,70.0,0.4000000000000001,,0,72.8024,,,,True,2
PREP_004,Pongal,PM004,HDPE,Polymer film,Single polymer/coating,Conditionally_Compatible,70.0,0.4000000000000001,,0,72.8024,,,,True,3
PREP_004,Pongal,PM005,PP,Polymer film,Single polymer/coating,Conditionally_Compatible,70.0,0.4000000000000001,,0,72.8024,,,,True,4
PREP_004,Pongal,PM006,CPP,Polymer film,Single polymer/coating,Conditionally_Compatible,70.0,0.4000000000000001,,0,72.8024,,,,True,5
PREP_004,Pongal,PM031,PET/PE laminate,Multilayer laminate/structure,Multilayer,Conditionally_Compatible,70.0,0.4000000000000001,,0,72.8024,,,,True,6
PREP_004,Pongal,PM033,PET/CPP laminate,Multilayer laminate/structure,Multilayer,Conditionally_Compatible,70.0,0.4000000000000001,,0,72.8024,,,,True,7
PREP_004,Pongal,PM037,BOPP/CPP laminate,Multilayer laminate/structure,Multilayer,Conditionally_Compatible,70.0,0.4000000000000001,,0,72.8024,,,,True,8
PREP_004,Pongal,PM039,Micro-perforated PP film,Fresh-produce breathable film,Perforated film,Conditionally_Compatible,70.0,0.4000000000000001,,0,72.8024,,,,True,9
PREP_004,Pongal,PM001,LDPE,Polymer film,Single polymer/coating,Conditionally_Compatible,61.25,0.4000000000000001,,0,65.4521,,,,True,10
PREP_004,Pongal,PM025,Coated cellulose film,Paper/cellulosic,Paper/film,Conditionally_Compatible,61.25,0.4000000000000001,,0,65.4521,,,,True,11
PREP_004,Pongal,PM032,PA/PE laminate,Multilayer laminate/structure,Multilayer,Conditionally_Compatible,61.25,0.4000000000000001,,0,65.4521,,,,True,12
PREP_004,Pongal,PM038,Micro-perforated PE film,Fresh-produce breathable film,Perforated film,Conditionally_Compatible,61.25,0.4000000000000001,,0,65.4521,,,,True,13
PREP_004,Pongal,PM018,PVC plasticized,Polymer film,Single polymer/coating,Conditionally_Compatible,54.16,0.3000000000000001,,0,58.4962,,,,True,14
PREP_004,Pongal,PM007,BOPP,Polymer film,Single polymer/coating,Low_Compatibility,52.5,0.4000000000000001,,0,58.1018,,,,True,15
PREP_004,Pongal,PM009,PET,Polymer film,Single polymer/coating,Low_Compatibility,52.5,0.4000000000000001,,0,58.1018,,,,True,16
PREP_004,Pongal,PM010,BOPET,Polymer film,Single polymer/coating,Low_Compatibility,52.5,0.4000000000000001,,0,58.1018,,,,True,17
PREP_004,Pongal,PM013,PA6 / Nylon-6,Multilayer laminate/structure,Multilayer,Low_Compatibility,52.5,0.4000000000000001,,0,58.1018,,,,True,18
PREP_004,Pongal,PM014,BOPA / Oriented Nylon,Multilayer laminate/structure,Multilayer,Low_Compatibility,52.5,0.4000000000000001,,0,58.1018,,,,True,19
PREP_004,Pongal,PM016,PVdC,Polymer film,Single polymer/coating,Conditionally_Compatible,52.5,0.4000000000000001,,0,58.1018,,,,True,20
PREP_004,Pongal,PM017,PVC rigid,Polymer film,Single polymer/coating,Conditionally_Compatible,52.5,0.4000000000000001,,0,58.1018,,,,True,21
PREP_004,Pongal,PM020,HIPS,Polymer film,Single polymer/coating,Conditionally_Compatible,52.5,0.4000000000000001,,0,58.1018,,,,True,22
PREP_004,Pongal,PM022,PLA,Biodegradable polymer,Polymer film,Conditionally_Compatible,52.5,0.4000000000000001,,0,58.1018,,,,True,23
PREP_004,Pongal,PM023,PHA,Biodegradable polymer,Polymer film,Conditionally_Compatible,52.5,0.4000000000000001,,0,58.1018,,,,True,24
PREP_004,Pongal,PM034,PET/Al/PE laminate,Multilayer laminate/structure,Multilayer,Conditionally_Compatible,52.5,0.4000000000000001,,0,58.1018,,,,True,25
PREP_004,Pongal,PM035,PET/EVOH/PE laminate,Multilayer laminate/structure,Multilayer,Conditionally_Compatible,52.5,0.4000000000000001,,0,58.1018,,,,True,26
PREP_004,Pongal,PM008,Metallized BOPP,Polymer film,Single polymer/coating,Low_Compatibility,43.75,0.4000000000000001,,0,50.7515,,,,True,27
PREP_004,Pongal,PM011,Metallized PET,Polymer film,Single polymer/coating,Low_Compatibility,43.75,0.4000000000000001,,0,50.7515,,,,True,28
PREP_004,Pongal,PM012,PVdC-coated PET,Polymer film,Single polymer/coating,Low_Compatibility,43.75,0.4000000000000001,,0,50.7515,,,,True,29
PREP_004,Pongal,PM015,EVOH,Polymer film,Single polymer/coating,Low_Compatibility,43.75,0.4000000000000001,,0,50.7515,,,,True,30
PREP_004,Pongal,PM019,PS,Polymer film,Single polymer/coating,Low_Compatibility,43.75,0.4000000000000001,,0,50.7515,,,,True,31
PREP_004,Pongal,PM027,Coated paper,Paper/cellulosic,Paper/film,Low_Compatibility,43.75,0.4000000000000001,,0,50.7515,,,,True,32
PREP_004,Pongal,PM036,PE/PA/EVOH/PE laminate,Multilayer laminate/structure,Multilayer,Low_Compatibility,43.34,0.3000000000000001,,0,49.4071,,,,True,33
PREP_004,Pongal,PM026,Kraft paper,Paper/cellulosic,Paper/film,Low_Compatibility,35.0,0.4000000000000001,,0,43.4012,,,,True,34
PREP_004,Pongal,PM028,Glassine paper,Paper/cellulosic,Paper/film,Low_Compatibility,35.0,0.4000000000000001,,0,43.4012,,,,True,35
PREP_004,Pongal,PM029,Aluminum foil,Metal,Rigid/foil metal,Low_Compatibility,35.0,0.4000000000000001,,0,43.4012,,,,True,36
PREP_004,Pongal,PM024,Cellulose film,Paper/cellulosic,Paper/film,Low_Compatibility,32.5,0.3000000000000001,,0,40.3011,,,,True,37
PREP_004,Pongal,PM040,Breathable cellulose film,Fresh-produce breathable film,Breathable film,Low_Compatibility,32.5,0.3000000000000001,,0,40.3011,,,,True,38
PREP_004,Pongal,PM030,Tinplate steel,Metal,Rigid/foil metal,Low_Compatibility,21.66,0.3000000000000001,,0,31.1951,,,,True,39
PREP_004,Pongal,PM021,EPS,Polymer film,Single polymer/coating,Low_Compatibility,17.5,0.4000000000000001,,0,28.7006,,,,True,40
PREP_005,Poori,PM001,LDPE,Polymer film,Single polymer/coating,Conditionally_Compatible,70.0,0.4000000000000001,,0,72.8024,,,,True,1
PREP_005,Poori,PM002,LLDPE,Polymer film,Single polymer/coating,Conditionally_Compatible,70.0,0.4000000000000001,,0,72.8024,,,,True,2
PREP_005,Poori,PM003,MDPE,Polymer film,Single polymer/coating,Conditionally_Compatible,70.0,0.4000000000000001,,0,72.8024,,,,True,3
PREP_005,Poori,PM004,HDPE,Polymer film,Single polymer/coating,Conditionally_Compatible,70.0,0.4000000000000001,,0,72.8024,,,,True,4
PREP_005,Poori,PM005,PP,Polymer film,Single polymer/coating,Conditionally_Compatible,70.0,0.4000000000000001,,0,72.8024,,,,True,5
PREP_005,Poori,PM006,CPP,Polymer film,Single polymer/coating,Conditionally_Compatible,70.0,0.4000000000000001,,0,72.8024,,,,True,6
PREP_005,Poori,PM016,PVdC,Polymer film,Single polymer/coating,Conditionally_Compatible,70.0,0.4000000000000001,,0,72.8024,,,,True,7
PREP_005,Poori,PM025,Coated cellulose film,Paper/cellulosic,Paper/film,Conditionally_Compatible,70.0,0.4000000000000001,,0,72.8024,,,,True,8
PREP_005,Poori,PM031,PET/PE laminate,Multilayer laminate/structure,Multilayer,Conditionally_Compatible,70.0,0.4000000000000001,,0,72.8024,,,,True,9
PREP_005,Poori,PM032,PA/PE laminate,Multilayer laminate/structure,Multilayer,Conditionally_Compatible,70.0,0.4000000000000001,,0,72.8024,,,,True,10
PREP_005,Poori,PM033,PET/CPP laminate,Multilayer laminate/structure,Multilayer,Conditionally_Compatible,70.0,0.4000000000000001,,0,72.8024,,,,True,11
PREP_005,Poori,PM037,BOPP/CPP laminate,Multilayer laminate/structure,Multilayer,Conditionally_Compatible,70.0,0.4000000000000001,,0,72.8024,,,,True,12
PREP_005,Poori,PM038,Micro-perforated PE film,Fresh-produce breathable film,Perforated film,Conditionally_Compatible,70.0,0.4000000000000001,,0,72.8024,,,,True,13
PREP_005,Poori,PM039,Micro-perforated PP film,Fresh-produce breathable film,Perforated film,Conditionally_Compatible,70.0,0.4000000000000001,,0,72.8024,,,,True,14
PREP_005,Poori,PM017,PVC rigid,Polymer film,Single polymer/coating,Conditionally_Compatible,61.25,0.4000000000000001,,0,65.4521,,,,True,15
PREP_005,Poori,PM020,HIPS,Polymer film,Single polymer/coating,Conditionally_Compatible,61.25,0.4000000000000001,,0,65.4521,,,,True,16
PREP_005,Poori,PM022,PLA,Biodegradable polymer,Polymer film,Conditionally_Compatible,61.25,0.4000000000000001,,0,65.4521,,,,True,17
PREP_005,Poori,PM023,PHA,Biodegradable polymer,Polymer film,Conditionally_Compatible,61.25,0.4000000000000001,,0,65.4521,,,,True,18
PREP_005,Poori,PM034,PET/Al/PE laminate,Multilayer laminate/structure,Multilayer,Conditionally_Compatible,61.25,0.4000000000000001,,0,65.4521,,,,True,19
PREP_005,Poori,PM035,PET/EVOH/PE laminate,Multilayer laminate/structure,Multilayer,Conditionally_Compatible,61.25,0.4000000000000001,,0,65.4521,,,,True,20
PREP_005,Poori,PM018,PVC plasticized,Polymer film,Single polymer/coating,Conditionally_Compatible,54.16,0.3000000000000001,,0,58.4962,,,,True,21
PREP_005,Poori,PM036,PE/PA/EVOH/PE laminate,Multilayer laminate/structure,Multilayer,Conditionally_Compatible,54.16,0.3000000000000001,,0,58.4962,,,,True,22
PREP_005,Poori,PM007,BOPP,Polymer film,Single polymer/coating,Low_Compatibility,52.5,0.4000000000000001,,0,58.1018,,,,True,23
PREP_005,Poori,PM008,Metallized BOPP,Polymer film,Single polymer/coating,Low_Compatibility,52.5,0.4000000000000001,,0,58.1018,,,,True,24
PREP_005,Poori,PM009,PET,Polymer film,Single polymer/coating,Low_Compatibility,52.5,0.4000000000000001,,0,58.1018,,,,True,25
PREP_005,Poori,PM010,BOPET,Polymer film,Single polymer/coating,Low_Compatibility,52.5,0.4000000000000001,,0,58.1018,,,,True,26
PREP_005,Poori,PM011,Metallized PET,Polymer film,Single polymer/coating,Low_Compatibility,52.5,0.4000000000000001,,0,58.1018,,,,True,27
PREP_005,Poori,PM012,PVdC-coated PET,Polymer film,Single polymer/coating,Low_Compatibility,52.5,0.4000000000000001,,0,58.1018,,,,True,28
PREP_005,Poori,PM013,PA6 / Nylon-6,Multilayer laminate/structure,Multilayer,Low_Compatibility,52.5,0.4000000000000001,,0,58.1018,,,,True,29
PREP_005,Poori,PM014,BOPA / Oriented Nylon,Multilayer laminate/structure,Multilayer,Low_Compatibility,52.5,0.4000000000000001,,0,58.1018,,,,True,30
PREP_005,Poori,PM015,EVOH,Polymer film,Single polymer/coating,Low_Compatibility,52.5,0.4000000000000001,,0,58.1018,,,,True,31
PREP_005,Poori,PM019,PS,Polymer film,Single polymer/coating,Conditionally_Compatible,52.5,0.4000000000000001,,0,58.1018,,,,True,32
PREP_005,Poori,PM027,Coated paper,Paper/cellulosic,Paper/film,Low_Compatibility,43.75,0.4000000000000001,,0,50.7515,,,,True,33
PREP_005,Poori,PM028,Glassine paper,Paper/cellulosic,Paper/film,Low_Compatibility,43.75,0.4000000000000001,,0,50.7515,,,,True,34
PREP_005,Poori,PM029,Aluminum foil,Metal,Rigid/foil metal,Low_Compatibility,43.75,0.4000000000000001,,0,50.7515,,,,True,35
PREP_005,Poori,PM026,Kraft paper,Paper/cellulosic,Paper/film,Low_Compatibility,35.0,0.4000000000000001,,0,43.4012,,,,True,36
PREP_005,Poori,PM024,Cellulose film,Paper/cellulosic,Paper/film,Low_Compatibility,32.5,0.3000000000000001,,0,40.3011,,,,True,37
PREP_005,Poori,PM030,Tinplate steel,Metal,Rigid/foil metal,Low_Compatibility,32.5,0.3000000000000001,,0,40.3011,,,,True,38
PREP_005,Poori,PM040,Breathable cellulose film,Fresh-produce breathable film,Breathable film,Low_Compatibility,32.5,0.3000000000000001,,0,40.3011,,,,True,39
PREP_005,Poori,PM021,EPS,Polymer film,Single polymer/coating,Low_Compatibility,26.25,0.4000000000000001,,0,36.0509,,,,True,40
MEAT_006,Pork,PM002,LLDPE,Polymer film,Single polymer/coating,Conditionally_Compatible,72.22,0.4444444444444445,,0,75.1117,,,,True,1
MEAT_006,Pork,PM003,MDPE,Polymer film,Single polymer/coating,Conditionally_Compatible,72.22,0.4444444444444445,,0,75.1117,,,,True,2
MEAT_006,Pork,PM006,CPP,Polymer film,Single polymer/coating,Conditionally_Compatible,72.22,0.4444444444444445,,0,75.1117,,,,True,3
MEAT_006,Pork,PM031,PET/PE laminate,Multilayer laminate/structure,Multilayer,Conditionally_Compatible,72.22,0.4444444444444445,,0,75.1117,,,,True,4
MEAT_006,Pork,PM032,PA/PE laminate,Multilayer laminate/structure,Multilayer,Conditionally_Compatible,72.22,0.4444444444444445,,0,75.1117,,,,True,5
MEAT_006,Pork,PM033,PET/CPP laminate,Multilayer laminate/structure,Multilayer,Conditionally_Compatible,72.22,0.4444444444444445,,0,75.1117,,,,True,6
MEAT_006,Pork,PM037,BOPP/CPP laminate,Multilayer laminate/structure,Multilayer,Conditionally_Compatible,72.22,0.4444444444444445,,0,75.1117,,,,True,7
MEAT_006,Pork,PM039,Micro-perforated PP film,Fresh-produce breathable film,Perforated film,Conditionally_Compatible,72.22,0.4444444444444445,,0,75.1117,,,,True,8
MEAT_006,Pork,PM001,LDPE,Polymer film,Single polymer/coating,Conditionally_Compatible,63.19,0.4444444444444445,,0,67.5262,,,,True,9
MEAT_006,Pork,PM004,HDPE,Polymer film,Single polymer/coating,Conditionally_Compatible,63.19,0.4444444444444445,,0,67.5262,,,,True,10
MEAT_006,Pork,PM005,PP,Polymer film,Single polymer/coating,Conditionally_Compatible,63.19,0.4444444444444445,,0,67.5262,,,,True,11
MEAT_006,Pork,PM034,PET/Al/PE laminate,Multilayer laminate/structure,Multilayer,Conditionally_Compatible,63.19,0.4444444444444445,,0,67.5262,,,,True,12
MEAT_006,Pork,PM035,PET/EVOH/PE laminate,Multilayer laminate/structure,Multilayer,Conditionally_Compatible,63.19,0.4444444444444445,,0,67.5262,,,,True,13
MEAT_006,Pork,PM038,Micro-perforated PE film,Fresh-produce breathable film,Perforated film,Conditionally_Compatible,63.19,0.4444444444444445,,0,67.5262,,,,True,14
MEAT_006,Pork,PM036,PE/PA/EVOH/PE laminate,Multilayer laminate/structure,Multilayer,Conditionally_Compatible,55.55,0.3333333333333334,,0,59.9972,,,,True,15
MEAT_006,Pork,PM007,BOPP,Polymer film,Single polymer/coating,Low_Compatibility,54.17,0.4444444444444445,,0,59.9491,,,,True,16
MEAT_006,Pork,PM008,Metallized BOPP,Polymer film,Single polymer/coating,Low_Compatibility,54.17,0.4444444444444445,,0,59.9491,,,,True,17
MEAT_006,Pork,PM009,PET,Polymer film,Single polymer/coating,Low_Compatibility,54.17,0.4444444444444445,,0,59.9491,,,,True,18
MEAT_006,Pork,PM010,BOPET,Polymer film,Single polymer/coating,Low_Compatibility,54.17,0.4444444444444445,,0,59.9491,,,,True,19
MEAT_006,Pork,PM011,Metallized PET,Polymer film,Single polymer/coating,Low_Compatibility,54.17,0.4444444444444445,,0,59.9491,,,,True,20
MEAT_006,Pork,PM012,PVdC-coated PET,Polymer film,Single polymer/coating,Low_Compatibility,54.17,0.4444444444444445,,0,59.9491,,,,True,21
MEAT_006,Pork,PM013,PA6 / Nylon-6,Multilayer laminate/structure,Multilayer,Low_Compatibility,54.17,0.4444444444444445,,0,59.9491,,,,True,22
MEAT_006,Pork,PM014,BOPA / Oriented Nylon,Multilayer laminate/structure,Multilayer,Low_Compatibility,54.17,0.4444444444444445,,0,59.9491,,,,True,23
MEAT_006,Pork,PM016,PVdC,Polymer film,Single polymer/coating,Conditionally_Compatible,54.17,0.4444444444444445,,0,59.9491,,,,True,24
MEAT_006,Pork,PM025,Coated cellulose film,Paper/cellulosic,Paper/film,Conditionally_Compatible,54.17,0.4444444444444445,,0,59.9491,,,,True,25
MEAT_006,Pork,PM015,EVOH,Polymer film,Single polymer/coating,Low_Compatibility,45.14,0.4444444444444445,,0,52.3636,,,,True,26
MEAT_006,Pork,PM017,PVC rigid,Polymer film,Single polymer/coating,Low_Compatibility,45.14,0.4444444444444445,,0,52.3636,,,,True,27
MEAT_006,Pork,PM020,HIPS,Polymer film,Single polymer/coating,Low_Compatibility,45.14,0.4444444444444445,,0,52.3636,,,,True,28
MEAT_006,Pork,PM022,PLA,Biodegradable polymer,Polymer film,Low_Compatibility,45.14,0.4444444444444445,,0,52.3636,,,,True,29
MEAT_006,Pork,PM023,PHA,Biodegradable polymer,Polymer film,Low_Compatibility,45.14,0.4444444444444445,,0,52.3636,,,,True,30
MEAT_006,Pork,PM027,Coated paper,Paper/cellulosic,Paper/film,Low_Compatibility,45.14,0.4444444444444445,,0,52.3636,,,,True,31
MEAT_006,Pork,PM029,Aluminum foil,Metal,Rigid/foil metal,Low_Compatibility,45.14,0.4444444444444445,,0,52.3636,,,,True,32
MEAT_006,Pork,PM018,PVC plasticized,Polymer film,Single polymer/coating,Low_Compatibility,44.45,0.3333333333333334,,0,50.6728,,,,True,33
MEAT_006,Pork,PM019,PS,Polymer film,Single polymer/coating,Low_Compatibility,36.11,0.4444444444444445,,0,44.7781,,,,True,34
MEAT_006,Pork,PM026,Kraft paper,Paper/cellulosic,Paper/film,Low_Compatibility,36.11,0.4444444444444445,,0,44.7781,,,,True,35
MEAT_006,Pork,PM028,Glassine paper,Paper/cellulosic,Paper/film,Low_Compatibility,36.11,0.4444444444444445,,0,44.7781,,,,True,36
MEAT_006,Pork,PM024,Cellulose film,Paper/cellulosic,Paper/film,Low_Compatibility,33.33,0.3333333333333334,,0,41.3317,,,,True,37
MEAT_006,Pork,PM030,Tinplate steel,Metal,Rigid/foil metal,Low_Compatibility,33.33,0.3333333333333334,,0,41.3317,,,,True,38
MEAT_006,Pork,PM040,Breathable cellulose film,Fresh-produce breathable film,Breathable film,Low_Compatibility,33.33,0.3333333333333334,,0,41.3317,,,,True,39
MEAT_006,Pork,PM021,EPS,Polymer film,Single polymer/coating,Low_Compatibility,18.06,0.4444444444444445,,0,29.6155,,,,True,40
VEG_002,Potato,PM001,LDPE,Polymer film,Single polymer/coating,Conditionally_Compatible,68.18,0.3636363636363636,,0,70.9099,,,,True,1
VEG_002,Potato,PM002,LLDPE,Polymer film,Single polymer/coating,Conditionally_Compatible,68.18,0.3636363636363636,,0,70.9099,,,,True,2
VEG_002,Potato,PM003,MDPE,Polymer film,Single polymer/coating,Conditionally_Compatible,68.18,0.3636363636363636,,0,70.9099,,,,True,3
VEG_002,Potato,PM004,HDPE,Polymer film,Single polymer/coating,Conditionally_Compatible,68.18,0.3636363636363636,,0,70.9099,,,,True,4
VEG_002,Potato,PM005,PP,Polymer film,Single polymer/coating,Conditionally_Compatible,68.18,0.3636363636363636,,0,70.9099,,,,True,5
VEG_002,Potato,PM006,CPP,Polymer film,Single polymer/coating,Conditionally_Compatible,68.18,0.3636363636363636,,0,70.9099,,,,True,6
VEG_002,Potato,PM007,BOPP,Polymer film,Single polymer/coating,Conditionally_Compatible,68.18,0.3636363636363636,,0,70.9099,,,,True,7
VEG_002,Potato,PM009,PET,Polymer film,Single polymer/coating,Conditionally_Compatible,68.18,0.3636363636363636,,0,70.9099,,,,True,8
VEG_002,Potato,PM010,BOPET,Polymer film,Single polymer/coating,Conditionally_Compatible,68.18,0.3636363636363636,,0,70.9099,,,,True,9
VEG_002,Potato,PM013,PA6 / Nylon-6,Multilayer laminate/structure,Multilayer,Conditionally_Compatible,68.18,0.3636363636363636,,0,70.9099,,,,True,10
VEG_002,Potato,PM014,BOPA / Oriented Nylon,Multilayer laminate/structure,Multilayer,Conditionally_Compatible,68.18,0.3636363636363636,,0,70.9099,,,,True,11
VEG_002,Potato,PM017,PVC rigid,Polymer film,Single polymer/coating,Conditionally_Compatible,68.18,0.3636363636363636,,0,70.9099,,,,True,12
VEG_002,Potato,PM018,PVC plasticized,Polymer film,Single polymer/coating,Conditionally_Compatible,68.18,0.3636363636363636,,0,70.9099,,,,True,13
VEG_002,Potato,PM019,PS,Polymer film,Single polymer/coating,Conditionally_Compatible,68.18,0.3636363636363636,,0,70.9099,,,,True,14
VEG_002,Potato,PM020,HIPS,Polymer film,Single polymer/coating,Conditionally_Compatible,68.18,0.3636363636363636,,0,70.9099,,,,True,15
VEG_002,Potato,PM021,EPS,Polymer film,Single polymer/coating,Conditionally_Compatible,68.18,0.3636363636363636,,0,70.9099,,,,True,16
VEG_002,Potato,PM022,PLA,Biodegradable polymer,Polymer film,Conditionally_Compatible,68.18,0.3636363636363636,,0,70.9099,,,,True,17
VEG_002,Potato,PM023,PHA,Biodegradable polymer,Polymer film,Conditionally_Compatible,68.18,0.3636363636363636,,0,70.9099,,,,True,18
VEG_002,Potato,PM024,Cellulose film,Paper/cellulosic,Paper/film,Conditionally_Compatible,68.18,0.3636363636363636,,0,70.9099,,,,True,19
VEG_002,Potato,PM025,Coated cellulose film,Paper/cellulosic,Paper/film,Conditionally_Compatible,68.18,0.3636363636363636,,0,70.9099,,,,True,20
VEG_002,Potato,PM026,Kraft paper,Paper/cellulosic,Paper/film,Conditionally_Compatible,68.18,0.3636363636363636,,0,70.9099,,,,True,21
VEG_002,Potato,PM027,Coated paper,Paper/cellulosic,Paper/film,Conditionally_Compatible,68.18,0.3636363636363636,,0,70.9099,,,,True,22
VEG_002,Potato,PM028,Glassine paper,Paper/cellulosic,Paper/film,Conditionally_Compatible,68.18,0.3636363636363636,,0,70.9099,,,,True,23
VEG_002,Potato,PM031,PET/PE laminate,Multilayer laminate/structure,Multilayer,Conditionally_Compatible,68.18,0.3636363636363636,,0,70.9099,,,,True,24
VEG_002,Potato,PM033,PET/CPP laminate,Multilayer laminate/structure,Multilayer,Conditionally_Compatible,68.18,0.3636363636363636,,0,70.9099,,,,True,25
VEG_002,Potato,PM037,BOPP/CPP laminate,Multilayer laminate/structure,Multilayer,Conditionally_Compatible,68.18,0.3636363636363636,,0,70.9099,,,,True,26
VEG_002,Potato,PM038,Micro-perforated PE film,Fresh-produce breathable film,Perforated film,Conditionally_Compatible,68.18,0.3636363636363636,,0,70.9099,,,,True,27
VEG_002,Potato,PM039,Micro-perforated PP film,Fresh-produce breathable film,Perforated film,Conditionally_Compatible,68.18,0.3636363636363636,,0,70.9099,,,,True,28
VEG_002,Potato,PM040,Breathable cellulose film,Fresh-produce breathable film,Breathable film,Conditionally_Compatible,68.18,0.3636363636363636,,0,70.9099,,,,True,29
VEG_002,Potato,PM008,Metallized BOPP,Polymer film,Single polymer/coating,Low_Compatibility,34.09,0.3636363636363636,,0,42.2731,,,,True,30
VEG_002,Potato,PM011,Metallized PET,Polymer film,Single polymer/coating,Low_Compatibility,34.09,0.3636363636363636,,0,42.2731,,,,True,31
VEG_002,Potato,PM012,PVdC-coated PET,Polymer film,Single polymer/coating,Low_Compatibility,34.09,0.3636363636363636,,0,42.2731,,,,True,32
VEG_002,Potato,PM016,PVdC,Polymer film,Single polymer/coating,Low_Compatibility,34.09,0.3636363636363636,,0,42.2731,,,,True,33
VEG_002,Potato,PM032,PA/PE laminate,Multilayer laminate/structure,Multilayer,Low_Compatibility,34.09,0.3636363636363636,,0,42.2731,,,,True,34
VEG_002,Potato,PM029,Aluminum foil,Metal,Rigid/foil metal,Low_Compatibility,0.0,0.3636363636363636,,0,13.6364,,,,True,35
VEG_002,Potato,PM030,Tinplate steel,Metal,Rigid/foil metal,Low_Compatibility,0.0,0.3636363636363636,,0,13.6364,,,,True,36
VEG_002,Potato,PM034,PET/Al/PE laminate,Multilayer laminate/structure,Multilayer,Low_Compatibility,0.0,0.3636363636363636,,0,13.6364,,,,True,37
VEG_002,Potato,PM035,PET/EVOH/PE laminate,Multilayer laminate/structure,Multilayer,Low_Compatibility,0.0,0.3636363636363636,,0,13.6364,,,,True,38
VEG_002,Potato,PM036,PE/PA/EVOH/PE laminate,Multilayer laminate/structure,Multilayer,Low_Compatibility,0.0,0.3636363636363636,,0,13.6364,,,,True,39
VEG_002,Potato,PM015,EVOH,Polymer film,Single polymer/coating,Insufficient_Evidence,,0.0,,0,,,,Excluded from recommendation pool because deterministic evidence is insufficient,False,40
SEA_006,Prawns / shrimp,PM002,LLDPE,Polymer film,Single polymer/coating,Conditionally_Compatible,72.22,0.4444444444444445,,0,75.1117,,,,True,1
SEA_006,Prawns / shrimp,PM003,MDPE,Polymer film,Single polymer/coating,Conditionally_Compatible,72.22,0.4444444444444445,,0,75.1117,,,,True,2
SEA_006,Prawns / shrimp,PM006,CPP,Polymer film,Single polymer/coating,Conditionally_Compatible,72.22,0.4444444444444445,,0,75.1117,,,,True,3
SEA_006,Prawns / shrimp,PM031,PET/PE laminate,Multilayer laminate/structure,Multilayer,Conditionally_Compatible,72.22,0.4444444444444445,,0,75.1117,,,,True,4
SEA_006,Prawns / shrimp,PM032,PA/PE laminate,Multilayer laminate/structure,Multilayer,Conditionally_Compatible,72.22,0.4444444444444445,,0,75.1117,,,,True,5
SEA_006,Prawns / shrimp,PM033,PET/CPP laminate,Multilayer laminate/structure,Multilayer,Conditionally_Compatible,72.22,0.4444444444444445,,0,75.1117,,,,True,6
SEA_006,Prawns / shrimp,PM037,BOPP/CPP laminate,Multilayer laminate/structure,Multilayer,Conditionally_Compatible,72.22,0.4444444444444445,,0,75.1117,,,,True,7
SEA_006,Prawns / shrimp,PM039,Micro-perforated PP film,Fresh-produce breathable film,Perforated film,Conditionally_Compatible,72.22,0.4444444444444445,,0,75.1117,,,,True,8
SEA_006,Prawns / shrimp,PM001,LDPE,Polymer film,Single polymer/coating,Conditionally_Compatible,63.19,0.4444444444444445,,0,67.5262,,,,True,9
SEA_006,Prawns / shrimp,PM004,HDPE,Polymer film,Single polymer/coating,Conditionally_Compatible,63.19,0.4444444444444445,,0,67.5262,,,,True,10
SEA_006,Prawns / shrimp,PM005,PP,Polymer film,Single polymer/coating,Conditionally_Compatible,63.19,0.4444444444444445,,0,67.5262,,,,True,11
SEA_006,Prawns / shrimp,PM034,PET/Al/PE laminate,Multilayer laminate/structure,Multilayer,Conditionally_Compatible,63.19,0.4444444444444445,,0,67.5262,,,,True,12
SEA_006,Prawns / shrimp,PM035,PET/EVOH/PE laminate,Multilayer laminate/structure,Multilayer,Conditionally_Compatible,63.19,0.4444444444444445,,0,67.5262,,,,True,13
SEA_006,Prawns / shrimp,PM038,Micro-perforated PE film,Fresh-produce breathable film,Perforated film,Conditionally_Compatible,63.19,0.4444444444444445,,0,67.5262,,,,True,14
SEA_006,Prawns / shrimp,PM036,PE/PA/EVOH/PE laminate,Multilayer laminate/structure,Multilayer,Conditionally_Compatible,55.55,0.3333333333333334,,0,59.9972,,,,True,15
SEA_006,Prawns / shrimp,PM007,BOPP,Polymer film,Single polymer/coating,Low_Compatibility,54.17,0.4444444444444445,,0,59.9491,,,,True,16
SEA_006,Prawns / shrimp,PM008,Metallized BOPP,Polymer film,Single polymer/coating,Low_Compatibility,54.17,0.4444444444444445,,0,59.9491,,,,True,17
SEA_006,Prawns / shrimp,PM009,PET,Polymer film,Single polymer/coating,Low_Compatibility,54.17,0.4444444444444445,,0,59.9491,,,,True,18
SEA_006,Prawns / shrimp,PM010,BOPET,Polymer film,Single polymer/coating,Low_Compatibility,54.17,0.4444444444444445,,0,59.9491,,,,True,19
SEA_006,Prawns / shrimp,PM011,Metallized PET,Polymer film,Single polymer/coating,Low_Compatibility,54.17,0.4444444444444445,,0,59.9491,,,,True,20
SEA_006,Prawns / shrimp,PM012,PVdC-coated PET,Polymer film,Single polymer/coating,Low_Compatibility,54.17,0.4444444444444445,,0,59.9491,,,,True,21
SEA_006,Prawns / shrimp,PM013,PA6 / Nylon-6,Multilayer laminate/structure,Multilayer,Low_Compatibility,54.17,0.4444444444444445,,0,59.9491,,,,True,22
SEA_006,Prawns / shrimp,PM014,BOPA / Oriented Nylon,Multilayer laminate/structure,Multilayer,Low_Compatibility,54.17,0.4444444444444445,,0,59.9491,,,,True,23
SEA_006,Prawns / shrimp,PM016,PVdC,Polymer film,Single polymer/coating,Conditionally_Compatible,54.17,0.4444444444444445,,0,59.9491,,,,True,24
SEA_006,Prawns / shrimp,PM025,Coated cellulose film,Paper/cellulosic,Paper/film,Conditionally_Compatible,54.17,0.4444444444444445,,0,59.9491,,,,True,25
SEA_006,Prawns / shrimp,PM015,EVOH,Polymer film,Single polymer/coating,Low_Compatibility,45.14,0.4444444444444445,,0,52.3636,,,,True,26
SEA_006,Prawns / shrimp,PM017,PVC rigid,Polymer film,Single polymer/coating,Low_Compatibility,45.14,0.4444444444444445,,0,52.3636,,,,True,27
SEA_006,Prawns / shrimp,PM020,HIPS,Polymer film,Single polymer/coating,Low_Compatibility,45.14,0.4444444444444445,,0,52.3636,,,,True,28
SEA_006,Prawns / shrimp,PM022,PLA,Biodegradable polymer,Polymer film,Low_Compatibility,45.14,0.4444444444444445,,0,52.3636,,,,True,29
SEA_006,Prawns / shrimp,PM023,PHA,Biodegradable polymer,Polymer film,Low_Compatibility,45.14,0.4444444444444445,,0,52.3636,,,,True,30
SEA_006,Prawns / shrimp,PM027,Coated paper,Paper/cellulosic,Paper/film,Low_Compatibility,45.14,0.4444444444444445,,0,52.3636,,,,True,31
SEA_006,Prawns / shrimp,PM029,Aluminum foil,Metal,Rigid/foil metal,Low_Compatibility,45.14,0.4444444444444445,,0,52.3636,,,,True,32
SEA_006,Prawns / shrimp,PM018,PVC plasticized,Polymer film,Single polymer/coating,Low_Compatibility,44.45,0.3333333333333334,,0,50.6728,,,,True,33
SEA_006,Prawns / shrimp,PM019,PS,Polymer film,Single polymer/coating,Low_Compatibility,36.11,0.4444444444444445,,0,44.7781,,,,True,34
SEA_006,Prawns / shrimp,PM026,Kraft paper,Paper/cellulosic,Paper/film,Low_Compatibility,36.11,0.4444444444444445,,0,44.7781,,,,True,35
SEA_006,Prawns / shrimp,PM028,Glassine paper,Paper/cellulosic,Paper/film,Low_Compatibility,36.11,0.4444444444444445,,0,44.7781,,,,True,36
SEA_006,Prawns / shrimp,PM024,Cellulose film,Paper/cellulosic,Paper/film,Low_Compatibility,33.33,0.3333333333333334,,0,41.3317,,,,True,37
SEA_006,Prawns / shrimp,PM030,Tinplate steel,Metal,Rigid/foil metal,Low_Compatibility,33.33,0.3333333333333334,,0,41.3317,,,,True,38
SEA_006,Prawns / shrimp,PM040,Breathable cellulose film,Fresh-produce breathable film,Breathable film,Low_Compatibility,33.33,0.3333333333333334,,0,41.3317,,,,True,39
SEA_006,Prawns / shrimp,PM021,EPS,Polymer film,Single polymer/coating,Low_Compatibility,18.06,0.4444444444444445,,0,29.6155,,,,True,40
VEG_023,Pumpkin,PM001,LDPE,Polymer film,Single polymer/coating,Insufficient_Evidence,,0.0,,0,,,,Excluded from recommendation pool because deterministic evidence is insufficient,False,1
VEG_023,Pumpkin,PM002,LLDPE,Polymer film,Single polymer/coating,Insufficient_Evidence,,0.0,,0,,,,Excluded from recommendation pool because deterministic evidence is insufficient,False,2
VEG_023,Pumpkin,PM003,MDPE,Polymer film,Single polymer/coating,Insufficient_Evidence,,0.0,,0,,,,Excluded from recommendation pool because deterministic evidence is insufficient,False,3
VEG_023,Pumpkin,PM004,HDPE,Polymer film,Single polymer/coating,Insufficient_Evidence,,0.0,,0,,,,Excluded from recommendation pool because deterministic evidence is insufficient,False,4
VEG_023,Pumpkin,PM005,PP,Polymer film,Single polymer/coating,Insufficient_Evidence,,0.0,,0,,,,Excluded from recommendation pool because deterministic evidence is insufficient,False,5
VEG_023,Pumpkin,PM006,CPP,Polymer film,Single polymer/coating,Insufficient_Evidence,,0.0,,0,,,,Excluded from recommendation pool because deterministic evidence is insufficient,False,6
VEG_023,Pumpkin,PM007,BOPP,Polymer film,Single polymer/coating,Insufficient_Evidence,,0.0,,0,,,,Excluded from recommendation pool because deterministic evidence is insufficient,False,7
VEG_023,Pumpkin,PM008,Metallized BOPP,Polymer film,Single polymer/coating,Insufficient_Evidence,,0.0,,0,,,,Excluded from recommendation pool because deterministic evidence is insufficient,False,8
VEG_023,Pumpkin,PM009,PET,Polymer film,Single polymer/coating,Insufficient_Evidence,,0.0,,0,,,,Excluded from recommendation pool because deterministic evidence is insufficient,False,9
VEG_023,Pumpkin,PM010,BOPET,Polymer film,Single polymer/coating,Insufficient_Evidence,,0.0,,0,,,,Excluded from recommendation pool because deterministic evidence is insufficient,False,10
VEG_023,Pumpkin,PM011,Metallized PET,Polymer film,Single polymer/coating,Insufficient_Evidence,,0.0,,0,,,,Excluded from recommendation pool because deterministic evidence is insufficient,False,11
VEG_023,Pumpkin,PM012,PVdC-coated PET,Polymer film,Single polymer/coating,Insufficient_Evidence,,0.0,,0,,,,Excluded from recommendation pool because deterministic evidence is insufficient,False,12
VEG_023,Pumpkin,PM013,PA6 / Nylon-6,Multilayer laminate/structure,Multilayer,Insufficient_Evidence,,0.0,,0,,,,Excluded from recommendation pool because deterministic evidence is insufficient,False,13
VEG_023,Pumpkin,PM014,BOPA / Oriented Nylon,Multilayer laminate/structure,Multilayer,Insufficient_Evidence,,0.0,,0,,,,Excluded from recommendation pool because deterministic evidence is insufficient,False,14
VEG_023,Pumpkin,PM015,EVOH,Polymer film,Single polymer/coating,Insufficient_Evidence,,0.0,,0,,,,Excluded from recommendation pool because deterministic evidence is insufficient,False,15
VEG_023,Pumpkin,PM016,PVdC,Polymer film,Single polymer/coating,Insufficient_Evidence,,0.0,,0,,,,Excluded from recommendation pool because deterministic evidence is insufficient,False,16
VEG_023,Pumpkin,PM017,PVC rigid,Polymer film,Single polymer/coating,Insufficient_Evidence,,0.0,,0,,,,Excluded from recommendation pool because deterministic evidence is insufficient,False,17
VEG_023,Pumpkin,PM018,PVC plasticized,Polymer film,Single polymer/coating,Insufficient_Evidence,,0.0,,0,,,,Excluded from recommendation pool because deterministic evidence is insufficient,False,18
VEG_023,Pumpkin,PM019,PS,Polymer film,Single polymer/coating,Insufficient_Evidence,,0.0,,0,,,,Excluded from recommendation pool because deterministic evidence is insufficient,False,19
VEG_023,Pumpkin,PM020,HIPS,Polymer film,Single polymer/coating,Insufficient_Evidence,,0.0,,0,,,,Excluded from recommendation pool because deterministic evidence is insufficient,False,20
VEG_023,Pumpkin,PM021,EPS,Polymer film,Single polymer/coating,Insufficient_Evidence,,0.0,,0,,,,Excluded from recommendation pool because deterministic evidence is insufficient,False,21
VEG_023,Pumpkin,PM022,PLA,Biodegradable polymer,Polymer film,Insufficient_Evidence,,0.0,,0,,,,Excluded from recommendation pool because deterministic evidence is insufficient,False,22
VEG_023,Pumpkin,PM023,PHA,Biodegradable polymer,Polymer film,Insufficient_Evidence,,0.0,,0,,,,Excluded from recommendation pool because deterministic evidence is insufficient,False,23
VEG_023,Pumpkin,PM024,Cellulose film,Paper/cellulosic,Paper/film,Insufficient_Evidence,,0.0,,0,,,,Excluded from recommendation pool because deterministic evidence is insufficient,False,24
VEG_023,Pumpkin,PM025,Coated cellulose film,Paper/cellulosic,Paper/film,Insufficient_Evidence,,0.0,,0,,,,Excluded from recommendation pool because deterministic evidence is insufficient,False,25
VEG_023,Pumpkin,PM026,Kraft paper,Paper/cellulosic,Paper/film,Insufficient_Evidence,,0.0,,0,,,,Excluded from recommendation pool because deterministic evidence is insufficient,False,26
VEG_023,Pumpkin,PM027,Coated paper,Paper/cellulosic,Paper/film,Insufficient_Evidence,,0.0,,0,,,,Excluded from recommendation pool because deterministic evidence is insufficient,False,27
VEG_023,Pumpkin,PM028,Glassine paper,Paper/cellulosic,Paper/film,Insufficient_Evidence,,0.0,,0,,,,Excluded from recommendation pool because deterministic evidence is insufficient,False,28
VEG_023,Pumpkin,PM029,Aluminum foil,Metal,Rigid/foil metal,Insufficient_Evidence,,0.0,,0,,,,Excluded from recommendation pool because deterministic evidence is insufficient,False,29
VEG_023,Pumpkin,PM030,Tinplate steel,Metal,Rigid/foil metal,Insufficient_Evidence,,0.0,,0,,,,Excluded from recommendation pool because deterministic evidence is insufficient,False,30
VEG_023,Pumpkin,PM031,PET/PE laminate,Multilayer laminate/structure,Multilayer,Insufficient_Evidence,,0.0,,0,,,,Excluded from recommendation pool because deterministic evidence is insufficient,False,31
VEG_023,Pumpkin,PM032,PA/PE laminate,Multilayer laminate/structure,Multilayer,Insufficient_Evidence,,0.0,,0,,,,Excluded from recommendation pool because deterministic evidence is insufficient,False,32
VEG_023,Pumpkin,PM033,PET/CPP laminate,Multilayer laminate/structure,Multilayer,Insufficient_Evidence,,0.0,,0,,,,Excluded from recommendation pool because deterministic evidence is insufficient,False,33
VEG_023,Pumpkin,PM034,PET/Al/PE laminate,Multilayer laminate/structure,Multilayer,Insufficient_Evidence,,0.0,,0,,,,Excluded from recommendation pool because deterministic evidence is insufficient,False,34
VEG_023,Pumpkin,PM035,PET/EVOH/PE laminate,Multilayer laminate/structure,Multilayer,Insufficient_Evidence,,0.0,,0,,,,Excluded from recommendation pool because deterministic evidence is insufficient,False,35
VEG_023,Pumpkin,PM036,PE/PA/EVOH/PE laminate,Multilayer laminate/structure,Multilayer,Insufficient_Evidence,,0.0,,0,,,,Excluded from recommendation pool because deterministic evidence is insufficient,False,36
VEG_023,Pumpkin,PM037,BOPP/CPP laminate,Multilayer laminate/structure,Multilayer,Insufficient_Evidence,,0.0,,0,,,,Excluded from recommendation pool because deterministic evidence is insufficient,False,37
VEG_023,Pumpkin,PM038,Micro-perforated PE film,Fresh-produce breathable film,Perforated film,Insufficient_Evidence,,0.0,,0,,,,Excluded from recommendation pool because deterministic evidence is insufficient,False,38
VEG_023,Pumpkin,PM039,Micro-perforated PP film,Fresh-produce breathable film,Perforated film,Insufficient_Evidence,,0.0,,0,,,,Excluded from recommendation pool because deterministic evidence is insufficient,False,39
VEG_023,Pumpkin,PM040,Breathable cellulose film,Fresh-produce breathable film,Breathable film,Insufficient_Evidence,,0.0,,0,,,,Excluded from recommendation pool because deterministic evidence is insufficient,False,40
VEG_018,Radish,PM001,LDPE,Polymer film,Single polymer/coating,Conditionally_Compatible,72.22,0.4444444444444445,,0,75.1117,,,,True,1
VEG_018,Radish,PM002,LLDPE,Polymer film,Single polymer/coating,Conditionally_Compatible,72.22,0.4444444444444445,,0,75.1117,,,,True,2
VEG_018,Radish,PM003,MDPE,Polymer film,Single polymer/coating,Conditionally_Compatible,72.22,0.4444444444444445,,0,75.1117,,,,True,3
VEG_018,Radish,PM004,HDPE,Polymer film,Single polymer/coating,Conditionally_Compatible,72.22,0.4444444444444445,,0,75.1117,,,,True,4
VEG_018,Radish,PM005,PP,Polymer film,Single polymer/coating,Conditionally_Compatible,72.22,0.4444444444444445,,0,75.1117,,,,True,5
VEG_018,Radish,PM006,CPP,Polymer film,Single polymer/coating,Conditionally_Compatible,72.22,0.4444444444444445,,0,75.1117,,,,True,6
VEG_018,Radish,PM007,BOPP,Polymer film,Single polymer/coating,Conditionally_Compatible,72.22,0.4444444444444445,,0,75.1117,,,,True,7
VEG_018,Radish,PM009,PET,Polymer film,Single polymer/coating,Conditionally_Compatible,72.22,0.4444444444444445,,0,75.1117,,,,True,8
VEG_018,Radish,PM010,BOPET,Polymer film,Single polymer/coating,Conditionally_Compatible,72.22,0.4444444444444445,,0,75.1117,,,,True,9
VEG_018,Radish,PM013,PA6 / Nylon-6,Multilayer laminate/structure,Multilayer,Conditionally_Compatible,72.22,0.4444444444444445,,0,75.1117,,,,True,10
VEG_018,Radish,PM014,BOPA / Oriented Nylon,Multilayer laminate/structure,Multilayer,Conditionally_Compatible,72.22,0.4444444444444445,,0,75.1117,,,,True,11
VEG_018,Radish,PM017,PVC rigid,Polymer film,Single polymer/coating,Conditionally_Compatible,72.22,0.4444444444444445,,0,75.1117,,,,True,12
VEG_018,Radish,PM018,PVC plasticized,Polymer film,Single polymer/coating,Conditionally_Compatible,72.22,0.4444444444444445,,0,75.1117,,,,True,13
VEG_018,Radish,PM019,PS,Polymer film,Single polymer/coating,Conditionally_Compatible,72.22,0.4444444444444445,,0,75.1117,,,,True,14
VEG_018,Radish,PM020,HIPS,Polymer film,Single polymer/coating,Conditionally_Compatible,72.22,0.4444444444444445,,0,75.1117,,,,True,15
VEG_018,Radish,PM021,EPS,Polymer film,Single polymer/coating,Conditionally_Compatible,72.22,0.4444444444444445,,0,75.1117,,,,True,16
VEG_018,Radish,PM022,PLA,Biodegradable polymer,Polymer film,Conditionally_Compatible,72.22,0.4444444444444445,,0,75.1117,,,,True,17
VEG_018,Radish,PM023,PHA,Biodegradable polymer,Polymer film,Conditionally_Compatible,72.22,0.4444444444444445,,0,75.1117,,,,True,18
VEG_018,Radish,PM024,Cellulose film,Paper/cellulosic,Paper/film,Conditionally_Compatible,72.22,0.4444444444444445,,0,75.1117,,,,True,19
VEG_018,Radish,PM025,Coated cellulose film,Paper/cellulosic,Paper/film,Conditionally_Compatible,72.22,0.4444444444444445,,0,75.1117,,,,True,20
VEG_018,Radish,PM026,Kraft paper,Paper/cellulosic,Paper/film,Conditionally_Compatible,72.22,0.4444444444444445,,0,75.1117,,,,True,21
VEG_018,Radish,PM027,Coated paper,Paper/cellulosic,Paper/film,Conditionally_Compatible,72.22,0.4444444444444445,,0,75.1117,,,,True,22
VEG_018,Radish,PM028,Glassine paper,Paper/cellulosic,Paper/film,Conditionally_Compatible,72.22,0.4444444444444445,,0,75.1117,,,,True,23
VEG_018,Radish,PM031,PET/PE laminate,Multilayer laminate/structure,Multilayer,Conditionally_Compatible,72.22,0.4444444444444445,,0,75.1117,,,,True,24
VEG_018,Radish,PM033,PET/CPP laminate,Multilayer laminate/structure,Multilayer,Conditionally_Compatible,72.22,0.4444444444444445,,0,75.1117,,,,True,25
VEG_018,Radish,PM037,BOPP/CPP laminate,Multilayer laminate/structure,Multilayer,Conditionally_Compatible,72.22,0.4444444444444445,,0,75.1117,,,,True,26
VEG_018,Radish,PM038,Micro-perforated PE film,Fresh-produce breathable film,Perforated film,Conditionally_Compatible,72.22,0.4444444444444445,,0,75.1117,,,,True,27
VEG_018,Radish,PM039,Micro-perforated PP film,Fresh-produce breathable film,Perforated film,Conditionally_Compatible,72.22,0.4444444444444445,,0,75.1117,,,,True,28
VEG_018,Radish,PM040,Breathable cellulose film,Fresh-produce breathable film,Breathable film,Conditionally_Compatible,72.22,0.4444444444444445,,0,75.1117,,,,True,29
VEG_018,Radish,PM008,Metallized BOPP,Polymer film,Single polymer/coating,Low_Compatibility,36.11,0.4444444444444445,,0,44.7781,,,,True,30
VEG_018,Radish,PM011,Metallized PET,Polymer film,Single polymer/coating,Low_Compatibility,36.11,0.4444444444444445,,0,44.7781,,,,True,31
VEG_018,Radish,PM012,PVdC-coated PET,Polymer film,Single polymer/coating,Low_Compatibility,36.11,0.4444444444444445,,0,44.7781,,,,True,32
VEG_018,Radish,PM016,PVdC,Polymer film,Single polymer/coating,Low_Compatibility,36.11,0.4444444444444445,,0,44.7781,,,,True,33
VEG_018,Radish,PM032,PA/PE laminate,Multilayer laminate/structure,Multilayer,Low_Compatibility,36.11,0.4444444444444445,,0,44.7781,,,,True,34
VEG_018,Radish,PM029,Aluminum foil,Metal,Rigid/foil metal,Low_Compatibility,0.0,0.4444444444444445,,0,14.4444,,,,True,35
VEG_018,Radish,PM030,Tinplate steel,Metal,Rigid/foil metal,Low_Compatibility,0.0,0.4444444444444445,,0,14.4444,,,,True,36
VEG_018,Radish,PM034,PET/Al/PE laminate,Multilayer laminate/structure,Multilayer,Low_Compatibility,0.0,0.4444444444444445,,0,14.4444,,,,True,37
VEG_018,Radish,PM035,PET/EVOH/PE laminate,Multilayer laminate/structure,Multilayer,Low_Compatibility,0.0,0.4444444444444445,,0,14.4444,,,,True,38
VEG_018,Radish,PM036,PE/PA/EVOH/PE laminate,Multilayer laminate/structure,Multilayer,Low_Compatibility,0.0,0.4444444444444445,,0,14.4444,,,,True,39
VEG_018,Radish,PM015,EVOH,Polymer film,Single polymer/coating,Insufficient_Evidence,,0.0,,0,,,,Excluded from recommendation pool because deterministic evidence is insufficient,False,40
PREP_025,Rajma,PM002,LLDPE,Polymer film,Single polymer/coating,Conditionally_Compatible,70.0,0.4000000000000001,,0,72.8024,,,,True,1
PREP_025,Rajma,PM003,MDPE,Polymer film,Single polymer/coating,Conditionally_Compatible,70.0,0.4000000000000001,,0,72.8024,,,,True,2
PREP_025,Rajma,PM006,CPP,Polymer film,Single polymer/coating,Conditionally_Compatible,70.0,0.4000000000000001,,0,72.8024,,,,True,3
PREP_025,Rajma,PM031,PET/PE laminate,Multilayer laminate/structure,Multilayer,Conditionally_Compatible,70.0,0.4000000000000001,,0,72.8024,,,,True,4
PREP_025,Rajma,PM032,PA/PE laminate,Multilayer laminate/structure,Multilayer,Conditionally_Compatible,70.0,0.4000000000000001,,0,72.8024,,,,True,5
PREP_025,Rajma,PM033,PET/CPP laminate,Multilayer laminate/structure,Multilayer,Conditionally_Compatible,70.0,0.4000000000000001,,0,72.8024,,,,True,6
PREP_025,Rajma,PM037,BOPP/CPP laminate,Multilayer laminate/structure,Multilayer,Conditionally_Compatible,70.0,0.4000000000000001,,0,72.8024,,,,True,7
PREP_025,Rajma,PM039,Micro-perforated PP film,Fresh-produce breathable film,Perforated film,Conditionally_Compatible,70.0,0.4000000000000001,,0,72.8024,,,,True,8
PREP_025,Rajma,PM001,LDPE,Polymer film,Single polymer/coating,Conditionally_Compatible,61.25,0.4000000000000001,,0,65.4521,,,,True,9
PREP_025,Rajma,PM004,HDPE,Polymer film,Single polymer/coating,Conditionally_Compatible,61.25,0.4000000000000001,,0,65.4521,,,,True,10
PREP_025,Rajma,PM005,PP,Polymer film,Single polymer/coating,Conditionally_Compatible,61.25,0.4000000000000001,,0,65.4521,,,,True,11
PREP_025,Rajma,PM034,PET/Al/PE laminate,Multilayer laminate/structure,Multilayer,Conditionally_Compatible,61.25,0.4000000000000001,,0,65.4521,,,,True,12
PREP_025,Rajma,PM035,PET/EVOH/PE laminate,Multilayer laminate/structure,Multilayer,Conditionally_Compatible,61.25,0.4000000000000001,,0,65.4521,,,,True,13
PREP_025,Rajma,PM038,Micro-perforated PE film,Fresh-produce breathable film,Perforated film,Conditionally_Compatible,61.25,0.4000000000000001,,0,65.4521,,,,True,14
PREP_025,Rajma,PM036,PE/PA/EVOH/PE laminate,Multilayer laminate/structure,Multilayer,Conditionally_Compatible,54.16,0.3000000000000001,,0,58.4962,,,,True,15
PREP_025,Rajma,PM007,BOPP,Polymer film,Single polymer/coating,Low_Compatibility,52.5,0.4000000000000001,,0,58.1018,,,,True,16
PREP_025,Rajma,PM008,Metallized BOPP,Polymer film,Single polymer/coating,Low_Compatibility,52.5,0.4000000000000001,,0,58.1018,,,,True,17
PREP_025,Rajma,PM009,PET,Polymer film,Single polymer/coating,Low_Compatibility,52.5,0.4000000000000001,,0,58.1018,,,,True,18
PREP_025,Rajma,PM010,BOPET,Polymer film,Single polymer/coating,Low_Compatibility,52.5,0.4000000000000001,,0,58.1018,,,,True,19
PREP_025,Rajma,PM011,Metallized PET,Polymer film,Single polymer/coating,Low_Compatibility,52.5,0.4000000000000001,,0,58.1018,,,,True,20
PREP_025,Rajma,PM012,PVdC-coated PET,Polymer film,Single polymer/coating,Low_Compatibility,52.5,0.4000000000000001,,0,58.1018,,,,True,21
PREP_025,Rajma,PM013,PA6 / Nylon-6,Multilayer laminate/structure,Multilayer,Low_Compatibility,52.5,0.4000000000000001,,0,58.1018,,,,True,22
PREP_025,Rajma,PM014,BOPA / Oriented Nylon,Multilayer laminate/structure,Multilayer,Low_Compatibility,52.5,0.4000000000000001,,0,58.1018,,,,True,23
PREP_025,Rajma,PM016,PVdC,Polymer film,Single polymer/coating,Conditionally_Compatible,52.5,0.4000000000000001,,0,58.1018,,,,True,24
PREP_025,Rajma,PM025,Coated cellulose film,Paper/cellulosic,Paper/film,Conditionally_Compatible,52.5,0.4000000000000001,,0,58.1018,,,,True,25
PREP_025,Rajma,PM015,EVOH,Polymer film,Single polymer/coating,Low_Compatibility,43.75,0.4000000000000001,,0,50.7515,,,,True,26
PREP_025,Rajma,PM017,PVC rigid,Polymer film,Single polymer/coating,Low_Compatibility,43.75,0.4000000000000001,,0,50.7515,,,,True,27
PREP_025,Rajma,PM020,HIPS,Polymer film,Single polymer/coating,Low_Compatibility,43.75,0.4000000000000001,,0,50.7515,,,,True,28
PREP_025,Rajma,PM022,PLA,Biodegradable polymer,Polymer film,Low_Compatibility,43.75,0.4000000000000001,,0,50.7515,,,,True,29
PREP_025,Rajma,PM023,PHA,Biodegradable polymer,Polymer film,Low_Compatibility,43.75,0.4000000000000001,,0,50.7515,,,,True,30
PREP_025,Rajma,PM027,Coated paper,Paper/cellulosic,Paper/film,Low_Compatibility,43.75,0.4000000000000001,,0,50.7515,,,,True,31
PREP_025,Rajma,PM029,Aluminum foil,Metal,Rigid/foil metal,Low_Compatibility,43.75,0.4000000000000001,,0,50.7515,,,,True,32
PREP_025,Rajma,PM018,PVC plasticized,Polymer film,Single polymer/coating,Low_Compatibility,43.34,0.3000000000000001,,0,49.4071,,,,True,33
PREP_025,Rajma,PM019,PS,Polymer film,Single polymer/coating,Low_Compatibility,35.0,0.4000000000000001,,0,43.4012,,,,True,34
PREP_025,Rajma,PM026,Kraft paper,Paper/cellulosic,Paper/film,Low_Compatibility,35.0,0.4000000000000001,,0,43.4012,,,,True,35
PREP_025,Rajma,PM028,Glassine paper,Paper/cellulosic,Paper/film,Low_Compatibility,35.0,0.4000000000000001,,0,43.4012,,,,True,36
PREP_025,Rajma,PM024,Cellulose film,Paper/cellulosic,Paper/film,Low_Compatibility,32.5,0.3000000000000001,,0,40.3011,,,,True,37
PREP_025,Rajma,PM030,Tinplate steel,Metal,Rigid/foil metal,Low_Compatibility,32.5,0.3000000000000001,,0,40.3011,,,,True,38
PREP_025,Rajma,PM040,Breathable cellulose film,Fresh-produce breathable film,Breathable film,Low_Compatibility,32.5,0.3000000000000001,,0,40.3011,,,,True,39
PREP_025,Rajma,PM021,EPS,Polymer film,Single polymer/coating,Low_Compatibility,17.5,0.4000000000000001,,0,28.7006,,,,True,40
PREP_040,Rasgulla,PM002,LLDPE,Polymer film,Single polymer/coating,Conditionally_Compatible,70.0,0.4000000000000001,,0,72.8024,,,,True,1
PREP_040,Rasgulla,PM003,MDPE,Polymer film,Single polymer/coating,Conditionally_Compatible,70.0,0.4000000000000001,,0,72.8024,,,,True,2
PREP_040,Rasgulla,PM006,CPP,Polymer film,Single polymer/coating,Conditionally_Compatible,70.0,0.4000000000000001,,0,72.8024,,,,True,3
PREP_040,Rasgulla,PM031,PET/PE laminate,Multilayer laminate/structure,Multilayer,Conditionally_Compatible,70.0,0.4000000000000001,,0,72.8024,,,,True,4
PREP_040,Rasgulla,PM032,PA/PE laminate,Multilayer laminate/structure,Multilayer,Conditionally_Compatible,70.0,0.4000000000000001,,0,72.8024,,,,True,5
PREP_040,Rasgulla,PM033,PET/CPP laminate,Multilayer laminate/structure,Multilayer,Conditionally_Compatible,70.0,0.4000000000000001,,0,72.8024,,,,True,6
PREP_040,Rasgulla,PM037,BOPP/CPP laminate,Multilayer laminate/structure,Multilayer,Conditionally_Compatible,70.0,0.4000000000000001,,0,72.8024,,,,True,7
PREP_040,Rasgulla,PM039,Micro-perforated PP film,Fresh-produce breathable film,Perforated film,Conditionally_Compatible,70.0,0.4000000000000001,,0,72.8024,,,,True,8
PREP_040,Rasgulla,PM001,LDPE,Polymer film,Single polymer/coating,Conditionally_Compatible,61.25,0.4000000000000001,,0,65.4521,,,,True,9
PREP_040,Rasgulla,PM004,HDPE,Polymer film,Single polymer/coating,Conditionally_Compatible,61.25,0.4000000000000001,,0,65.4521,,,,True,10
PREP_040,Rasgulla,PM005,PP,Polymer film,Single polymer/coating,Conditionally_Compatible,61.25,0.4000000000000001,,0,65.4521,,,,True,11
PREP_040,Rasgulla,PM034,PET/Al/PE laminate,Multilayer laminate/structure,Multilayer,Conditionally_Compatible,61.25,0.4000000000000001,,0,65.4521,,,,True,12
PREP_040,Rasgulla,PM035,PET/EVOH/PE laminate,Multilayer laminate/structure,Multilayer,Conditionally_Compatible,61.25,0.4000000000000001,,0,65.4521,,,,True,13
PREP_040,Rasgulla,PM038,Micro-perforated PE film,Fresh-produce breathable film,Perforated film,Conditionally_Compatible,61.25,0.4000000000000001,,0,65.4521,,,,True,14
PREP_040,Rasgulla,PM036,PE/PA/EVOH/PE laminate,Multilayer laminate/structure,Multilayer,Conditionally_Compatible,54.16,0.3000000000000001,,0,58.4962,,,,True,15
PREP_040,Rasgulla,PM007,BOPP,Polymer film,Single polymer/coating,Low_Compatibility,52.5,0.4000000000000001,,0,58.1018,,,,True,16
PREP_040,Rasgulla,PM008,Metallized BOPP,Polymer film,Single polymer/coating,Low_Compatibility,52.5,0.4000000000000001,,0,58.1018,,,,True,17
PREP_040,Rasgulla,PM009,PET,Polymer film,Single polymer/coating,Low_Compatibility,52.5,0.4000000000000001,,0,58.1018,,,,True,18
PREP_040,Rasgulla,PM010,BOPET,Polymer film,Single polymer/coating,Low_Compatibility,52.5,0.4000000000000001,,0,58.1018,,,,True,19
PREP_040,Rasgulla,PM011,Metallized PET,Polymer film,Single polymer/coating,Low_Compatibility,52.5,0.4000000000000001,,0,58.1018,,,,True,20
PREP_040,Rasgulla,PM012,PVdC-coated PET,Polymer film,Single polymer/coating,Low_Compatibility,52.5,0.4000000000000001,,0,58.1018,,,,True,21
PREP_040,Rasgulla,PM013,PA6 / Nylon-6,Multilayer laminate/structure,Multilayer,Low_Compatibility,52.5,0.4000000000000001,,0,58.1018,,,,True,22
PREP_040,Rasgulla,PM014,BOPA / Oriented Nylon,Multilayer laminate/structure,Multilayer,Low_Compatibility,52.5,0.4000000000000001,,0,58.1018,,,,True,23
PREP_040,Rasgulla,PM016,PVdC,Polymer film,Single polymer/coating,Conditionally_Compatible,52.5,0.4000000000000001,,0,58.1018,,,,True,24
PREP_040,Rasgulla,PM025,Coated cellulose film,Paper/cellulosic,Paper/film,Conditionally_Compatible,52.5,0.4000000000000001,,0,58.1018,,,,True,25
PREP_040,Rasgulla,PM015,EVOH,Polymer film,Single polymer/coating,Low_Compatibility,43.75,0.4000000000000001,,0,50.7515,,,,True,26
PREP_040,Rasgulla,PM017,PVC rigid,Polymer film,Single polymer/coating,Low_Compatibility,43.75,0.4000000000000001,,0,50.7515,,,,True,27
PREP_040,Rasgulla,PM020,HIPS,Polymer film,Single polymer/coating,Low_Compatibility,43.75,0.4000000000000001,,0,50.7515,,,,True,28
PREP_040,Rasgulla,PM022,PLA,Biodegradable polymer,Polymer film,Low_Compatibility,43.75,0.4000000000000001,,0,50.7515,,,,True,29
PREP_040,Rasgulla,PM023,PHA,Biodegradable polymer,Polymer film,Low_Compatibility,43.75,0.4000000000000001,,0,50.7515,,,,True,30
PREP_040,Rasgulla,PM027,Coated paper,Paper/cellulosic,Paper/film,Low_Compatibility,43.75,0.4000000000000001,,0,50.7515,,,,True,31
PREP_040,Rasgulla,PM029,Aluminum foil,Metal,Rigid/foil metal,Low_Compatibility,43.75,0.4000000000000001,,0,50.7515,,,,True,32
PREP_040,Rasgulla,PM018,PVC plasticized,Polymer film,Single polymer/coating,Low_Compatibility,43.34,0.3000000000000001,,0,49.4071,,,,True,33
PREP_040,Rasgulla,PM019,PS,Polymer film,Single polymer/coating,Low_Compatibility,35.0,0.4000000000000001,,0,43.4012,,,,True,34
PREP_040,Rasgulla,PM026,Kraft paper,Paper/cellulosic,Paper/film,Low_Compatibility,35.0,0.4000000000000001,,0,43.4012,,,,True,35
PREP_040,Rasgulla,PM028,Glassine paper,Paper/cellulosic,Paper/film,Low_Compatibility,35.0,0.4000000000000001,,0,43.4012,,,,True,36
PREP_040,Rasgulla,PM024,Cellulose film,Paper/cellulosic,Paper/film,Low_Compatibility,32.5,0.3000000000000001,,0,40.3011,,,,True,37
PREP_040,Rasgulla,PM030,Tinplate steel,Metal,Rigid/foil metal,Low_Compatibility,32.5,0.3000000000000001,,0,40.3011,,,,True,38
PREP_040,Rasgulla,PM040,Breathable cellulose film,Fresh-produce breathable film,Breathable film,Low_Compatibility,32.5,0.3000000000000001,,0,40.3011,,,,True,39
PREP_040,Rasgulla,PM021,EPS,Polymer film,Single polymer/coating,Low_Compatibility,17.5,0.4000000000000001,,0,28.7006,,,,True,40
SEA_004,Rohu,PM002,LLDPE,Polymer film,Single polymer/coating,Conditionally_Compatible,72.22,0.4444444444444445,,0,75.1117,,,,True,1
SEA_004,Rohu,PM003,MDPE,Polymer film,Single polymer/coating,Conditionally_Compatible,72.22,0.4444444444444445,,0,75.1117,,,,True,2
SEA_004,Rohu,PM006,CPP,Polymer film,Single polymer/coating,Conditionally_Compatible,72.22,0.4444444444444445,,0,75.1117,,,,True,3
SEA_004,Rohu,PM031,PET/PE laminate,Multilayer laminate/structure,Multilayer,Conditionally_Compatible,72.22,0.4444444444444445,,0,75.1117,,,,True,4
SEA_004,Rohu,PM032,PA/PE laminate,Multilayer laminate/structure,Multilayer,Conditionally_Compatible,72.22,0.4444444444444445,,0,75.1117,,,,True,5
SEA_004,Rohu,PM033,PET/CPP laminate,Multilayer laminate/structure,Multilayer,Conditionally_Compatible,72.22,0.4444444444444445,,0,75.1117,,,,True,6
SEA_004,Rohu,PM037,BOPP/CPP laminate,Multilayer laminate/structure,Multilayer,Conditionally_Compatible,72.22,0.4444444444444445,,0,75.1117,,,,True,7
SEA_004,Rohu,PM039,Micro-perforated PP film,Fresh-produce breathable film,Perforated film,Conditionally_Compatible,72.22,0.4444444444444445,,0,75.1117,,,,True,8
SEA_004,Rohu,PM001,LDPE,Polymer film,Single polymer/coating,Conditionally_Compatible,63.19,0.4444444444444445,,0,67.5262,,,,True,9
SEA_004,Rohu,PM004,HDPE,Polymer film,Single polymer/coating,Conditionally_Compatible,63.19,0.4444444444444445,,0,67.5262,,,,True,10
SEA_004,Rohu,PM005,PP,Polymer film,Single polymer/coating,Conditionally_Compatible,63.19,0.4444444444444445,,0,67.5262,,,,True,11
SEA_004,Rohu,PM034,PET/Al/PE laminate,Multilayer laminate/structure,Multilayer,Conditionally_Compatible,63.19,0.4444444444444445,,0,67.5262,,,,True,12
SEA_004,Rohu,PM035,PET/EVOH/PE laminate,Multilayer laminate/structure,Multilayer,Conditionally_Compatible,63.19,0.4444444444444445,,0,67.5262,,,,True,13
SEA_004,Rohu,PM038,Micro-perforated PE film,Fresh-produce breathable film,Perforated film,Conditionally_Compatible,63.19,0.4444444444444445,,0,67.5262,,,,True,14
SEA_004,Rohu,PM036,PE/PA/EVOH/PE laminate,Multilayer laminate/structure,Multilayer,Conditionally_Compatible,55.55,0.3333333333333334,,0,59.9972,,,,True,15
SEA_004,Rohu,PM007,BOPP,Polymer film,Single polymer/coating,Low_Compatibility,54.17,0.4444444444444445,,0,59.9491,,,,True,16
SEA_004,Rohu,PM008,Metallized BOPP,Polymer film,Single polymer/coating,Low_Compatibility,54.17,0.4444444444444445,,0,59.9491,,,,True,17
SEA_004,Rohu,PM009,PET,Polymer film,Single polymer/coating,Low_Compatibility,54.17,0.4444444444444445,,0,59.9491,,,,True,18
SEA_004,Rohu,PM010,BOPET,Polymer film,Single polymer/coating,Low_Compatibility,54.17,0.4444444444444445,,0,59.9491,,,,True,19
SEA_004,Rohu,PM011,Metallized PET,Polymer film,Single polymer/coating,Low_Compatibility,54.17,0.4444444444444445,,0,59.9491,,,,True,20
SEA_004,Rohu,PM012,PVdC-coated PET,Polymer film,Single polymer/coating,Low_Compatibility,54.17,0.4444444444444445,,0,59.9491,,,,True,21
SEA_004,Rohu,PM013,PA6 / Nylon-6,Multilayer laminate/structure,Multilayer,Low_Compatibility,54.17,0.4444444444444445,,0,59.9491,,,,True,22
SEA_004,Rohu,PM014,BOPA / Oriented Nylon,Multilayer laminate/structure,Multilayer,Low_Compatibility,54.17,0.4444444444444445,,0,59.9491,,,,True,23
SEA_004,Rohu,PM016,PVdC,Polymer film,Single polymer/coating,Conditionally_Compatible,54.17,0.4444444444444445,,0,59.9491,,,,True,24
SEA_004,Rohu,PM025,Coated cellulose film,Paper/cellulosic,Paper/film,Conditionally_Compatible,54.17,0.4444444444444445,,0,59.9491,,,,True,25
SEA_004,Rohu,PM015,EVOH,Polymer film,Single polymer/coating,Low_Compatibility,45.14,0.4444444444444445,,0,52.3636,,,,True,26
SEA_004,Rohu,PM017,PVC rigid,Polymer film,Single polymer/coating,Low_Compatibility,45.14,0.4444444444444445,,0,52.3636,,,,True,27
SEA_004,Rohu,PM020,HIPS,Polymer film,Single polymer/coating,Low_Compatibility,45.14,0.4444444444444445,,0,52.3636,,,,True,28
SEA_004,Rohu,PM022,PLA,Biodegradable polymer,Polymer film,Low_Compatibility,45.14,0.4444444444444445,,0,52.3636,,,,True,29
SEA_004,Rohu,PM023,PHA,Biodegradable polymer,Polymer film,Low_Compatibility,45.14,0.4444444444444445,,0,52.3636,,,,True,30
SEA_004,Rohu,PM027,Coated paper,Paper/cellulosic,Paper/film,Low_Compatibility,45.14,0.4444444444444445,,0,52.3636,,,,True,31
SEA_004,Rohu,PM029,Aluminum foil,Metal,Rigid/foil metal,Low_Compatibility,45.14,0.4444444444444445,,0,52.3636,,,,True,32
SEA_004,Rohu,PM018,PVC plasticized,Polymer film,Single polymer/coating,Low_Compatibility,44.45,0.3333333333333334,,0,50.6728,,,,True,33
SEA_004,Rohu,PM019,PS,Polymer film,Single polymer/coating,Low_Compatibility,36.11,0.4444444444444445,,0,44.7781,,,,True,34
SEA_004,Rohu,PM026,Kraft paper,Paper/cellulosic,Paper/film,Low_Compatibility,36.11,0.4444444444444445,,0,44.7781,,,,True,35
SEA_004,Rohu,PM028,Glassine paper,Paper/cellulosic,Paper/film,Low_Compatibility,36.11,0.4444444444444445,,0,44.7781,,,,True,36
SEA_004,Rohu,PM024,Cellulose film,Paper/cellulosic,Paper/film,Low_Compatibility,33.33,0.3333333333333334,,0,41.3317,,,,True,37
SEA_004,Rohu,PM030,Tinplate steel,Metal,Rigid/foil metal,Low_Compatibility,33.33,0.3333333333333334,,0,41.3317,,,,True,38
SEA_004,Rohu,PM040,Breathable cellulose film,Fresh-produce breathable film,Breathable film,Low_Compatibility,33.33,0.3333333333333334,,0,41.3317,,,,True,39
SEA_004,Rohu,PM021,EPS,Polymer film,Single polymer/coating,Low_Compatibility,18.06,0.4444444444444445,,0,29.6155,,,,True,40
PREP_020,Roti,PM002,LLDPE,Polymer film,Single polymer/coating,Conditionally_Compatible,70.0,0.4000000000000001,,0,72.8024,,,,True,1
PREP_020,Roti,PM003,MDPE,Polymer film,Single polymer/coating,Conditionally_Compatible,70.0,0.4000000000000001,,0,72.8024,,,,True,2
PREP_020,Roti,PM004,HDPE,Polymer film,Single polymer/coating,Conditionally_Compatible,70.0,0.4000000000000001,,0,72.8024,,,,True,3
PREP_020,Roti,PM005,PP,Polymer film,Single polymer/coating,Conditionally_Compatible,70.0,0.4000000000000001,,0,72.8024,,,,True,4
PREP_020,Roti,PM006,CPP,Polymer film,Single polymer/coating,Conditionally_Compatible,70.0,0.4000000000000001,,0,72.8024,,,,True,5
PREP_020,Roti,PM031,PET/PE laminate,Multilayer laminate/structure,Multilayer,Conditionally_Compatible,70.0,0.4000000000000001,,0,72.8024,,,,True,6
PREP_020,Roti,PM033,PET/CPP laminate,Multilayer laminate/structure,Multilayer,Conditionally_Compatible,70.0,0.4000000000000001,,0,72.8024,,,,True,7
PREP_020,Roti,PM037,BOPP/CPP laminate,Multilayer laminate/structure,Multilayer,Conditionally_Compatible,70.0,0.4000000000000001,,0,72.8024,,,,True,8
PREP_020,Roti,PM039,Micro-perforated PP film,Fresh-produce breathable film,Perforated film,Conditionally_Compatible,70.0,0.4000000000000001,,0,72.8024,,,,True,9
PREP_020,Roti,PM001,LDPE,Polymer film,Single polymer/coating,Conditionally_Compatible,61.25,0.4000000000000001,,0,65.4521,,,,True,10
PREP_020,Roti,PM025,Coated cellulose film,Paper/cellulosic,Paper/film,Conditionally_Compatible,61.25,0.4000000000000001,,0,65.4521,,,,True,11
PREP_020,Roti,PM032,PA/PE laminate,Multilayer laminate/structure,Multilayer,Conditionally_Compatible,61.25,0.4000000000000001,,0,65.4521,,,,True,12
PREP_020,Roti,PM038,Micro-perforated PE film,Fresh-produce breathable film,Perforated film,Conditionally_Compatible,61.25,0.4000000000000001,,0,65.4521,,,,True,13
PREP_020,Roti,PM018,PVC plasticized,Polymer film,Single polymer/coating,Conditionally_Compatible,54.16,0.3000000000000001,,0,58.4962,,,,True,14
PREP_020,Roti,PM007,BOPP,Polymer film,Single polymer/coating,Low_Compatibility,52.5,0.4000000000000001,,0,58.1018,,,,True,15
PREP_020,Roti,PM009,PET,Polymer film,Single polymer/coating,Low_Compatibility,52.5,0.4000000000000001,,0,58.1018,,,,True,16
PREP_020,Roti,PM010,BOPET,Polymer film,Single polymer/coating,Low_Compatibility,52.5,0.4000000000000001,,0,58.1018,,,,True,17
PREP_020,Roti,PM013,PA6 / Nylon-6,Multilayer laminate/structure,Multilayer,Low_Compatibility,52.5,0.4000000000000001,,0,58.1018,,,,True,18
PREP_020,Roti,PM014,BOPA / Oriented Nylon,Multilayer laminate/structure,Multilayer,Low_Compatibility,52.5,0.4000000000000001,,0,58.1018,,,,True,19
PREP_020,Roti,PM016,PVdC,Polymer film,Single polymer/coating,Conditionally_Compatible,52.5,0.4000000000000001,,0,58.1018,,,,True,20
PREP_020,Roti,PM017,PVC rigid,Polymer film,Single polymer/coating,Conditionally_Compatible,52.5,0.4000000000000001,,0,58.1018,,,,True,21
PREP_020,Roti,PM020,HIPS,Polymer film,Single polymer/coating,Conditionally_Compatible,52.5,0.4000000000000001,,0,58.1018,,,,True,22
PREP_020,Roti,PM022,PLA,Biodegradable polymer,Polymer film,Conditionally_Compatible,52.5,0.4000000000000001,,0,58.1018,,,,True,23
PREP_020,Roti,PM023,PHA,Biodegradable polymer,Polymer film,Conditionally_Compatible,52.5,0.4000000000000001,,0,58.1018,,,,True,24
PREP_020,Roti,PM034,PET/Al/PE laminate,Multilayer laminate/structure,Multilayer,Conditionally_Compatible,52.5,0.4000000000000001,,0,58.1018,,,,True,25
PREP_020,Roti,PM035,PET/EVOH/PE laminate,Multilayer laminate/structure,Multilayer,Conditionally_Compatible,52.5,0.4000000000000001,,0,58.1018,,,,True,26
PREP_020,Roti,PM008,Metallized BOPP,Polymer film,Single polymer/coating,Low_Compatibility,43.75,0.4000000000000001,,0,50.7515,,,,True,27
PREP_020,Roti,PM011,Metallized PET,Polymer film,Single polymer/coating,Low_Compatibility,43.75,0.4000000000000001,,0,50.7515,,,,True,28
PREP_020,Roti,PM012,PVdC-coated PET,Polymer film,Single polymer/coating,Low_Compatibility,43.75,0.4000000000000001,,0,50.7515,,,,True,29
PREP_020,Roti,PM015,EVOH,Polymer film,Single polymer/coating,Low_Compatibility,43.75,0.4000000000000001,,0,50.7515,,,,True,30
PREP_020,Roti,PM019,PS,Polymer film,Single polymer/coating,Low_Compatibility,43.75,0.4000000000000001,,0,50.7515,,,,True,31
PREP_020,Roti,PM027,Coated paper,Paper/cellulosic,Paper/film,Low_Compatibility,43.75,0.4000000000000001,,0,50.7515,,,,True,32
PREP_020,Roti,PM036,PE/PA/EVOH/PE laminate,Multilayer laminate/structure,Multilayer,Low_Compatibility,43.34,0.3000000000000001,,0,49.4071,,,,True,33
PREP_020,Roti,PM026,Kraft paper,Paper/cellulosic,Paper/film,Low_Compatibility,35.0,0.4000000000000001,,0,43.4012,,,,True,34
PREP_020,Roti,PM028,Glassine paper,Paper/cellulosic,Paper/film,Low_Compatibility,35.0,0.4000000000000001,,0,43.4012,,,,True,35
PREP_020,Roti,PM029,Aluminum foil,Metal,Rigid/foil metal,Low_Compatibility,35.0,0.4000000000000001,,0,43.4012,,,,True,36
PREP_020,Roti,PM024,Cellulose film,Paper/cellulosic,Paper/film,Low_Compatibility,32.5,0.3000000000000001,,0,40.3011,,,,True,37
PREP_020,Roti,PM040,Breathable cellulose film,Fresh-produce breathable film,Breathable film,Low_Compatibility,32.5,0.3000000000000001,,0,40.3011,,,,True,38
PREP_020,Roti,PM030,Tinplate steel,Metal,Rigid/foil metal,Low_Compatibility,21.66,0.3000000000000001,,0,31.1951,,,,True,39
PREP_020,Roti,PM021,EPS,Polymer film,Single polymer/coating,Low_Compatibility,17.5,0.4000000000000001,,0,28.7006,,,,True,40
SEA_001,Salmon,PM002,LLDPE,Polymer film,Single polymer/coating,Conditionally_Compatible,72.22,0.4444444444444445,,0,75.1117,,,,True,1
SEA_001,Salmon,PM003,MDPE,Polymer film,Single polymer/coating,Conditionally_Compatible,72.22,0.4444444444444445,,0,75.1117,,,,True,2
SEA_001,Salmon,PM006,CPP,Polymer film,Single polymer/coating,Conditionally_Compatible,72.22,0.4444444444444445,,0,75.1117,,,,True,3
SEA_001,Salmon,PM031,PET/PE laminate,Multilayer laminate/structure,Multilayer,Conditionally_Compatible,72.22,0.4444444444444445,,0,75.1117,,,,True,4
SEA_001,Salmon,PM032,PA/PE laminate,Multilayer laminate/structure,Multilayer,Conditionally_Compatible,72.22,0.4444444444444445,,0,75.1117,,,,True,5
SEA_001,Salmon,PM033,PET/CPP laminate,Multilayer laminate/structure,Multilayer,Conditionally_Compatible,72.22,0.4444444444444445,,0,75.1117,,,,True,6
SEA_001,Salmon,PM037,BOPP/CPP laminate,Multilayer laminate/structure,Multilayer,Conditionally_Compatible,72.22,0.4444444444444445,,0,75.1117,,,,True,7
SEA_001,Salmon,PM039,Micro-perforated PP film,Fresh-produce breathable film,Perforated film,Conditionally_Compatible,72.22,0.4444444444444445,,0,75.1117,,,,True,8
SEA_001,Salmon,PM001,LDPE,Polymer film,Single polymer/coating,Conditionally_Compatible,63.19,0.4444444444444445,,0,67.5262,,,,True,9
SEA_001,Salmon,PM004,HDPE,Polymer film,Single polymer/coating,Conditionally_Compatible,63.19,0.4444444444444445,,0,67.5262,,,,True,10
SEA_001,Salmon,PM005,PP,Polymer film,Single polymer/coating,Conditionally_Compatible,63.19,0.4444444444444445,,0,67.5262,,,,True,11
SEA_001,Salmon,PM034,PET/Al/PE laminate,Multilayer laminate/structure,Multilayer,Conditionally_Compatible,63.19,0.4444444444444445,,0,67.5262,,,,True,12
SEA_001,Salmon,PM035,PET/EVOH/PE laminate,Multilayer laminate/structure,Multilayer,Conditionally_Compatible,63.19,0.4444444444444445,,0,67.5262,,,,True,13
SEA_001,Salmon,PM038,Micro-perforated PE film,Fresh-produce breathable film,Perforated film,Conditionally_Compatible,63.19,0.4444444444444445,,0,67.5262,,,,True,14
SEA_001,Salmon,PM036,PE/PA/EVOH/PE laminate,Multilayer laminate/structure,Multilayer,Conditionally_Compatible,55.55,0.3333333333333334,,0,59.9972,,,,True,15
SEA_001,Salmon,PM007,BOPP,Polymer film,Single polymer/coating,Low_Compatibility,54.17,0.4444444444444445,,0,59.9491,,,,True,16
SEA_001,Salmon,PM008,Metallized BOPP,Polymer film,Single polymer/coating,Low_Compatibility,54.17,0.4444444444444445,,0,59.9491,,,,True,17
SEA_001,Salmon,PM009,PET,Polymer film,Single polymer/coating,Low_Compatibility,54.17,0.4444444444444445,,0,59.9491,,,,True,18
SEA_001,Salmon,PM010,BOPET,Polymer film,Single polymer/coating,Low_Compatibility,54.17,0.4444444444444445,,0,59.9491,,,,True,19
SEA_001,Salmon,PM011,Metallized PET,Polymer film,Single polymer/coating,Low_Compatibility,54.17,0.4444444444444445,,0,59.9491,,,,True,20
SEA_001,Salmon,PM012,PVdC-coated PET,Polymer film,Single polymer/coating,Low_Compatibility,54.17,0.4444444444444445,,0,59.9491,,,,True,21
SEA_001,Salmon,PM013,PA6 / Nylon-6,Multilayer laminate/structure,Multilayer,Low_Compatibility,54.17,0.4444444444444445,,0,59.9491,,,,True,22
SEA_001,Salmon,PM014,BOPA / Oriented Nylon,Multilayer laminate/structure,Multilayer,Low_Compatibility,54.17,0.4444444444444445,,0,59.9491,,,,True,23
SEA_001,Salmon,PM016,PVdC,Polymer film,Single polymer/coating,Conditionally_Compatible,54.17,0.4444444444444445,,0,59.9491,,,,True,24
SEA_001,Salmon,PM025,Coated cellulose film,Paper/cellulosic,Paper/film,Conditionally_Compatible,54.17,0.4444444444444445,,0,59.9491,,,,True,25
SEA_001,Salmon,PM015,EVOH,Polymer film,Single polymer/coating,Low_Compatibility,45.14,0.4444444444444445,,0,52.3636,,,,True,26
SEA_001,Salmon,PM017,PVC rigid,Polymer film,Single polymer/coating,Low_Compatibility,45.14,0.4444444444444445,,0,52.3636,,,,True,27
SEA_001,Salmon,PM020,HIPS,Polymer film,Single polymer/coating,Low_Compatibility,45.14,0.4444444444444445,,0,52.3636,,,,True,28
SEA_001,Salmon,PM022,PLA,Biodegradable polymer,Polymer film,Low_Compatibility,45.14,0.4444444444444445,,0,52.3636,,,,True,29
SEA_001,Salmon,PM023,PHA,Biodegradable polymer,Polymer film,Low_Compatibility,45.14,0.4444444444444445,,0,52.3636,,,,True,30
SEA_001,Salmon,PM027,Coated paper,Paper/cellulosic,Paper/film,Low_Compatibility,45.14,0.4444444444444445,,0,52.3636,,,,True,31
SEA_001,Salmon,PM029,Aluminum foil,Metal,Rigid/foil metal,Low_Compatibility,45.14,0.4444444444444445,,0,52.3636,,,,True,32
SEA_001,Salmon,PM018,PVC plasticized,Polymer film,Single polymer/coating,Low_Compatibility,44.45,0.3333333333333334,,0,50.6728,,,,True,33
SEA_001,Salmon,PM019,PS,Polymer film,Single polymer/coating,Low_Compatibility,36.11,0.4444444444444445,,0,44.7781,,,,True,34
SEA_001,Salmon,PM026,Kraft paper,Paper/cellulosic,Paper/film,Low_Compatibility,36.11,0.4444444444444445,,0,44.7781,,,,True,35
SEA_001,Salmon,PM028,Glassine paper,Paper/cellulosic,Paper/film,Low_Compatibility,36.11,0.4444444444444445,,0,44.7781,,,,True,36
SEA_001,Salmon,PM024,Cellulose film,Paper/cellulosic,Paper/film,Low_Compatibility,33.33,0.3333333333333334,,0,41.3317,,,,True,37
SEA_001,Salmon,PM030,Tinplate steel,Metal,Rigid/foil metal,Low_Compatibility,33.33,0.3333333333333334,,0,41.3317,,,,True,38
SEA_001,Salmon,PM040,Breathable cellulose film,Fresh-produce breathable film,Breathable film,Low_Compatibility,33.33,0.3333333333333334,,0,41.3317,,,,True,39
SEA_001,Salmon,PM021,EPS,Polymer film,Single polymer/coating,Low_Compatibility,18.06,0.4444444444444445,,0,29.6155,,,,True,40
PREP_008,Sambar,PM002,LLDPE,Polymer film,Single polymer/coating,Conditionally_Compatible,70.0,0.4000000000000001,,0,72.8024,,,,True,1
PREP_008,Sambar,PM003,MDPE,Polymer film,Single polymer/coating,Conditionally_Compatible,70.0,0.4000000000000001,,0,72.8024,,,,True,2
PREP_008,Sambar,PM006,CPP,Polymer film,Single polymer/coating,Conditionally_Compatible,70.0,0.4000000000000001,,0,72.8024,,,,True,3
PREP_008,Sambar,PM031,PET/PE laminate,Multilayer laminate/structure,Multilayer,Conditionally_Compatible,70.0,0.4000000000000001,,0,72.8024,,,,True,4
PREP_008,Sambar,PM032,PA/PE laminate,Multilayer laminate/structure,Multilayer,Conditionally_Compatible,70.0,0.4000000000000001,,0,72.8024,,,,True,5
PREP_008,Sambar,PM033,PET/CPP laminate,Multilayer laminate/structure,Multilayer,Conditionally_Compatible,70.0,0.4000000000000001,,0,72.8024,,,,True,6
PREP_008,Sambar,PM037,BOPP/CPP laminate,Multilayer laminate/structure,Multilayer,Conditionally_Compatible,70.0,0.4000000000000001,,0,72.8024,,,,True,7
PREP_008,Sambar,PM039,Micro-perforated PP film,Fresh-produce breathable film,Perforated film,Conditionally_Compatible,70.0,0.4000000000000001,,0,72.8024,,,,True,8
PREP_008,Sambar,PM001,LDPE,Polymer film,Single polymer/coating,Conditionally_Compatible,61.25,0.4000000000000001,,0,65.4521,,,,True,9
PREP_008,Sambar,PM004,HDPE,Polymer film,Single polymer/coating,Conditionally_Compatible,61.25,0.4000000000000001,,0,65.4521,,,,True,10
PREP_008,Sambar,PM005,PP,Polymer film,Single polymer/coating,Conditionally_Compatible,61.25,0.4000000000000001,,0,65.4521,,,,True,11
PREP_008,Sambar,PM034,PET/Al/PE laminate,Multilayer laminate/structure,Multilayer,Conditionally_Compatible,61.25,0.4000000000000001,,0,65.4521,,,,True,12
PREP_008,Sambar,PM035,PET/EVOH/PE laminate,Multilayer laminate/structure,Multilayer,Conditionally_Compatible,61.25,0.4000000000000001,,0,65.4521,,,,True,13
PREP_008,Sambar,PM038,Micro-perforated PE film,Fresh-produce breathable film,Perforated film,Conditionally_Compatible,61.25,0.4000000000000001,,0,65.4521,,,,True,14
PREP_008,Sambar,PM036,PE/PA/EVOH/PE laminate,Multilayer laminate/structure,Multilayer,Conditionally_Compatible,54.16,0.3000000000000001,,0,58.4962,,,,True,15
PREP_008,Sambar,PM007,BOPP,Polymer film,Single polymer/coating,Low_Compatibility,52.5,0.4000000000000001,,0,58.1018,,,,True,16
PREP_008,Sambar,PM008,Metallized BOPP,Polymer film,Single polymer/coating,Low_Compatibility,52.5,0.4000000000000001,,0,58.1018,,,,True,17
PREP_008,Sambar,PM009,PET,Polymer film,Single polymer/coating,Low_Compatibility,52.5,0.4000000000000001,,0,58.1018,,,,True,18
PREP_008,Sambar,PM010,BOPET,Polymer film,Single polymer/coating,Low_Compatibility,52.5,0.4000000000000001,,0,58.1018,,,,True,19
PREP_008,Sambar,PM011,Metallized PET,Polymer film,Single polymer/coating,Low_Compatibility,52.5,0.4000000000000001,,0,58.1018,,,,True,20
PREP_008,Sambar,PM012,PVdC-coated PET,Polymer film,Single polymer/coating,Low_Compatibility,52.5,0.4000000000000001,,0,58.1018,,,,True,21
PREP_008,Sambar,PM013,PA6 / Nylon-6,Multilayer laminate/structure,Multilayer,Low_Compatibility,52.5,0.4000000000000001,,0,58.1018,,,,True,22
PREP_008,Sambar,PM014,BOPA / Oriented Nylon,Multilayer laminate/structure,Multilayer,Low_Compatibility,52.5,0.4000000000000001,,0,58.1018,,,,True,23
PREP_008,Sambar,PM016,PVdC,Polymer film,Single polymer/coating,Conditionally_Compatible,52.5,0.4000000000000001,,0,58.1018,,,,True,24
PREP_008,Sambar,PM025,Coated cellulose film,Paper/cellulosic,Paper/film,Conditionally_Compatible,52.5,0.4000000000000001,,0,58.1018,,,,True,25
PREP_008,Sambar,PM015,EVOH,Polymer film,Single polymer/coating,Low_Compatibility,43.75,0.4000000000000001,,0,50.7515,,,,True,26
PREP_008,Sambar,PM017,PVC rigid,Polymer film,Single polymer/coating,Low_Compatibility,43.75,0.4000000000000001,,0,50.7515,,,,True,27
PREP_008,Sambar,PM020,HIPS,Polymer film,Single polymer/coating,Low_Compatibility,43.75,0.4000000000000001,,0,50.7515,,,,True,28
PREP_008,Sambar,PM022,PLA,Biodegradable polymer,Polymer film,Low_Compatibility,43.75,0.4000000000000001,,0,50.7515,,,,True,29
PREP_008,Sambar,PM023,PHA,Biodegradable polymer,Polymer film,Low_Compatibility,43.75,0.4000000000000001,,0,50.7515,,,,True,30
PREP_008,Sambar,PM027,Coated paper,Paper/cellulosic,Paper/film,Low_Compatibility,43.75,0.4000000000000001,,0,50.7515,,,,True,31
PREP_008,Sambar,PM029,Aluminum foil,Metal,Rigid/foil metal,Low_Compatibility,43.75,0.4000000000000001,,0,50.7515,,,,True,32
PREP_008,Sambar,PM018,PVC plasticized,Polymer film,Single polymer/coating,Low_Compatibility,43.34,0.3000000000000001,,0,49.4071,,,,True,33
PREP_008,Sambar,PM019,PS,Polymer film,Single polymer/coating,Low_Compatibility,35.0,0.4000000000000001,,0,43.4012,,,,True,34
PREP_008,Sambar,PM026,Kraft paper,Paper/cellulosic,Paper/film,Low_Compatibility,35.0,0.4000000000000001,,0,43.4012,,,,True,35
PREP_008,Sambar,PM028,Glassine paper,Paper/cellulosic,Paper/film,Low_Compatibility,35.0,0.4000000000000001,,0,43.4012,,,,True,36
PREP_008,Sambar,PM024,Cellulose film,Paper/cellulosic,Paper/film,Low_Compatibility,32.5,0.3000000000000001,,0,40.3011,,,,True,37
PREP_008,Sambar,PM030,Tinplate steel,Metal,Rigid/foil metal,Low_Compatibility,32.5,0.3000000000000001,,0,40.3011,,,,True,38
PREP_008,Sambar,PM040,Breathable cellulose film,Fresh-produce breathable film,Breathable film,Low_Compatibility,32.5,0.3000000000000001,,0,40.3011,,,,True,39
PREP_008,Sambar,PM021,EPS,Polymer film,Single polymer/coating,Low_Compatibility,17.5,0.4000000000000001,,0,28.7006,,,,True,40
PREP_030,Samosa,PM001,LDPE,Polymer film,Single polymer/coating,Conditionally_Compatible,70.0,0.4000000000000001,,0,72.8024,,,,True,1
PREP_030,Samosa,PM002,LLDPE,Polymer film,Single polymer/coating,Conditionally_Compatible,70.0,0.4000000000000001,,0,72.8024,,,,True,2
PREP_030,Samosa,PM003,MDPE,Polymer film,Single polymer/coating,Conditionally_Compatible,70.0,0.4000000000000001,,0,72.8024,,,,True,3
PREP_030,Samosa,PM004,HDPE,Polymer film,Single polymer/coating,Conditionally_Compatible,70.0,0.4000000000000001,,0,72.8024,,,,True,4
PREP_030,Samosa,PM005,PP,Polymer film,Single polymer/coating,Conditionally_Compatible,70.0,0.4000000000000001,,0,72.8024,,,,True,5
PREP_030,Samosa,PM006,CPP,Polymer film,Single polymer/coating,Conditionally_Compatible,70.0,0.4000000000000001,,0,72.8024,,,,True,6
PREP_030,Samosa,PM016,PVdC,Polymer film,Single polymer/coating,Conditionally_Compatible,70.0,0.4000000000000001,,0,72.8024,,,,True,7
PREP_030,Samosa,PM025,Coated cellulose film,Paper/cellulosic,Paper/film,Conditionally_Compatible,70.0,0.4000000000000001,,0,72.8024,,,,True,8
PREP_030,Samosa,PM031,PET/PE laminate,Multilayer laminate/structure,Multilayer,Conditionally_Compatible,70.0,0.4000000000000001,,0,72.8024,,,,True,9
PREP_030,Samosa,PM032,PA/PE laminate,Multilayer laminate/structure,Multilayer,Conditionally_Compatible,70.0,0.4000000000000001,,0,72.8024,,,,True,10
PREP_030,Samosa,PM033,PET/CPP laminate,Multilayer laminate/structure,Multilayer,Conditionally_Compatible,70.0,0.4000000000000001,,0,72.8024,,,,True,11
PREP_030,Samosa,PM037,BOPP/CPP laminate,Multilayer laminate/structure,Multilayer,Conditionally_Compatible,70.0,0.4000000000000001,,0,72.8024,,,,True,12
PREP_030,Samosa,PM038,Micro-perforated PE film,Fresh-produce breathable film,Perforated film,Conditionally_Compatible,70.0,0.4000000000000001,,0,72.8024,,,,True,13
PREP_030,Samosa,PM039,Micro-perforated PP film,Fresh-produce breathable film,Perforated film,Conditionally_Compatible,70.0,0.4000000000000001,,0,72.8024,,,,True,14
PREP_030,Samosa,PM017,PVC rigid,Polymer film,Single polymer/coating,Conditionally_Compatible,61.25,0.4000000000000001,,0,65.4521,,,,True,15
PREP_030,Samosa,PM020,HIPS,Polymer film,Single polymer/coating,Conditionally_Compatible,61.25,0.4000000000000001,,0,65.4521,,,,True,16
PREP_030,Samosa,PM022,PLA,Biodegradable polymer,Polymer film,Conditionally_Compatible,61.25,0.4000000000000001,,0,65.4521,,,,True,17
PREP_030,Samosa,PM023,PHA,Biodegradable polymer,Polymer film,Conditionally_Compatible,61.25,0.4000000000000001,,0,65.4521,,,,True,18
PREP_030,Samosa,PM034,PET/Al/PE laminate,Multilayer laminate/structure,Multilayer,Conditionally_Compatible,61.25,0.4000000000000001,,0,65.4521,,,,True,19
PREP_030,Samosa,PM035,PET/EVOH/PE laminate,Multilayer laminate/structure,Multilayer,Conditionally_Compatible,61.25,0.4000000000000001,,0,65.4521,,,,True,20
PREP_030,Samosa,PM018,PVC plasticized,Polymer film,Single polymer/coating,Conditionally_Compatible,54.16,0.3000000000000001,,0,58.4962,,,,True,21
PREP_030,Samosa,PM036,PE/PA/EVOH/PE laminate,Multilayer laminate/structure,Multilayer,Conditionally_Compatible,54.16,0.3000000000000001,,0,58.4962,,,,True,22
PREP_030,Samosa,PM007,BOPP,Polymer film,Single polymer/coating,Low_Compatibility,52.5,0.4000000000000001,,0,58.1018,,,,True,23
PREP_030,Samosa,PM008,Metallized BOPP,Polymer film,Single polymer/coating,Low_Compatibility,52.5,0.4000000000000001,,0,58.1018,,,,True,24
PREP_030,Samosa,PM009,PET,Polymer film,Single polymer/coating,Low_Compatibility,52.5,0.4000000000000001,,0,58.1018,,,,True,25
PREP_030,Samosa,PM010,BOPET,Polymer film,Single polymer/coating,Low_Compatibility,52.5,0.4000000000000001,,0,58.1018,,,,True,26
PREP_030,Samosa,PM011,Metallized PET,Polymer film,Single polymer/coating,Low_Compatibility,52.5,0.4000000000000001,,0,58.1018,,,,True,27
PREP_030,Samosa,PM012,PVdC-coated PET,Polymer film,Single polymer/coating,Low_Compatibility,52.5,0.4000000000000001,,0,58.1018,,,,True,28
PREP_030,Samosa,PM013,PA6 / Nylon-6,Multilayer laminate/structure,Multilayer,Low_Compatibility,52.5,0.4000000000000001,,0,58.1018,,,,True,29
PREP_030,Samosa,PM014,BOPA / Oriented Nylon,Multilayer laminate/structure,Multilayer,Low_Compatibility,52.5,0.4000000000000001,,0,58.1018,,,,True,30
PREP_030,Samosa,PM015,EVOH,Polymer film,Single polymer/coating,Low_Compatibility,52.5,0.4000000000000001,,0,58.1018,,,,True,31
PREP_030,Samosa,PM019,PS,Polymer film,Single polymer/coating,Conditionally_Compatible,52.5,0.4000000000000001,,0,58.1018,,,,True,32
PREP_030,Samosa,PM027,Coated paper,Paper/cellulosic,Paper/film,Low_Compatibility,43.75,0.4000000000000001,,0,50.7515,,,,True,33
PREP_030,Samosa,PM028,Glassine paper,Paper/cellulosic,Paper/film,Low_Compatibility,43.75,0.4000000000000001,,0,50.7515,,,,True,34
PREP_030,Samosa,PM029,Aluminum foil,Metal,Rigid/foil metal,Low_Compatibility,43.75,0.4000000000000001,,0,50.7515,,,,True,35
PREP_030,Samosa,PM026,Kraft paper,Paper/cellulosic,Paper/film,Low_Compatibility,35.0,0.4000000000000001,,0,43.4012,,,,True,36
PREP_030,Samosa,PM024,Cellulose film,Paper/cellulosic,Paper/film,Low_Compatibility,32.5,0.3000000000000001,,0,40.3011,,,,True,37
PREP_030,Samosa,PM030,Tinplate steel,Metal,Rigid/foil metal,Low_Compatibility,32.5,0.3000000000000001,,0,40.3011,,,,True,38
PREP_030,Samosa,PM040,Breathable cellulose film,Fresh-produce breathable film,Breathable film,Low_Compatibility,32.5,0.3000000000000001,,0,40.3011,,,,True,39
PREP_030,Samosa,PM021,EPS,Polymer film,Single polymer/coating,Low_Compatibility,26.25,0.4000000000000001,,0,36.0509,,,,True,40
FRU_023,Sapota / Chikoo,PM001,LDPE,Polymer film,Single polymer/coating,Insufficient_Evidence,,0.0,,0,,,,Excluded from recommendation pool because deterministic evidence is insufficient,False,1
FRU_023,Sapota / Chikoo,PM002,LLDPE,Polymer film,Single polymer/coating,Insufficient_Evidence,,0.0,,0,,,,Excluded from recommendation pool because deterministic evidence is insufficient,False,2
FRU_023,Sapota / Chikoo,PM003,MDPE,Polymer film,Single polymer/coating,Insufficient_Evidence,,0.0,,0,,,,Excluded from recommendation pool because deterministic evidence is insufficient,False,3
FRU_023,Sapota / Chikoo,PM004,HDPE,Polymer film,Single polymer/coating,Insufficient_Evidence,,0.0,,0,,,,Excluded from recommendation pool because deterministic evidence is insufficient,False,4
FRU_023,Sapota / Chikoo,PM005,PP,Polymer film,Single polymer/coating,Insufficient_Evidence,,0.0,,0,,,,Excluded from recommendation pool because deterministic evidence is insufficient,False,5
FRU_023,Sapota / Chikoo,PM006,CPP,Polymer film,Single polymer/coating,Insufficient_Evidence,,0.0,,0,,,,Excluded from recommendation pool because deterministic evidence is insufficient,False,6
FRU_023,Sapota / Chikoo,PM007,BOPP,Polymer film,Single polymer/coating,Insufficient_Evidence,,0.0,,0,,,,Excluded from recommendation pool because deterministic evidence is insufficient,False,7
FRU_023,Sapota / Chikoo,PM008,Metallized BOPP,Polymer film,Single polymer/coating,Insufficient_Evidence,,0.0,,0,,,,Excluded from recommendation pool because deterministic evidence is insufficient,False,8
FRU_023,Sapota / Chikoo,PM009,PET,Polymer film,Single polymer/coating,Insufficient_Evidence,,0.0,,0,,,,Excluded from recommendation pool because deterministic evidence is insufficient,False,9
FRU_023,Sapota / Chikoo,PM010,BOPET,Polymer film,Single polymer/coating,Insufficient_Evidence,,0.0,,0,,,,Excluded from recommendation pool because deterministic evidence is insufficient,False,10
FRU_023,Sapota / Chikoo,PM011,Metallized PET,Polymer film,Single polymer/coating,Insufficient_Evidence,,0.0,,0,,,,Excluded from recommendation pool because deterministic evidence is insufficient,False,11
FRU_023,Sapota / Chikoo,PM012,PVdC-coated PET,Polymer film,Single polymer/coating,Insufficient_Evidence,,0.0,,0,,,,Excluded from recommendation pool because deterministic evidence is insufficient,False,12
FRU_023,Sapota / Chikoo,PM013,PA6 / Nylon-6,Multilayer laminate/structure,Multilayer,Insufficient_Evidence,,0.0,,0,,,,Excluded from recommendation pool because deterministic evidence is insufficient,False,13
FRU_023,Sapota / Chikoo,PM014,BOPA / Oriented Nylon,Multilayer laminate/structure,Multilayer,Insufficient_Evidence,,0.0,,0,,,,Excluded from recommendation pool because deterministic evidence is insufficient,False,14
FRU_023,Sapota / Chikoo,PM015,EVOH,Polymer film,Single polymer/coating,Insufficient_Evidence,,0.0,,0,,,,Excluded from recommendation pool because deterministic evidence is insufficient,False,15
FRU_023,Sapota / Chikoo,PM016,PVdC,Polymer film,Single polymer/coating,Insufficient_Evidence,,0.0,,0,,,,Excluded from recommendation pool because deterministic evidence is insufficient,False,16
FRU_023,Sapota / Chikoo,PM017,PVC rigid,Polymer film,Single polymer/coating,Insufficient_Evidence,,0.0,,0,,,,Excluded from recommendation pool because deterministic evidence is insufficient,False,17
FRU_023,Sapota / Chikoo,PM018,PVC plasticized,Polymer film,Single polymer/coating,Insufficient_Evidence,,0.0,,0,,,,Excluded from recommendation pool because deterministic evidence is insufficient,False,18
FRU_023,Sapota / Chikoo,PM019,PS,Polymer film,Single polymer/coating,Insufficient_Evidence,,0.0,,0,,,,Excluded from recommendation pool because deterministic evidence is insufficient,False,19
FRU_023,Sapota / Chikoo,PM020,HIPS,Polymer film,Single polymer/coating,Insufficient_Evidence,,0.0,,0,,,,Excluded from recommendation pool because deterministic evidence is insufficient,False,20
FRU_023,Sapota / Chikoo,PM021,EPS,Polymer film,Single polymer/coating,Insufficient_Evidence,,0.0,,0,,,,Excluded from recommendation pool because deterministic evidence is insufficient,False,21
FRU_023,Sapota / Chikoo,PM022,PLA,Biodegradable polymer,Polymer film,Insufficient_Evidence,,0.0,,0,,,,Excluded from recommendation pool because deterministic evidence is insufficient,False,22
FRU_023,Sapota / Chikoo,PM023,PHA,Biodegradable polymer,Polymer film,Insufficient_Evidence,,0.0,,0,,,,Excluded from recommendation pool because deterministic evidence is insufficient,False,23
FRU_023,Sapota / Chikoo,PM024,Cellulose film,Paper/cellulosic,Paper/film,Insufficient_Evidence,,0.0,,0,,,,Excluded from recommendation pool because deterministic evidence is insufficient,False,24
FRU_023,Sapota / Chikoo,PM025,Coated cellulose film,Paper/cellulosic,Paper/film,Insufficient_Evidence,,0.0,,0,,,,Excluded from recommendation pool because deterministic evidence is insufficient,False,25
FRU_023,Sapota / Chikoo,PM026,Kraft paper,Paper/cellulosic,Paper/film,Insufficient_Evidence,,0.0,,0,,,,Excluded from recommendation pool because deterministic evidence is insufficient,False,26
FRU_023,Sapota / Chikoo,PM027,Coated paper,Paper/cellulosic,Paper/film,Insufficient_Evidence,,0.0,,0,,,,Excluded from recommendation pool because deterministic evidence is insufficient,False,27
FRU_023,Sapota / Chikoo,PM028,Glassine paper,Paper/cellulosic,Paper/film,Insufficient_Evidence,,0.0,,0,,,,Excluded from recommendation pool because deterministic evidence is insufficient,False,28
FRU_023,Sapota / Chikoo,PM029,Aluminum foil,Metal,Rigid/foil metal,Insufficient_Evidence,,0.0,,0,,,,Excluded from recommendation pool because deterministic evidence is insufficient,False,29
FRU_023,Sapota / Chikoo,PM030,Tinplate steel,Metal,Rigid/foil metal,Insufficient_Evidence,,0.0,,0,,,,Excluded from recommendation pool because deterministic evidence is insufficient,False,30
FRU_023,Sapota / Chikoo,PM031,PET/PE laminate,Multilayer laminate/structure,Multilayer,Insufficient_Evidence,,0.0,,0,,,,Excluded from recommendation pool because deterministic evidence is insufficient,False,31
FRU_023,Sapota / Chikoo,PM032,PA/PE laminate,Multilayer laminate/structure,Multilayer,Insufficient_Evidence,,0.0,,0,,,,Excluded from recommendation pool because deterministic evidence is insufficient,False,32
FRU_023,Sapota / Chikoo,PM033,PET/CPP laminate,Multilayer laminate/structure,Multilayer,Insufficient_Evidence,,0.0,,0,,,,Excluded from recommendation pool because deterministic evidence is insufficient,False,33
FRU_023,Sapota / Chikoo,PM034,PET/Al/PE laminate,Multilayer laminate/structure,Multilayer,Insufficient_Evidence,,0.0,,0,,,,Excluded from recommendation pool because deterministic evidence is insufficient,False,34
FRU_023,Sapota / Chikoo,PM035,PET/EVOH/PE laminate,Multilayer laminate/structure,Multilayer,Insufficient_Evidence,,0.0,,0,,,,Excluded from recommendation pool because deterministic evidence is insufficient,False,35
FRU_023,Sapota / Chikoo,PM036,PE/PA/EVOH/PE laminate,Multilayer laminate/structure,Multilayer,Insufficient_Evidence,,0.0,,0,,,,Excluded from recommendation pool because deterministic evidence is insufficient,False,36
FRU_023,Sapota / Chikoo,PM037,BOPP/CPP laminate,Multilayer laminate/structure,Multilayer,Insufficient_Evidence,,0.0,,0,,,,Excluded from recommendation pool because deterministic evidence is insufficient,False,37
FRU_023,Sapota / Chikoo,PM038,Micro-perforated PE film,Fresh-produce breathable film,Perforated film,Insufficient_Evidence,,0.0,,0,,,,Excluded from recommendation pool because deterministic evidence is insufficient,False,38
FRU_023,Sapota / Chikoo,PM039,Micro-perforated PP film,Fresh-produce breathable film,Perforated film,Insufficient_Evidence,,0.0,,0,,,,Excluded from recommendation pool because deterministic evidence is insufficient,False,39
FRU_023,Sapota / Chikoo,PM040,Breathable cellulose film,Fresh-produce breathable film,Breathable film,Insufficient_Evidence,,0.0,,0,,,,Excluded from recommendation pool because deterministic evidence is insufficient,False,40
PREP_013,South Indian meals / thali,PM002,LLDPE,Polymer film,Single polymer/coating,Conditionally_Compatible,70.0,0.4000000000000001,,0,72.8024,,,,True,1
PREP_013,South Indian meals / thali,PM003,MDPE,Polymer film,Single polymer/coating,Conditionally_Compatible,70.0,0.4000000000000001,,0,72.8024,,,,True,2
PREP_013,South Indian meals / thali,PM004,HDPE,Polymer film,Single polymer/coating,Conditionally_Compatible,70.0,0.4000000000000001,,0,72.8024,,,,True,3
PREP_013,South Indian meals / thali,PM005,PP,Polymer film,Single polymer/coating,Conditionally_Compatible,70.0,0.4000000000000001,,0,72.8024,,,,True,4
PREP_013,South Indian meals / thali,PM006,CPP,Polymer film,Single polymer/coating,Conditionally_Compatible,70.0,0.4000000000000001,,0,72.8024,,,,True,5
PREP_013,South Indian meals / thali,PM031,PET/PE laminate,Multilayer laminate/structure,Multilayer,Conditionally_Compatible,70.0,0.4000000000000001,,0,72.8024,,,,True,6
PREP_013,South Indian meals / thali,PM033,PET/CPP laminate,Multilayer laminate/structure,Multilayer,Conditionally_Compatible,70.0,0.4000000000000001,,0,72.8024,,,,True,7
PREP_013,South Indian meals / thali,PM037,BOPP/CPP laminate,Multilayer laminate/structure,Multilayer,Conditionally_Compatible,70.0,0.4000000000000001,,0,72.8024,,,,True,8
PREP_013,South Indian meals / thali,PM039,Micro-perforated PP film,Fresh-produce breathable film,Perforated film,Conditionally_Compatible,70.0,0.4000000000000001,,0,72.8024,,,,True,9
PREP_013,South Indian meals / thali,PM001,LDPE,Polymer film,Single polymer/coating,Conditionally_Compatible,61.25,0.4000000000000001,,0,65.4521,,,,True,10
PREP_013,South Indian meals / thali,PM025,Coated cellulose film,Paper/cellulosic,Paper/film,Conditionally_Compatible,61.25,0.4000000000000001,,0,65.4521,,,,True,11
PREP_013,South Indian meals / thali,PM032,PA/PE laminate,Multilayer laminate/structure,Multilayer,Conditionally_Compatible,61.25,0.4000000000000001,,0,65.4521,,,,True,12
PREP_013,South Indian meals / thali,PM038,Micro-perforated PE film,Fresh-produce breathable film,Perforated film,Conditionally_Compatible,61.25,0.4000000000000001,,0,65.4521,,,,True,13
PREP_013,South Indian meals / thali,PM018,PVC plasticized,Polymer film,Single polymer/coating,Conditionally_Compatible,54.16,0.3000000000000001,,0,58.4962,,,,True,14
PREP_013,South Indian meals / thali,PM007,BOPP,Polymer film,Single polymer/coating,Low_Compatibility,52.5,0.4000000000000001,,0,58.1018,,,,True,15
PREP_013,South Indian meals / thali,PM009,PET,Polymer film,Single polymer/coating,Low_Compatibility,52.5,0.4000000000000001,,0,58.1018,,,,True,16
PREP_013,South Indian meals / thali,PM010,BOPET,Polymer film,Single polymer/coating,Low_Compatibility,52.5,0.4000000000000001,,0,58.1018,,,,True,17
PREP_013,South Indian meals / thali,PM013,PA6 / Nylon-6,Multilayer laminate/structure,Multilayer,Low_Compatibility,52.5,0.4000000000000001,,0,58.1018,,,,True,18
PREP_013,South Indian meals / thali,PM014,BOPA / Oriented Nylon,Multilayer laminate/structure,Multilayer,Low_Compatibility,52.5,0.4000000000000001,,0,58.1018,,,,True,19
PREP_013,South Indian meals / thali,PM016,PVdC,Polymer film,Single polymer/coating,Conditionally_Compatible,52.5,0.4000000000000001,,0,58.1018,,,,True,20
PREP_013,South Indian meals / thali,PM017,PVC rigid,Polymer film,Single polymer/coating,Conditionally_Compatible,52.5,0.4000000000000001,,0,58.1018,,,,True,21
PREP_013,South Indian meals / thali,PM020,HIPS,Polymer film,Single polymer/coating,Conditionally_Compatible,52.5,0.4000000000000001,,0,58.1018,,,,True,22
PREP_013,South Indian meals / thali,PM022,PLA,Biodegradable polymer,Polymer film,Conditionally_Compatible,52.5,0.4000000000000001,,0,58.1018,,,,True,23
PREP_013,South Indian meals / thali,PM023,PHA,Biodegradable polymer,Polymer film,Conditionally_Compatible,52.5,0.4000000000000001,,0,58.1018,,,,True,24
PREP_013,South Indian meals / thali,PM034,PET/Al/PE laminate,Multilayer laminate/structure,Multilayer,Conditionally_Compatible,52.5,0.4000000000000001,,0,58.1018,,,,True,25
PREP_013,South Indian meals / thali,PM035,PET/EVOH/PE laminate,Multilayer laminate/structure,Multilayer,Conditionally_Compatible,52.5,0.4000000000000001,,0,58.1018,,,,True,26
PREP_013,South Indian meals / thali,PM008,Metallized BOPP,Polymer film,Single polymer/coating,Low_Compatibility,43.75,0.4000000000000001,,0,50.7515,,,,True,27
PREP_013,South Indian meals / thali,PM011,Metallized PET,Polymer film,Single polymer/coating,Low_Compatibility,43.75,0.4000000000000001,,0,50.7515,,,,True,28
PREP_013,South Indian meals / thali,PM012,PVdC-coated PET,Polymer film,Single polymer/coating,Low_Compatibility,43.75,0.4000000000000001,,0,50.7515,,,,True,29
PREP_013,South Indian meals / thali,PM015,EVOH,Polymer film,Single polymer/coating,Low_Compatibility,43.75,0.4000000000000001,,0,50.7515,,,,True,30
PREP_013,South Indian meals / thali,PM019,PS,Polymer film,Single polymer/coating,Low_Compatibility,43.75,0.4000000000000001,,0,50.7515,,,,True,31
PREP_013,South Indian meals / thali,PM027,Coated paper,Paper/cellulosic,Paper/film,Low_Compatibility,43.75,0.4000000000000001,,0,50.7515,,,,True,32
PREP_013,South Indian meals / thali,PM036,PE/PA/EVOH/PE laminate,Multilayer laminate/structure,Multilayer,Low_Compatibility,43.34,0.3000000000000001,,0,49.4071,,,,True,33
PREP_013,South Indian meals / thali,PM026,Kraft paper,Paper/cellulosic,Paper/film,Low_Compatibility,35.0,0.4000000000000001,,0,43.4012,,,,True,34
PREP_013,South Indian meals / thali,PM028,Glassine paper,Paper/cellulosic,Paper/film,Low_Compatibility,35.0,0.4000000000000001,,0,43.4012,,,,True,35
PREP_013,South Indian meals / thali,PM029,Aluminum foil,Metal,Rigid/foil metal,Low_Compatibility,35.0,0.4000000000000001,,0,43.4012,,,,True,36
PREP_013,South Indian meals / thali,PM024,Cellulose film,Paper/cellulosic,Paper/film,Low_Compatibility,32.5,0.3000000000000001,,0,40.3011,,,,True,37
PREP_013,South Indian meals / thali,PM040,Breathable cellulose film,Fresh-produce breathable film,Breathable film,Low_Compatibility,32.5,0.3000000000000001,,0,40.3011,,,,True,38
PREP_013,South Indian meals / thali,PM030,Tinplate steel,Metal,Rigid/foil metal,Low_Compatibility,21.66,0.3000000000000001,,0,31.1951,,,,True,39
PREP_013,South Indian meals / thali,PM021,EPS,Polymer film,Single polymer/coating,Low_Compatibility,17.5,0.4000000000000001,,0,28.7006,,,,True,40
VEG_008,Spinach,PM001,LDPE,Polymer film,Single polymer/coating,Conditionally_Compatible,72.22,0.4444444444444445,,0,75.1117,,,,True,1
VEG_008,Spinach,PM002,LLDPE,Polymer film,Single polymer/coating,Conditionally_Compatible,72.22,0.4444444444444445,,0,75.1117,,,,True,2
VEG_008,Spinach,PM013,PA6 / Nylon-6,Multilayer laminate/structure,Multilayer,Conditionally_Compatible,72.22,0.4444444444444445,,0,75.1117,,,,True,3
VEG_008,Spinach,PM014,BOPA / Oriented Nylon,Multilayer laminate/structure,Multilayer,Conditionally_Compatible,72.22,0.4444444444444445,,0,75.1117,,,,True,4
VEG_008,Spinach,PM019,PS,Polymer film,Single polymer/coating,Conditionally_Compatible,72.22,0.4444444444444445,,0,75.1117,,,,True,5
VEG_008,Spinach,PM020,HIPS,Polymer film,Single polymer/coating,Conditionally_Compatible,72.22,0.4444444444444445,,0,75.1117,,,,True,6
VEG_008,Spinach,PM021,EPS,Polymer film,Single polymer/coating,Conditionally_Compatible,72.22,0.4444444444444445,,0,75.1117,,,,True,7
VEG_008,Spinach,PM024,Cellulose film,Paper/cellulosic,Paper/film,Conditionally_Compatible,72.22,0.4444444444444445,,0,75.1117,,,,True,8
VEG_008,Spinach,PM026,Kraft paper,Paper/cellulosic,Paper/film,Conditionally_Compatible,72.22,0.4444444444444445,,0,75.1117,,,,True,9
VEG_008,Spinach,PM038,Micro-perforated PE film,Fresh-produce breathable film,Perforated film,Conditionally_Compatible,72.22,0.4444444444444445,,0,75.1117,,,,True,10
VEG_008,Spinach,PM039,Micro-perforated PP film,Fresh-produce breathable film,Perforated film,Conditionally_Compatible,72.22,0.4444444444444445,,0,75.1117,,,,True,11
VEG_008,Spinach,PM040,Breathable cellulose film,Fresh-produce breathable film,Breathable film,Conditionally_Compatible,72.22,0.4444444444444445,,0,75.1117,,,,True,12
VEG_008,Spinach,PM003,MDPE,Polymer film,Single polymer/coating,Low_Compatibility,36.11,0.4444444444444445,,0,44.7781,,,,True,13
VEG_008,Spinach,PM007,BOPP,Polymer film,Single polymer/coating,Low_Compatibility,36.11,0.4444444444444445,,0,44.7781,,,,True,14
VEG_008,Spinach,PM018,PVC plasticized,Polymer film,Single polymer/coating,Low_Compatibility,36.11,0.4444444444444445,,0,44.7781,,,,True,15
VEG_008,Spinach,PM022,PLA,Biodegradable polymer,Polymer film,Low_Compatibility,36.11,0.4444444444444445,,0,44.7781,,,,True,16
VEG_008,Spinach,PM023,PHA,Biodegradable polymer,Polymer film,Low_Compatibility,36.11,0.4444444444444445,,0,44.7781,,,,True,17
VEG_008,Spinach,PM025,Coated cellulose film,Paper/cellulosic,Paper/film,Low_Compatibility,36.11,0.4444444444444445,,0,44.7781,,,,True,18
VEG_008,Spinach,PM027,Coated paper,Paper/cellulosic,Paper/film,Low_Compatibility,36.11,0.4444444444444445,,0,44.7781,,,,True,19
VEG_008,Spinach,PM004,HDPE,Polymer film,Single polymer/coating,Low_Compatibility,0.0,0.4444444444444445,,0,14.4444,,,,True,20
VEG_008,Spinach,PM005,PP,Polymer film,Single polymer/coating,Low_Compatibility,0.0,0.4444444444444445,,0,14.4444,,,,True,21
VEG_008,Spinach,PM006,CPP,Polymer film,Single polymer/coating,Low_Compatibility,0.0,0.4444444444444445,,0,14.4444,,,,True,22
VEG_008,Spinach,PM008,Metallized BOPP,Polymer film,Single polymer/coating,Low_Compatibility,0.0,0.4444444444444445,,0,14.4444,,,,True,23
VEG_008,Spinach,PM009,PET,Polymer film,Single polymer/coating,Low_Compatibility,0.0,0.4444444444444445,,0,14.4444,,,,True,24
VEG_008,Spinach,PM010,BOPET,Polymer film,Single polymer/coating,Low_Compatibility,0.0,0.4444444444444445,,0,14.4444,,,,True,25
VEG_008,Spinach,PM011,Metallized PET,Polymer film,Single polymer/coating,Low_Compatibility,0.0,0.4444444444444445,,0,14.4444,,,,True,26
VEG_008,Spinach,PM012,PVdC-coated PET,Polymer film,Single polymer/coating,Low_Compatibility,0.0,0.4444444444444445,,0,14.4444,,,,True,27
VEG_008,Spinach,PM016,PVdC,Polymer film,Single polymer/coating,Low_Compatibility,0.0,0.4444444444444445,,0,14.4444,,,,True,28
VEG_008,Spinach,PM017,PVC rigid,Polymer film,Single polymer/coating,Low_Compatibility,0.0,0.4444444444444445,,0,14.4444,,,,True,29
VEG_008,Spinach,PM028,Glassine paper,Paper/cellulosic,Paper/film,Low_Compatibility,0.0,0.4444444444444445,,0,14.4444,,,,True,30
VEG_008,Spinach,PM029,Aluminum foil,Metal,Rigid/foil metal,Low_Compatibility,0.0,0.4444444444444445,,0,14.4444,,,,True,31
VEG_008,Spinach,PM030,Tinplate steel,Metal,Rigid/foil metal,Low_Compatibility,0.0,0.4444444444444445,,0,14.4444,,,,True,32
VEG_008,Spinach,PM031,PET/PE laminate,Multilayer laminate/structure,Multilayer,Low_Compatibility,0.0,0.4444444444444445,,0,14.4444,,,,True,33
VEG_008,Spinach,PM032,PA/PE laminate,Multilayer laminate/structure,Multilayer,Low_Compatibility,0.0,0.4444444444444445,,0,14.4444,,,,True,34
VEG_008,Spinach,PM033,PET/CPP laminate,Multilayer laminate/structure,Multilayer,Low_Compatibility,0.0,0.4444444444444445,,0,14.4444,,,,True,35
VEG_008,Spinach,PM034,PET/Al/PE laminate,Multilayer laminate/structure,Multilayer,Low_Compatibility,0.0,0.4444444444444445,,0,14.4444,,,,True,36
VEG_008,Spinach,PM035,PET/EVOH/PE laminate,Multilayer laminate/structure,Multilayer,Low_Compatibility,0.0,0.4444444444444445,,0,14.4444,,,,True,37
VEG_008,Spinach,PM036,PE/PA/EVOH/PE laminate,Multilayer laminate/structure,Multilayer,Low_Compatibility,0.0,0.4444444444444445,,0,14.4444,,,,True,38
VEG_008,Spinach,PM037,BOPP/CPP laminate,Multilayer laminate/structure,Multilayer,Low_Compatibility,0.0,0.4444444444444445,,0,14.4444,,,,True,39
VEG_008,Spinach,PM015,EVOH,Polymer film,Single polymer/coating,Insufficient_Evidence,,0.0,,0,,,,Excluded from recommendation pool because deterministic evidence is insufficient,False,40
SEA_007,Squid,PM002,LLDPE,Polymer film,Single polymer/coating,Conditionally_Compatible,72.22,0.4444444444444445,,0,75.1117,,,,True,1
SEA_007,Squid,PM003,MDPE,Polymer film,Single polymer/coating,Conditionally_Compatible,72.22,0.4444444444444445,,0,75.1117,,,,True,2
SEA_007,Squid,PM006,CPP,Polymer film,Single polymer/coating,Conditionally_Compatible,72.22,0.4444444444444445,,0,75.1117,,,,True,3
SEA_007,Squid,PM031,PET/PE laminate,Multilayer laminate/structure,Multilayer,Conditionally_Compatible,72.22,0.4444444444444445,,0,75.1117,,,,True,4
SEA_007,Squid,PM032,PA/PE laminate,Multilayer laminate/structure,Multilayer,Conditionally_Compatible,72.22,0.4444444444444445,,0,75.1117,,,,True,5
SEA_007,Squid,PM033,PET/CPP laminate,Multilayer laminate/structure,Multilayer,Conditionally_Compatible,72.22,0.4444444444444445,,0,75.1117,,,,True,6
SEA_007,Squid,PM037,BOPP/CPP laminate,Multilayer laminate/structure,Multilayer,Conditionally_Compatible,72.22,0.4444444444444445,,0,75.1117,,,,True,7
SEA_007,Squid,PM039,Micro-perforated PP film,Fresh-produce breathable film,Perforated film,Conditionally_Compatible,72.22,0.4444444444444445,,0,75.1117,,,,True,8
SEA_007,Squid,PM001,LDPE,Polymer film,Single polymer/coating,Conditionally_Compatible,63.19,0.4444444444444445,,0,67.5262,,,,True,9
SEA_007,Squid,PM004,HDPE,Polymer film,Single polymer/coating,Conditionally_Compatible,63.19,0.4444444444444445,,0,67.5262,,,,True,10
SEA_007,Squid,PM005,PP,Polymer film,Single polymer/coating,Conditionally_Compatible,63.19,0.4444444444444445,,0,67.5262,,,,True,11
SEA_007,Squid,PM034,PET/Al/PE laminate,Multilayer laminate/structure,Multilayer,Conditionally_Compatible,63.19,0.4444444444444445,,0,67.5262,,,,True,12
SEA_007,Squid,PM035,PET/EVOH/PE laminate,Multilayer laminate/structure,Multilayer,Conditionally_Compatible,63.19,0.4444444444444445,,0,67.5262,,,,True,13
SEA_007,Squid,PM038,Micro-perforated PE film,Fresh-produce breathable film,Perforated film,Conditionally_Compatible,63.19,0.4444444444444445,,0,67.5262,,,,True,14
SEA_007,Squid,PM036,PE/PA/EVOH/PE laminate,Multilayer laminate/structure,Multilayer,Conditionally_Compatible,55.55,0.3333333333333334,,0,59.9972,,,,True,15
SEA_007,Squid,PM007,BOPP,Polymer film,Single polymer/coating,Low_Compatibility,54.17,0.4444444444444445,,0,59.9491,,,,True,16
SEA_007,Squid,PM008,Metallized BOPP,Polymer film,Single polymer/coating,Low_Compatibility,54.17,0.4444444444444445,,0,59.9491,,,,True,17
SEA_007,Squid,PM009,PET,Polymer film,Single polymer/coating,Low_Compatibility,54.17,0.4444444444444445,,0,59.9491,,,,True,18
SEA_007,Squid,PM010,BOPET,Polymer film,Single polymer/coating,Low_Compatibility,54.17,0.4444444444444445,,0,59.9491,,,,True,19
SEA_007,Squid,PM011,Metallized PET,Polymer film,Single polymer/coating,Low_Compatibility,54.17,0.4444444444444445,,0,59.9491,,,,True,20
SEA_007,Squid,PM012,PVdC-coated PET,Polymer film,Single polymer/coating,Low_Compatibility,54.17,0.4444444444444445,,0,59.9491,,,,True,21
SEA_007,Squid,PM013,PA6 / Nylon-6,Multilayer laminate/structure,Multilayer,Low_Compatibility,54.17,0.4444444444444445,,0,59.9491,,,,True,22
SEA_007,Squid,PM014,BOPA / Oriented Nylon,Multilayer laminate/structure,Multilayer,Low_Compatibility,54.17,0.4444444444444445,,0,59.9491,,,,True,23
SEA_007,Squid,PM016,PVdC,Polymer film,Single polymer/coating,Conditionally_Compatible,54.17,0.4444444444444445,,0,59.9491,,,,True,24
SEA_007,Squid,PM025,Coated cellulose film,Paper/cellulosic,Paper/film,Conditionally_Compatible,54.17,0.4444444444444445,,0,59.9491,,,,True,25
SEA_007,Squid,PM015,EVOH,Polymer film,Single polymer/coating,Low_Compatibility,45.14,0.4444444444444445,,0,52.3636,,,,True,26
SEA_007,Squid,PM017,PVC rigid,Polymer film,Single polymer/coating,Low_Compatibility,45.14,0.4444444444444445,,0,52.3636,,,,True,27
SEA_007,Squid,PM020,HIPS,Polymer film,Single polymer/coating,Low_Compatibility,45.14,0.4444444444444445,,0,52.3636,,,,True,28
SEA_007,Squid,PM022,PLA,Biodegradable polymer,Polymer film,Low_Compatibility,45.14,0.4444444444444445,,0,52.3636,,,,True,29
SEA_007,Squid,PM023,PHA,Biodegradable polymer,Polymer film,Low_Compatibility,45.14,0.4444444444444445,,0,52.3636,,,,True,30
SEA_007,Squid,PM027,Coated paper,Paper/cellulosic,Paper/film,Low_Compatibility,45.14,0.4444444444444445,,0,52.3636,,,,True,31
SEA_007,Squid,PM029,Aluminum foil,Metal,Rigid/foil metal,Low_Compatibility,45.14,0.4444444444444445,,0,52.3636,,,,True,32
SEA_007,Squid,PM018,PVC plasticized,Polymer film,Single polymer/coating,Low_Compatibility,44.45,0.3333333333333334,,0,50.6728,,,,True,33
SEA_007,Squid,PM019,PS,Polymer film,Single polymer/coating,Low_Compatibility,36.11,0.4444444444444445,,0,44.7781,,,,True,34
SEA_007,Squid,PM026,Kraft paper,Paper/cellulosic,Paper/film,Low_Compatibility,36.11,0.4444444444444445,,0,44.7781,,,,True,35
SEA_007,Squid,PM028,Glassine paper,Paper/cellulosic,Paper/film,Low_Compatibility,36.11,0.4444444444444445,,0,44.7781,,,,True,36
SEA_007,Squid,PM024,Cellulose film,Paper/cellulosic,Paper/film,Low_Compatibility,33.33,0.3333333333333334,,0,41.3317,,,,True,37
SEA_007,Squid,PM030,Tinplate steel,Metal,Rigid/foil metal,Low_Compatibility,33.33,0.3333333333333334,,0,41.3317,,,,True,38
SEA_007,Squid,PM040,Breathable cellulose film,Fresh-produce breathable film,Breathable film,Low_Compatibility,33.33,0.3333333333333334,,0,41.3317,,,,True,39
SEA_007,Squid,PM021,EPS,Polymer film,Single polymer/coating,Low_Compatibility,18.06,0.4444444444444445,,0,29.6155,,,,True,40
FRU_013,Strawberry,PM001,LDPE,Polymer film,Single polymer/coating,Compatible,83.33,0.6666666666666666,,0,86.6667,,,,True,1
FRU_013,Strawberry,PM002,LLDPE,Polymer film,Single polymer/coating,Compatible,83.33,0.6666666666666666,,0,86.6667,,,,True,2
FRU_013,Strawberry,PM003,MDPE,Polymer film,Single polymer/coating,Compatible,83.33,0.6666666666666666,,0,86.6667,,,,True,3
FRU_013,Strawberry,PM007,BOPP,Polymer film,Single polymer/coating,Compatible,83.33,0.6666666666666666,,0,86.6667,,,,True,4
FRU_013,Strawberry,PM013,PA6 / Nylon-6,Multilayer laminate/structure,Multilayer,Compatible,83.33,0.6666666666666666,,0,86.6667,,,,True,5
FRU_013,Strawberry,PM014,BOPA / Oriented Nylon,Multilayer laminate/structure,Multilayer,Compatible,83.33,0.6666666666666666,,0,86.6667,,,,True,6
FRU_013,Strawberry,PM018,PVC plasticized,Polymer film,Single polymer/coating,Compatible,83.33,0.6666666666666666,,0,86.6667,,,,True,7
FRU_013,Strawberry,PM019,PS,Polymer film,Single polymer/coating,Compatible,83.33,0.6666666666666666,,0,86.6667,,,,True,8
FRU_013,Strawberry,PM020,HIPS,Polymer film,Single polymer/coating,Compatible,83.33,0.6666666666666666,,0,86.6667,,,,True,9
FRU_013,Strawberry,PM021,EPS,Polymer film,Single polymer/coating,Compatible,83.33,0.6666666666666666,,0,86.6667,,,,True,10
FRU_013,Strawberry,PM022,PLA,Biodegradable polymer,Polymer film,Compatible,83.33,0.6666666666666666,,0,86.6667,,,,True,11
FRU_013,Strawberry,PM023,PHA,Biodegradable polymer,Polymer film,Compatible,83.33,0.6666666666666666,,0,86.6667,,,,True,12
FRU_013,Strawberry,PM024,Cellulose film,Paper/cellulosic,Paper/film,Compatible,83.33,0.6666666666666666,,0,86.6667,,,,True,13
FRU_013,Strawberry,PM025,Coated cellulose film,Paper/cellulosic,Paper/film,Compatible,83.33,0.6666666666666666,,0,86.6667,,,,True,14
FRU_013,Strawberry,PM026,Kraft paper,Paper/cellulosic,Paper/film,Compatible,83.33,0.6666666666666666,,0,86.6667,,,,True,15
FRU_013,Strawberry,PM027,Coated paper,Paper/cellulosic,Paper/film,Compatible,83.33,0.6666666666666666,,0,86.6667,,,,True,16
FRU_013,Strawberry,PM028,Glassine paper,Paper/cellulosic,Paper/film,Compatible,83.33,0.6666666666666666,,0,86.6667,,,,True,17
FRU_013,Strawberry,PM038,Micro-perforated PE film,Fresh-produce breathable film,Perforated film,Compatible,83.33,0.6666666666666666,,0,86.6667,,,,True,18
FRU_013,Strawberry,PM039,Micro-perforated PP film,Fresh-produce breathable film,Perforated film,Compatible,83.33,0.6666666666666666,,0,86.6667,,,,True,19
FRU_013,Strawberry,PM040,Breathable cellulose film,Fresh-produce breathable film,Breathable film,Compatible,83.33,0.6666666666666666,,0,86.6667,,,,True,20
FRU_013,Strawberry,PM004,HDPE,Polymer film,Single polymer/coating,Low_Compatibility,41.67,0.6666666666666666,,0,51.6709,,,,True,21
FRU_013,Strawberry,PM031,PET/PE laminate,Multilayer laminate/structure,Multilayer,Low_Compatibility,41.67,0.6666666666666666,,0,51.6709,,,,True,22
FRU_013,Strawberry,PM033,PET/CPP laminate,Multilayer laminate/structure,Multilayer,Low_Compatibility,41.67,0.6666666666666666,,0,51.6709,,,,True,23
FRU_013,Strawberry,PM037,BOPP/CPP laminate,Multilayer laminate/structure,Multilayer,Low_Compatibility,41.67,0.6666666666666666,,0,51.6709,,,,True,24
FRU_013,Strawberry,PM005,PP,Polymer film,Single polymer/coating,Low_Compatibility,0.0,0.6666666666666666,,0,16.6667,,,,True,25
FRU_013,Strawberry,PM006,CPP,Polymer film,Single polymer/coating,Low_Compatibility,0.0,0.6666666666666666,,0,16.6667,,,,True,26
FRU_013,Strawberry,PM008,Metallized BOPP,Polymer film,Single polymer/coating,Low_Compatibility,0.0,0.6666666666666666,,0,16.6667,,,,True,27
FRU_013,Strawberry,PM009,PET,Polymer film,Single polymer/coating,Low_Compatibility,0.0,0.6666666666666666,,0,16.6667,,,,True,28
FRU_013,Strawberry,PM010,BOPET,Polymer film,Single polymer/coating,Low_Compatibility,0.0,0.6666666666666666,,0,16.6667,,,,True,29
FRU_013,Strawberry,PM011,Metallized PET,Polymer film,Single polymer/coating,Low_Compatibility,0.0,0.6666666666666666,,0,16.6667,,,,True,30
FRU_013,Strawberry,PM012,PVdC-coated PET,Polymer film,Single polymer/coating,Low_Compatibility,0.0,0.6666666666666666,,0,16.6667,,,,True,31
FRU_013,Strawberry,PM016,PVdC,Polymer film,Single polymer/coating,Low_Compatibility,0.0,0.6666666666666666,,0,16.6667,,,,True,32
FRU_013,Strawberry,PM017,PVC rigid,Polymer film,Single polymer/coating,Low_Compatibility,0.0,0.6666666666666666,,0,16.6667,,,,True,33
FRU_013,Strawberry,PM029,Aluminum foil,Metal,Rigid/foil metal,Low_Compatibility,0.0,0.6666666666666666,,0,16.6667,,,,True,34
FRU_013,Strawberry,PM030,Tinplate steel,Metal,Rigid/foil metal,Low_Compatibility,0.0,0.6666666666666666,,0,16.6667,,,,True,35
FRU_013,Strawberry,PM032,PA/PE laminate,Multilayer laminate/structure,Multilayer,Low_Compatibility,0.0,0.6666666666666666,,0,16.6667,,,,True,36
FRU_013,Strawberry,PM034,PET/Al/PE laminate,Multilayer laminate/structure,Multilayer,Low_Compatibility,0.0,0.6666666666666666,,0,16.6667,,,,True,37
FRU_013,Strawberry,PM035,PET/EVOH/PE laminate,Multilayer laminate/structure,Multilayer,Low_Compatibility,0.0,0.6666666666666666,,0,16.6667,,,,True,38
FRU_013,Strawberry,PM036,PE/PA/EVOH/PE laminate,Multilayer laminate/structure,Multilayer,Low_Compatibility,0.0,0.6666666666666666,,0,16.6667,,,,True,39
FRU_013,Strawberry,PM015,EVOH,Polymer film,Single polymer/coating,Insufficient_Evidence,,0.0,,0,,,,Excluded from recommendation pool because deterministic evidence is insufficient,False,40
VEG_019,Sweet Corn,PM001,LDPE,Polymer film,Single polymer/coating,Compatible,83.33,0.6666666666666666,,0,86.6667,,,,True,1
VEG_019,Sweet Corn,PM002,LLDPE,Polymer film,Single polymer/coating,Compatible,83.33,0.6666666666666666,,0,86.6667,,,,True,2
VEG_019,Sweet Corn,PM013,PA6 / Nylon-6,Multilayer laminate/structure,Multilayer,Compatible,83.33,0.6666666666666666,,0,86.6667,,,,True,3
VEG_019,Sweet Corn,PM014,BOPA / Oriented Nylon,Multilayer laminate/structure,Multilayer,Compatible,83.33,0.6666666666666666,,0,86.6667,,,,True,4
VEG_019,Sweet Corn,PM019,PS,Polymer film,Single polymer/coating,Compatible,83.33,0.6666666666666666,,0,86.6667,,,,True,5
VEG_019,Sweet Corn,PM020,HIPS,Polymer film,Single polymer/coating,Compatible,83.33,0.6666666666666666,,0,86.6667,,,,True,6
VEG_019,Sweet Corn,PM021,EPS,Polymer film,Single polymer/coating,Compatible,83.33,0.6666666666666666,,0,86.6667,,,,True,7
VEG_019,Sweet Corn,PM024,Cellulose film,Paper/cellulosic,Paper/film,Compatible,83.33,0.6666666666666666,,0,86.6667,,,,True,8
VEG_019,Sweet Corn,PM026,Kraft paper,Paper/cellulosic,Paper/film,Compatible,83.33,0.6666666666666666,,0,86.6667,,,,True,9
VEG_019,Sweet Corn,PM038,Micro-perforated PE film,Fresh-produce breathable film,Perforated film,Compatible,83.33,0.6666666666666666,,0,86.6667,,,,True,10
VEG_019,Sweet Corn,PM039,Micro-perforated PP film,Fresh-produce breathable film,Perforated film,Compatible,83.33,0.6666666666666666,,0,86.6667,,,,True,11
VEG_019,Sweet Corn,PM040,Breathable cellulose film,Fresh-produce breathable film,Breathable film,Compatible,83.33,0.6666666666666666,,0,86.6667,,,,True,12
VEG_019,Sweet Corn,PM003,MDPE,Polymer film,Single polymer/coating,Low_Compatibility,41.67,0.6666666666666666,,0,51.6709,,,,True,13
VEG_019,Sweet Corn,PM007,BOPP,Polymer film,Single polymer/coating,Low_Compatibility,41.67,0.6666666666666666,,0,51.6709,,,,True,14
VEG_019,Sweet Corn,PM018,PVC plasticized,Polymer film,Single polymer/coating,Low_Compatibility,41.67,0.6666666666666666,,0,51.6709,,,,True,15
VEG_019,Sweet Corn,PM022,PLA,Biodegradable polymer,Polymer film,Low_Compatibility,41.67,0.6666666666666666,,0,51.6709,,,,True,16
VEG_019,Sweet Corn,PM023,PHA,Biodegradable polymer,Polymer film,Low_Compatibility,41.67,0.6666666666666666,,0,51.6709,,,,True,17
VEG_019,Sweet Corn,PM025,Coated cellulose film,Paper/cellulosic,Paper/film,Low_Compatibility,41.67,0.6666666666666666,,0,51.6709,,,,True,18
VEG_019,Sweet Corn,PM027,Coated paper,Paper/cellulosic,Paper/film,Low_Compatibility,41.67,0.6666666666666666,,0,51.6709,,,,True,19
VEG_019,Sweet Corn,PM004,HDPE,Polymer film,Single polymer/coating,Low_Compatibility,0.0,0.6666666666666666,,0,16.6667,,,,True,20
VEG_019,Sweet Corn,PM005,PP,Polymer film,Single polymer/coating,Low_Compatibility,0.0,0.6666666666666666,,0,16.6667,,,,True,21
VEG_019,Sweet Corn,PM006,CPP,Polymer film,Single polymer/coating,Low_Compatibility,0.0,0.6666666666666666,,0,16.6667,,,,True,22
VEG_019,Sweet Corn,PM008,Metallized BOPP,Polymer film,Single polymer/coating,Low_Compatibility,0.0,0.6666666666666666,,0,16.6667,,,,True,23
VEG_019,Sweet Corn,PM009,PET,Polymer film,Single polymer/coating,Low_Compatibility,0.0,0.6666666666666666,,0,16.6667,,,,True,24
VEG_019,Sweet Corn,PM010,BOPET,Polymer film,Single polymer/coating,Low_Compatibility,0.0,0.6666666666666666,,0,16.6667,,,,True,25
VEG_019,Sweet Corn,PM011,Metallized PET,Polymer film,Single polymer/coating,Low_Compatibility,0.0,0.6666666666666666,,0,16.6667,,,,True,26
VEG_019,Sweet Corn,PM012,PVdC-coated PET,Polymer film,Single polymer/coating,Low_Compatibility,0.0,0.6666666666666666,,0,16.6667,,,,True,27
VEG_019,Sweet Corn,PM016,PVdC,Polymer film,Single polymer/coating,Low_Compatibility,0.0,0.6666666666666666,,0,16.6667,,,,True,28
VEG_019,Sweet Corn,PM017,PVC rigid,Polymer film,Single polymer/coating,Low_Compatibility,0.0,0.6666666666666666,,0,16.6667,,,,True,29
VEG_019,Sweet Corn,PM028,Glassine paper,Paper/cellulosic,Paper/film,Low_Compatibility,0.0,0.6666666666666666,,0,16.6667,,,,True,30
VEG_019,Sweet Corn,PM029,Aluminum foil,Metal,Rigid/foil metal,Low_Compatibility,0.0,0.6666666666666666,,0,16.6667,,,,True,31
VEG_019,Sweet Corn,PM030,Tinplate steel,Metal,Rigid/foil metal,Low_Compatibility,0.0,0.6666666666666666,,0,16.6667,,,,True,32
VEG_019,Sweet Corn,PM031,PET/PE laminate,Multilayer laminate/structure,Multilayer,Low_Compatibility,0.0,0.6666666666666666,,0,16.6667,,,,True,33
VEG_019,Sweet Corn,PM032,PA/PE laminate,Multilayer laminate/structure,Multilayer,Low_Compatibility,0.0,0.6666666666666666,,0,16.6667,,,,True,34
VEG_019,Sweet Corn,PM033,PET/CPP laminate,Multilayer laminate/structure,Multilayer,Low_Compatibility,0.0,0.6666666666666666,,0,16.6667,,,,True,35
VEG_019,Sweet Corn,PM034,PET/Al/PE laminate,Multilayer laminate/structure,Multilayer,Low_Compatibility,0.0,0.6666666666666666,,0,16.6667,,,,True,36
VEG_019,Sweet Corn,PM035,PET/EVOH/PE laminate,Multilayer laminate/structure,Multilayer,Low_Compatibility,0.0,0.6666666666666666,,0,16.6667,,,,True,37
VEG_019,Sweet Corn,PM036,PE/PA/EVOH/PE laminate,Multilayer laminate/structure,Multilayer,Low_Compatibility,0.0,0.6666666666666666,,0,16.6667,,,,True,38
VEG_019,Sweet Corn,PM037,BOPP/CPP laminate,Multilayer laminate/structure,Multilayer,Low_Compatibility,0.0,0.6666666666666666,,0,16.6667,,,,True,39
VEG_019,Sweet Corn,PM015,EVOH,Polymer film,Single polymer/coating,Insufficient_Evidence,,0.0,,0,,,,Excluded from recommendation pool because deterministic evidence is insufficient,False,40
VEG_022,Sweet Potato,PM001,LDPE,Polymer film,Single polymer/coating,Insufficient_Evidence,,0.0,,0,,,,Excluded from recommendation pool because deterministic evidence is insufficient,False,1
VEG_022,Sweet Potato,PM002,LLDPE,Polymer film,Single polymer/coating,Insufficient_Evidence,,0.0,,0,,,,Excluded from recommendation pool because deterministic evidence is insufficient,False,2
VEG_022,Sweet Potato,PM003,MDPE,Polymer film,Single polymer/coating,Insufficient_Evidence,,0.0,,0,,,,Excluded from recommendation pool because deterministic evidence is insufficient,False,3
VEG_022,Sweet Potato,PM004,HDPE,Polymer film,Single polymer/coating,Insufficient_Evidence,,0.0,,0,,,,Excluded from recommendation pool because deterministic evidence is insufficient,False,4
VEG_022,Sweet Potato,PM005,PP,Polymer film,Single polymer/coating,Insufficient_Evidence,,0.0,,0,,,,Excluded from recommendation pool because deterministic evidence is insufficient,False,5
VEG_022,Sweet Potato,PM006,CPP,Polymer film,Single polymer/coating,Insufficient_Evidence,,0.0,,0,,,,Excluded from recommendation pool because deterministic evidence is insufficient,False,6
VEG_022,Sweet Potato,PM007,BOPP,Polymer film,Single polymer/coating,Insufficient_Evidence,,0.0,,0,,,,Excluded from recommendation pool because deterministic evidence is insufficient,False,7
VEG_022,Sweet Potato,PM008,Metallized BOPP,Polymer film,Single polymer/coating,Insufficient_Evidence,,0.0,,0,,,,Excluded from recommendation pool because deterministic evidence is insufficient,False,8
VEG_022,Sweet Potato,PM009,PET,Polymer film,Single polymer/coating,Insufficient_Evidence,,0.0,,0,,,,Excluded from recommendation pool because deterministic evidence is insufficient,False,9
VEG_022,Sweet Potato,PM010,BOPET,Polymer film,Single polymer/coating,Insufficient_Evidence,,0.0,,0,,,,Excluded from recommendation pool because deterministic evidence is insufficient,False,10
VEG_022,Sweet Potato,PM011,Metallized PET,Polymer film,Single polymer/coating,Insufficient_Evidence,,0.0,,0,,,,Excluded from recommendation pool because deterministic evidence is insufficient,False,11
VEG_022,Sweet Potato,PM012,PVdC-coated PET,Polymer film,Single polymer/coating,Insufficient_Evidence,,0.0,,0,,,,Excluded from recommendation pool because deterministic evidence is insufficient,False,12
VEG_022,Sweet Potato,PM013,PA6 / Nylon-6,Multilayer laminate/structure,Multilayer,Insufficient_Evidence,,0.0,,0,,,,Excluded from recommendation pool because deterministic evidence is insufficient,False,13
VEG_022,Sweet Potato,PM014,BOPA / Oriented Nylon,Multilayer laminate/structure,Multilayer,Insufficient_Evidence,,0.0,,0,,,,Excluded from recommendation pool because deterministic evidence is insufficient,False,14
VEG_022,Sweet Potato,PM015,EVOH,Polymer film,Single polymer/coating,Insufficient_Evidence,,0.0,,0,,,,Excluded from recommendation pool because deterministic evidence is insufficient,False,15
VEG_022,Sweet Potato,PM016,PVdC,Polymer film,Single polymer/coating,Insufficient_Evidence,,0.0,,0,,,,Excluded from recommendation pool because deterministic evidence is insufficient,False,16
VEG_022,Sweet Potato,PM017,PVC rigid,Polymer film,Single polymer/coating,Insufficient_Evidence,,0.0,,0,,,,Excluded from recommendation pool because deterministic evidence is insufficient,False,17
VEG_022,Sweet Potato,PM018,PVC plasticized,Polymer film,Single polymer/coating,Insufficient_Evidence,,0.0,,0,,,,Excluded from recommendation pool because deterministic evidence is insufficient,False,18
VEG_022,Sweet Potato,PM019,PS,Polymer film,Single polymer/coating,Insufficient_Evidence,,0.0,,0,,,,Excluded from recommendation pool because deterministic evidence is insufficient,False,19
VEG_022,Sweet Potato,PM020,HIPS,Polymer film,Single polymer/coating,Insufficient_Evidence,,0.0,,0,,,,Excluded from recommendation pool because deterministic evidence is insufficient,False,20
VEG_022,Sweet Potato,PM021,EPS,Polymer film,Single polymer/coating,Insufficient_Evidence,,0.0,,0,,,,Excluded from recommendation pool because deterministic evidence is insufficient,False,21
VEG_022,Sweet Potato,PM022,PLA,Biodegradable polymer,Polymer film,Insufficient_Evidence,,0.0,,0,,,,Excluded from recommendation pool because deterministic evidence is insufficient,False,22
VEG_022,Sweet Potato,PM023,PHA,Biodegradable polymer,Polymer film,Insufficient_Evidence,,0.0,,0,,,,Excluded from recommendation pool because deterministic evidence is insufficient,False,23
VEG_022,Sweet Potato,PM024,Cellulose film,Paper/cellulosic,Paper/film,Insufficient_Evidence,,0.0,,0,,,,Excluded from recommendation pool because deterministic evidence is insufficient,False,24
VEG_022,Sweet Potato,PM025,Coated cellulose film,Paper/cellulosic,Paper/film,Insufficient_Evidence,,0.0,,0,,,,Excluded from recommendation pool because deterministic evidence is insufficient,False,25
VEG_022,Sweet Potato,PM026,Kraft paper,Paper/cellulosic,Paper/film,Insufficient_Evidence,,0.0,,0,,,,Excluded from recommendation pool because deterministic evidence is insufficient,False,26
VEG_022,Sweet Potato,PM027,Coated paper,Paper/cellulosic,Paper/film,Insufficient_Evidence,,0.0,,0,,,,Excluded from recommendation pool because deterministic evidence is insufficient,False,27
VEG_022,Sweet Potato,PM028,Glassine paper,Paper/cellulosic,Paper/film,Insufficient_Evidence,,0.0,,0,,,,Excluded from recommendation pool because deterministic evidence is insufficient,False,28
VEG_022,Sweet Potato,PM029,Aluminum foil,Metal,Rigid/foil metal,Insufficient_Evidence,,0.0,,0,,,,Excluded from recommendation pool because deterministic evidence is insufficient,False,29
VEG_022,Sweet Potato,PM030,Tinplate steel,Metal,Rigid/foil metal,Insufficient_Evidence,,0.0,,0,,,,Excluded from recommendation pool because deterministic evidence is insufficient,False,30
VEG_022,Sweet Potato,PM031,PET/PE laminate,Multilayer laminate/structure,Multilayer,Insufficient_Evidence,,0.0,,0,,,,Excluded from recommendation pool because deterministic evidence is insufficient,False,31
VEG_022,Sweet Potato,PM032,PA/PE laminate,Multilayer laminate/structure,Multilayer,Insufficient_Evidence,,0.0,,0,,,,Excluded from recommendation pool because deterministic evidence is insufficient,False,32
VEG_022,Sweet Potato,PM033,PET/CPP laminate,Multilayer laminate/structure,Multilayer,Insufficient_Evidence,,0.0,,0,,,,Excluded from recommendation pool because deterministic evidence is insufficient,False,33
VEG_022,Sweet Potato,PM034,PET/Al/PE laminate,Multilayer laminate/structure,Multilayer,Insufficient_Evidence,,0.0,,0,,,,Excluded from recommendation pool because deterministic evidence is insufficient,False,34
VEG_022,Sweet Potato,PM035,PET/EVOH/PE laminate,Multilayer laminate/structure,Multilayer,Insufficient_Evidence,,0.0,,0,,,,Excluded from recommendation pool because deterministic evidence is insufficient,False,35
VEG_022,Sweet Potato,PM036,PE/PA/EVOH/PE laminate,Multilayer laminate/structure,Multilayer,Insufficient_Evidence,,0.0,,0,,,,Excluded from recommendation pool because deterministic evidence is insufficient,False,36
VEG_022,Sweet Potato,PM037,BOPP/CPP laminate,Multilayer laminate/structure,Multilayer,Insufficient_Evidence,,0.0,,0,,,,Excluded from recommendation pool because deterministic evidence is insufficient,False,37
VEG_022,Sweet Potato,PM038,Micro-perforated PE film,Fresh-produce breathable film,Perforated film,Insufficient_Evidence,,0.0,,0,,,,Excluded from recommendation pool because deterministic evidence is insufficient,False,38
VEG_022,Sweet Potato,PM039,Micro-perforated PP film,Fresh-produce breathable film,Perforated film,Insufficient_Evidence,,0.0,,0,,,,Excluded from recommendation pool because deterministic evidence is insufficient,False,39
VEG_022,Sweet Potato,PM040,Breathable cellulose film,Fresh-produce breathable film,Breathable film,Insufficient_Evidence,,0.0,,0,,,,Excluded from recommendation pool because deterministic evidence is insufficient,False,40
VEG_001,Tomato,PM001,LDPE,Polymer film,Single polymer/coating,Compatible,83.33,0.6666666666666666,,0,86.6667,,,,True,1
VEG_001,Tomato,PM002,LLDPE,Polymer film,Single polymer/coating,Compatible,83.33,0.6666666666666666,,0,86.6667,,,,True,2
VEG_001,Tomato,PM003,MDPE,Polymer film,Single polymer/coating,Compatible,83.33,0.6666666666666666,,0,86.6667,,,,True,3
VEG_001,Tomato,PM004,HDPE,Polymer film,Single polymer/coating,Compatible,83.33,0.6666666666666666,,0,86.6667,,,,True,4
VEG_001,Tomato,PM005,PP,Polymer film,Single polymer/coating,Compatible,83.33,0.6666666666666666,,0,86.6667,,,,True,5
VEG_001,Tomato,PM006,CPP,Polymer film,Single polymer/coating,Compatible,83.33,0.6666666666666666,,0,86.6667,,,,True,6
VEG_001,Tomato,PM007,BOPP,Polymer film,Single polymer/coating,Compatible,83.33,0.6666666666666666,,0,86.6667,,,,True,7
VEG_001,Tomato,PM009,PET,Polymer film,Single polymer/coating,Compatible,83.33,0.6666666666666666,,0,86.6667,,,,True,8
VEG_001,Tomato,PM010,BOPET,Polymer film,Single polymer/coating,Compatible,83.33,0.6666666666666666,,0,86.6667,,,,True,9
VEG_001,Tomato,PM013,PA6 / Nylon-6,Multilayer laminate/structure,Multilayer,Compatible,83.33,0.6666666666666666,,0,86.6667,,,,True,10
VEG_001,Tomato,PM014,BOPA / Oriented Nylon,Multilayer laminate/structure,Multilayer,Compatible,83.33,0.6666666666666666,,0,86.6667,,,,True,11
VEG_001,Tomato,PM017,PVC rigid,Polymer film,Single polymer/coating,Compatible,83.33,0.6666666666666666,,0,86.6667,,,,True,12
VEG_001,Tomato,PM018,PVC plasticized,Polymer film,Single polymer/coating,Compatible,83.33,0.6666666666666666,,0,86.6667,,,,True,13
VEG_001,Tomato,PM019,PS,Polymer film,Single polymer/coating,Compatible,83.33,0.6666666666666666,,0,86.6667,,,,True,14
VEG_001,Tomato,PM020,HIPS,Polymer film,Single polymer/coating,Compatible,83.33,0.6666666666666666,,0,86.6667,,,,True,15
VEG_001,Tomato,PM021,EPS,Polymer film,Single polymer/coating,Compatible,83.33,0.6666666666666666,,0,86.6667,,,,True,16
VEG_001,Tomato,PM022,PLA,Biodegradable polymer,Polymer film,Compatible,83.33,0.6666666666666666,,0,86.6667,,,,True,17
VEG_001,Tomato,PM023,PHA,Biodegradable polymer,Polymer film,Compatible,83.33,0.6666666666666666,,0,86.6667,,,,True,18
VEG_001,Tomato,PM024,Cellulose film,Paper/cellulosic,Paper/film,Compatible,83.33,0.6666666666666666,,0,86.6667,,,,True,19
VEG_001,Tomato,PM025,Coated cellulose film,Paper/cellulosic,Paper/film,Compatible,83.33,0.6666666666666666,,0,86.6667,,,,True,20
VEG_001,Tomato,PM026,Kraft paper,Paper/cellulosic,Paper/film,Compatible,83.33,0.6666666666666666,,0,86.6667,,,,True,21
VEG_001,Tomato,PM027,Coated paper,Paper/cellulosic,Paper/film,Compatible,83.33,0.6666666666666666,,0,86.6667,,,,True,22
VEG_001,Tomato,PM028,Glassine paper,Paper/cellulosic,Paper/film,Compatible,83.33,0.6666666666666666,,0,86.6667,,,,True,23
VEG_001,Tomato,PM031,PET/PE laminate,Multilayer laminate/structure,Multilayer,Compatible,83.33,0.6666666666666666,,0,86.6667,,,,True,24
VEG_001,Tomato,PM033,PET/CPP laminate,Multilayer laminate/structure,Multilayer,Compatible,83.33,0.6666666666666666,,0,86.6667,,,,True,25
VEG_001,Tomato,PM037,BOPP/CPP laminate,Multilayer laminate/structure,Multilayer,Compatible,83.33,0.6666666666666666,,0,86.6667,,,,True,26
VEG_001,Tomato,PM038,Micro-perforated PE film,Fresh-produce breathable film,Perforated film,Compatible,83.33,0.6666666666666666,,0,86.6667,,,,True,27
VEG_001,Tomato,PM039,Micro-perforated PP film,Fresh-produce breathable film,Perforated film,Compatible,83.33,0.6666666666666666,,0,86.6667,,,,True,28
VEG_001,Tomato,PM040,Breathable cellulose film,Fresh-produce breathable film,Breathable film,Compatible,83.33,0.6666666666666666,,0,86.6667,,,,True,29
VEG_001,Tomato,PM008,Metallized BOPP,Polymer film,Single polymer/coating,Low_Compatibility,41.67,0.6666666666666666,,0,51.6709,,,,True,30
VEG_001,Tomato,PM011,Metallized PET,Polymer film,Single polymer/coating,Low_Compatibility,41.67,0.6666666666666666,,0,51.6709,,,,True,31
VEG_001,Tomato,PM012,PVdC-coated PET,Polymer film,Single polymer/coating,Low_Compatibility,41.67,0.6666666666666666,,0,51.6709,,,,True,32
VEG_001,Tomato,PM016,PVdC,Polymer film,Single polymer/coating,Low_Compatibility,41.67,0.6666666666666666,,0,51.6709,,,,True,33
VEG_001,Tomato,PM032,PA/PE laminate,Multilayer laminate/structure,Multilayer,Low_Compatibility,41.67,0.6666666666666666,,0,51.6709,,,,True,34
VEG_001,Tomato,PM029,Aluminum foil,Metal,Rigid/foil metal,Low_Compatibility,0.0,0.6666666666666666,,0,16.6667,,,,True,35
VEG_001,Tomato,PM030,Tinplate steel,Metal,Rigid/foil metal,Low_Compatibility,0.0,0.6666666666666666,,0,16.6667,,,,True,36
VEG_001,Tomato,PM034,PET/Al/PE laminate,Multilayer laminate/structure,Multilayer,Low_Compatibility,0.0,0.6666666666666666,,0,16.6667,,,,True,37
VEG_001,Tomato,PM035,PET/EVOH/PE laminate,Multilayer laminate/structure,Multilayer,Low_Compatibility,0.0,0.6666666666666666,,0,16.6667,,,,True,38
VEG_001,Tomato,PM036,PE/PA/EVOH/PE laminate,Multilayer laminate/structure,Multilayer,Low_Compatibility,0.0,0.6666666666666666,,0,16.6667,,,,True,39
VEG_001,Tomato,PM015,EVOH,Polymer film,Single polymer/coating,Insufficient_Evidence,,0.0,,0,,,,Excluded from recommendation pool because deterministic evidence is insufficient,False,40
PREP_010,Tomato chutney,PM002,LLDPE,Polymer film,Single polymer/coating,Conditionally_Compatible,70.0,0.4000000000000001,,0,72.8024,,,,True,1
PREP_010,Tomato chutney,PM003,MDPE,Polymer film,Single polymer/coating,Conditionally_Compatible,70.0,0.4000000000000001,,0,72.8024,,,,True,2
PREP_010,Tomato chutney,PM006,CPP,Polymer film,Single polymer/coating,Conditionally_Compatible,70.0,0.4000000000000001,,0,72.8024,,,,True,3
PREP_010,Tomato chutney,PM031,PET/PE laminate,Multilayer laminate/structure,Multilayer,Conditionally_Compatible,70.0,0.4000000000000001,,0,72.8024,,,,True,4
PREP_010,Tomato chutney,PM032,PA/PE laminate,Multilayer laminate/structure,Multilayer,Conditionally_Compatible,70.0,0.4000000000000001,,0,72.8024,,,,True,5
PREP_010,Tomato chutney,PM033,PET/CPP laminate,Multilayer laminate/structure,Multilayer,Conditionally_Compatible,70.0,0.4000000000000001,,0,72.8024,,,,True,6
PREP_010,Tomato chutney,PM037,BOPP/CPP laminate,Multilayer laminate/structure,Multilayer,Conditionally_Compatible,70.0,0.4000000000000001,,0,72.8024,,,,True,7
PREP_010,Tomato chutney,PM039,Micro-perforated PP film,Fresh-produce breathable film,Perforated film,Conditionally_Compatible,70.0,0.4000000000000001,,0,72.8024,,,,True,8
PREP_010,Tomato chutney,PM001,LDPE,Polymer film,Single polymer/coating,Conditionally_Compatible,61.25,0.4000000000000001,,0,65.4521,,,,True,9
PREP_010,Tomato chutney,PM004,HDPE,Polymer film,Single polymer/coating,Conditionally_Compatible,61.25,0.4000000000000001,,0,65.4521,,,,True,10
PREP_010,Tomato chutney,PM005,PP,Polymer film,Single polymer/coating,Conditionally_Compatible,61.25,0.4000000000000001,,0,65.4521,,,,True,11
PREP_010,Tomato chutney,PM034,PET/Al/PE laminate,Multilayer laminate/structure,Multilayer,Conditionally_Compatible,61.25,0.4000000000000001,,0,65.4521,,,,True,12
PREP_010,Tomato chutney,PM035,PET/EVOH/PE laminate,Multilayer laminate/structure,Multilayer,Conditionally_Compatible,61.25,0.4000000000000001,,0,65.4521,,,,True,13
PREP_010,Tomato chutney,PM038,Micro-perforated PE film,Fresh-produce breathable film,Perforated film,Conditionally_Compatible,61.25,0.4000000000000001,,0,65.4521,,,,True,14
PREP_010,Tomato chutney,PM036,PE/PA/EVOH/PE laminate,Multilayer laminate/structure,Multilayer,Conditionally_Compatible,54.16,0.3000000000000001,,0,58.4962,,,,True,15
PREP_010,Tomato chutney,PM007,BOPP,Polymer film,Single polymer/coating,Low_Compatibility,52.5,0.4000000000000001,,0,58.1018,,,,True,16
PREP_010,Tomato chutney,PM008,Metallized BOPP,Polymer film,Single polymer/coating,Low_Compatibility,52.5,0.4000000000000001,,0,58.1018,,,,True,17
PREP_010,Tomato chutney,PM009,PET,Polymer film,Single polymer/coating,Low_Compatibility,52.5,0.4000000000000001,,0,58.1018,,,,True,18
PREP_010,Tomato chutney,PM010,BOPET,Polymer film,Single polymer/coating,Low_Compatibility,52.5,0.4000000000000001,,0,58.1018,,,,True,19
PREP_010,Tomato chutney,PM011,Metallized PET,Polymer film,Single polymer/coating,Low_Compatibility,52.5,0.4000000000000001,,0,58.1018,,,,True,20
PREP_010,Tomato chutney,PM012,PVdC-coated PET,Polymer film,Single polymer/coating,Low_Compatibility,52.5,0.4000000000000001,,0,58.1018,,,,True,21
PREP_010,Tomato chutney,PM013,PA6 / Nylon-6,Multilayer laminate/structure,Multilayer,Low_Compatibility,52.5,0.4000000000000001,,0,58.1018,,,,True,22
PREP_010,Tomato chutney,PM014,BOPA / Oriented Nylon,Multilayer laminate/structure,Multilayer,Low_Compatibility,52.5,0.4000000000000001,,0,58.1018,,,,True,23
PREP_010,Tomato chutney,PM016,PVdC,Polymer film,Single polymer/coating,Conditionally_Compatible,52.5,0.4000000000000001,,0,58.1018,,,,True,24
PREP_010,Tomato chutney,PM025,Coated cellulose film,Paper/cellulosic,Paper/film,Conditionally_Compatible,52.5,0.4000000000000001,,0,58.1018,,,,True,25
PREP_010,Tomato chutney,PM015,EVOH,Polymer film,Single polymer/coating,Low_Compatibility,43.75,0.4000000000000001,,0,50.7515,,,,True,26
PREP_010,Tomato chutney,PM017,PVC rigid,Polymer film,Single polymer/coating,Low_Compatibility,43.75,0.4000000000000001,,0,50.7515,,,,True,27
PREP_010,Tomato chutney,PM020,HIPS,Polymer film,Single polymer/coating,Low_Compatibility,43.75,0.4000000000000001,,0,50.7515,,,,True,28
PREP_010,Tomato chutney,PM022,PLA,Biodegradable polymer,Polymer film,Low_Compatibility,43.75,0.4000000000000001,,0,50.7515,,,,True,29
PREP_010,Tomato chutney,PM023,PHA,Biodegradable polymer,Polymer film,Low_Compatibility,43.75,0.4000000000000001,,0,50.7515,,,,True,30
PREP_010,Tomato chutney,PM027,Coated paper,Paper/cellulosic,Paper/film,Low_Compatibility,43.75,0.4000000000000001,,0,50.7515,,,,True,31
PREP_010,Tomato chutney,PM029,Aluminum foil,Metal,Rigid/foil metal,Low_Compatibility,43.75,0.4000000000000001,,0,50.7515,,,,True,32
PREP_010,Tomato chutney,PM018,PVC plasticized,Polymer film,Single polymer/coating,Low_Compatibility,43.34,0.3000000000000001,,0,49.4071,,,,True,33
PREP_010,Tomato chutney,PM019,PS,Polymer film,Single polymer/coating,Low_Compatibility,35.0,0.4000000000000001,,0,43.4012,,,,True,34
PREP_010,Tomato chutney,PM026,Kraft paper,Paper/cellulosic,Paper/film,Low_Compatibility,35.0,0.4000000000000001,,0,43.4012,,,,True,35
PREP_010,Tomato chutney,PM028,Glassine paper,Paper/cellulosic,Paper/film,Low_Compatibility,35.0,0.4000000000000001,,0,43.4012,,,,True,36
PREP_010,Tomato chutney,PM024,Cellulose film,Paper/cellulosic,Paper/film,Low_Compatibility,32.5,0.3000000000000001,,0,40.3011,,,,True,37
PREP_010,Tomato chutney,PM030,Tinplate steel,Metal,Rigid/foil metal,Low_Compatibility,32.5,0.3000000000000001,,0,40.3011,,,,True,38
PREP_010,Tomato chutney,PM040,Breathable cellulose film,Fresh-produce breathable film,Breathable film,Low_Compatibility,32.5,0.3000000000000001,,0,40.3011,,,,True,39
PREP_010,Tomato chutney,PM021,EPS,Polymer film,Single polymer/coating,Low_Compatibility,17.5,0.4000000000000001,,0,28.7006,,,,True,40
PREP_018,Tomato rice,PM002,LLDPE,Polymer film,Single polymer/coating,Conditionally_Compatible,70.0,0.4000000000000001,,0,72.8024,,,,True,1
PREP_018,Tomato rice,PM003,MDPE,Polymer film,Single polymer/coating,Conditionally_Compatible,70.0,0.4000000000000001,,0,72.8024,,,,True,2
PREP_018,Tomato rice,PM004,HDPE,Polymer film,Single polymer/coating,Conditionally_Compatible,70.0,0.4000000000000001,,0,72.8024,,,,True,3
PREP_018,Tomato rice,PM005,PP,Polymer film,Single polymer/coating,Conditionally_Compatible,70.0,0.4000000000000001,,0,72.8024,,,,True,4
PREP_018,Tomato rice,PM006,CPP,Polymer film,Single polymer/coating,Conditionally_Compatible,70.0,0.4000000000000001,,0,72.8024,,,,True,5
PREP_018,Tomato rice,PM031,PET/PE laminate,Multilayer laminate/structure,Multilayer,Conditionally_Compatible,70.0,0.4000000000000001,,0,72.8024,,,,True,6
PREP_018,Tomato rice,PM033,PET/CPP laminate,Multilayer laminate/structure,Multilayer,Conditionally_Compatible,70.0,0.4000000000000001,,0,72.8024,,,,True,7
PREP_018,Tomato rice,PM037,BOPP/CPP laminate,Multilayer laminate/structure,Multilayer,Conditionally_Compatible,70.0,0.4000000000000001,,0,72.8024,,,,True,8
PREP_018,Tomato rice,PM039,Micro-perforated PP film,Fresh-produce breathable film,Perforated film,Conditionally_Compatible,70.0,0.4000000000000001,,0,72.8024,,,,True,9
PREP_018,Tomato rice,PM001,LDPE,Polymer film,Single polymer/coating,Conditionally_Compatible,61.25,0.4000000000000001,,0,65.4521,,,,True,10
PREP_018,Tomato rice,PM025,Coated cellulose film,Paper/cellulosic,Paper/film,Conditionally_Compatible,61.25,0.4000000000000001,,0,65.4521,,,,True,11
PREP_018,Tomato rice,PM032,PA/PE laminate,Multilayer laminate/structure,Multilayer,Conditionally_Compatible,61.25,0.4000000000000001,,0,65.4521,,,,True,12
PREP_018,Tomato rice,PM038,Micro-perforated PE film,Fresh-produce breathable film,Perforated film,Conditionally_Compatible,61.25,0.4000000000000001,,0,65.4521,,,,True,13
PREP_018,Tomato rice,PM018,PVC plasticized,Polymer film,Single polymer/coating,Conditionally_Compatible,54.16,0.3000000000000001,,0,58.4962,,,,True,14
PREP_018,Tomato rice,PM007,BOPP,Polymer film,Single polymer/coating,Low_Compatibility,52.5,0.4000000000000001,,0,58.1018,,,,True,15
PREP_018,Tomato rice,PM009,PET,Polymer film,Single polymer/coating,Low_Compatibility,52.5,0.4000000000000001,,0,58.1018,,,,True,16
PREP_018,Tomato rice,PM010,BOPET,Polymer film,Single polymer/coating,Low_Compatibility,52.5,0.4000000000000001,,0,58.1018,,,,True,17
PREP_018,Tomato rice,PM013,PA6 / Nylon-6,Multilayer laminate/structure,Multilayer,Low_Compatibility,52.5,0.4000000000000001,,0,58.1018,,,,True,18
PREP_018,Tomato rice,PM014,BOPA / Oriented Nylon,Multilayer laminate/structure,Multilayer,Low_Compatibility,52.5,0.4000000000000001,,0,58.1018,,,,True,19
PREP_018,Tomato rice,PM016,PVdC,Polymer film,Single polymer/coating,Conditionally_Compatible,52.5,0.4000000000000001,,0,58.1018,,,,True,20
PREP_018,Tomato rice,PM017,PVC rigid,Polymer film,Single polymer/coating,Conditionally_Compatible,52.5,0.4000000000000001,,0,58.1018,,,,True,21
PREP_018,Tomato rice,PM020,HIPS,Polymer film,Single polymer/coating,Conditionally_Compatible,52.5,0.4000000000000001,,0,58.1018,,,,True,22
PREP_018,Tomato rice,PM022,PLA,Biodegradable polymer,Polymer film,Conditionally_Compatible,52.5,0.4000000000000001,,0,58.1018,,,,True,23
PREP_018,Tomato rice,PM023,PHA,Biodegradable polymer,Polymer film,Conditionally_Compatible,52.5,0.4000000000000001,,0,58.1018,,,,True,24
PREP_018,Tomato rice,PM034,PET/Al/PE laminate,Multilayer laminate/structure,Multilayer,Conditionally_Compatible,52.5,0.4000000000000001,,0,58.1018,,,,True,25
PREP_018,Tomato rice,PM035,PET/EVOH/PE laminate,Multilayer laminate/structure,Multilayer,Conditionally_Compatible,52.5,0.4000000000000001,,0,58.1018,,,,True,26
PREP_018,Tomato rice,PM008,Metallized BOPP,Polymer film,Single polymer/coating,Low_Compatibility,43.75,0.4000000000000001,,0,50.7515,,,,True,27
PREP_018,Tomato rice,PM011,Metallized PET,Polymer film,Single polymer/coating,Low_Compatibility,43.75,0.4000000000000001,,0,50.7515,,,,True,28
PREP_018,Tomato rice,PM012,PVdC-coated PET,Polymer film,Single polymer/coating,Low_Compatibility,43.75,0.4000000000000001,,0,50.7515,,,,True,29
PREP_018,Tomato rice,PM015,EVOH,Polymer film,Single polymer/coating,Low_Compatibility,43.75,0.4000000000000001,,0,50.7515,,,,True,30
PREP_018,Tomato rice,PM019,PS,Polymer film,Single polymer/coating,Low_Compatibility,43.75,0.4000000000000001,,0,50.7515,,,,True,31
PREP_018,Tomato rice,PM027,Coated paper,Paper/cellulosic,Paper/film,Low_Compatibility,43.75,0.4000000000000001,,0,50.7515,,,,True,32
PREP_018,Tomato rice,PM036,PE/PA/EVOH/PE laminate,Multilayer laminate/structure,Multilayer,Low_Compatibility,43.34,0.3000000000000001,,0,49.4071,,,,True,33
PREP_018,Tomato rice,PM026,Kraft paper,Paper/cellulosic,Paper/film,Low_Compatibility,35.0,0.4000000000000001,,0,43.4012,,,,True,34
PREP_018,Tomato rice,PM028,Glassine paper,Paper/cellulosic,Paper/film,Low_Compatibility,35.0,0.4000000000000001,,0,43.4012,,,,True,35
PREP_018,Tomato rice,PM029,Aluminum foil,Metal,Rigid/foil metal,Low_Compatibility,35.0,0.4000000000000001,,0,43.4012,,,,True,36
PREP_018,Tomato rice,PM024,Cellulose film,Paper/cellulosic,Paper/film,Low_Compatibility,32.5,0.3000000000000001,,0,40.3011,,,,True,37
PREP_018,Tomato rice,PM040,Breathable cellulose film,Fresh-produce breathable film,Breathable film,Low_Compatibility,32.5,0.3000000000000001,,0,40.3011,,,,True,38
PREP_018,Tomato rice,PM030,Tinplate steel,Metal,Rigid/foil metal,Low_Compatibility,21.66,0.3000000000000001,,0,31.1951,,,,True,39
PREP_018,Tomato rice,PM021,EPS,Polymer film,Single polymer/coating,Low_Compatibility,17.5,0.4000000000000001,,0,28.7006,,,,True,40
PREP_003,Vada,PM001,LDPE,Polymer film,Single polymer/coating,Conditionally_Compatible,70.0,0.4000000000000001,,0,72.8024,,,,True,1
PREP_003,Vada,PM002,LLDPE,Polymer film,Single polymer/coating,Conditionally_Compatible,70.0,0.4000000000000001,,0,72.8024,,,,True,2
PREP_003,Vada,PM003,MDPE,Polymer film,Single polymer/coating,Conditionally_Compatible,70.0,0.4000000000000001,,0,72.8024,,,,True,3
PREP_003,Vada,PM004,HDPE,Polymer film,Single polymer/coating,Conditionally_Compatible,70.0,0.4000000000000001,,0,72.8024,,,,True,4
PREP_003,Vada,PM005,PP,Polymer film,Single polymer/coating,Conditionally_Compatible,70.0,0.4000000000000001,,0,72.8024,,,,True,5
PREP_003,Vada,PM006,CPP,Polymer film,Single polymer/coating,Conditionally_Compatible,70.0,0.4000000000000001,,0,72.8024,,,,True,6
PREP_003,Vada,PM016,PVdC,Polymer film,Single polymer/coating,Conditionally_Compatible,70.0,0.4000000000000001,,0,72.8024,,,,True,7
PREP_003,Vada,PM025,Coated cellulose film,Paper/cellulosic,Paper/film,Conditionally_Compatible,70.0,0.4000000000000001,,0,72.8024,,,,True,8
PREP_003,Vada,PM031,PET/PE laminate,Multilayer laminate/structure,Multilayer,Conditionally_Compatible,70.0,0.4000000000000001,,0,72.8024,,,,True,9
PREP_003,Vada,PM032,PA/PE laminate,Multilayer laminate/structure,Multilayer,Conditionally_Compatible,70.0,0.4000000000000001,,0,72.8024,,,,True,10
PREP_003,Vada,PM033,PET/CPP laminate,Multilayer laminate/structure,Multilayer,Conditionally_Compatible,70.0,0.4000000000000001,,0,72.8024,,,,True,11
PREP_003,Vada,PM037,BOPP/CPP laminate,Multilayer laminate/structure,Multilayer,Conditionally_Compatible,70.0,0.4000000000000001,,0,72.8024,,,,True,12
PREP_003,Vada,PM038,Micro-perforated PE film,Fresh-produce breathable film,Perforated film,Conditionally_Compatible,70.0,0.4000000000000001,,0,72.8024,,,,True,13
PREP_003,Vada,PM039,Micro-perforated PP film,Fresh-produce breathable film,Perforated film,Conditionally_Compatible,70.0,0.4000000000000001,,0,72.8024,,,,True,14
PREP_003,Vada,PM017,PVC rigid,Polymer film,Single polymer/coating,Conditionally_Compatible,61.25,0.4000000000000001,,0,65.4521,,,,True,15
PREP_003,Vada,PM020,HIPS,Polymer film,Single polymer/coating,Conditionally_Compatible,61.25,0.4000000000000001,,0,65.4521,,,,True,16
PREP_003,Vada,PM022,PLA,Biodegradable polymer,Polymer film,Conditionally_Compatible,61.25,0.4000000000000001,,0,65.4521,,,,True,17
PREP_003,Vada,PM023,PHA,Biodegradable polymer,Polymer film,Conditionally_Compatible,61.25,0.4000000000000001,,0,65.4521,,,,True,18
PREP_003,Vada,PM034,PET/Al/PE laminate,Multilayer laminate/structure,Multilayer,Conditionally_Compatible,61.25,0.4000000000000001,,0,65.4521,,,,True,19
PREP_003,Vada,PM035,PET/EVOH/PE laminate,Multilayer laminate/structure,Multilayer,Conditionally_Compatible,61.25,0.4000000000000001,,0,65.4521,,,,True,20
PREP_003,Vada,PM018,PVC plasticized,Polymer film,Single polymer/coating,Conditionally_Compatible,54.16,0.3000000000000001,,0,58.4962,,,,True,21
PREP_003,Vada,PM036,PE/PA/EVOH/PE laminate,Multilayer laminate/structure,Multilayer,Conditionally_Compatible,54.16,0.3000000000000001,,0,58.4962,,,,True,22
PREP_003,Vada,PM007,BOPP,Polymer film,Single polymer/coating,Low_Compatibility,52.5,0.4000000000000001,,0,58.1018,,,,True,23
PREP_003,Vada,PM008,Metallized BOPP,Polymer film,Single polymer/coating,Low_Compatibility,52.5,0.4000000000000001,,0,58.1018,,,,True,24
PREP_003,Vada,PM009,PET,Polymer film,Single polymer/coating,Low_Compatibility,52.5,0.4000000000000001,,0,58.1018,,,,True,25
PREP_003,Vada,PM010,BOPET,Polymer film,Single polymer/coating,Low_Compatibility,52.5,0.4000000000000001,,0,58.1018,,,,True,26
PREP_003,Vada,PM011,Metallized PET,Polymer film,Single polymer/coating,Low_Compatibility,52.5,0.4000000000000001,,0,58.1018,,,,True,27
PREP_003,Vada,PM012,PVdC-coated PET,Polymer film,Single polymer/coating,Low_Compatibility,52.5,0.4000000000000001,,0,58.1018,,,,True,28
PREP_003,Vada,PM013,PA6 / Nylon-6,Multilayer laminate/structure,Multilayer,Low_Compatibility,52.5,0.4000000000000001,,0,58.1018,,,,True,29
PREP_003,Vada,PM014,BOPA / Oriented Nylon,Multilayer laminate/structure,Multilayer,Low_Compatibility,52.5,0.4000000000000001,,0,58.1018,,,,True,30
PREP_003,Vada,PM015,EVOH,Polymer film,Single polymer/coating,Low_Compatibility,52.5,0.4000000000000001,,0,58.1018,,,,True,31
PREP_003,Vada,PM019,PS,Polymer film,Single polymer/coating,Conditionally_Compatible,52.5,0.4000000000000001,,0,58.1018,,,,True,32
PREP_003,Vada,PM027,Coated paper,Paper/cellulosic,Paper/film,Low_Compatibility,43.75,0.4000000000000001,,0,50.7515,,,,True,33
PREP_003,Vada,PM028,Glassine paper,Paper/cellulosic,Paper/film,Low_Compatibility,43.75,0.4000000000000001,,0,50.7515,,,,True,34
PREP_003,Vada,PM029,Aluminum foil,Metal,Rigid/foil metal,Low_Compatibility,43.75,0.4000000000000001,,0,50.7515,,,,True,35
PREP_003,Vada,PM026,Kraft paper,Paper/cellulosic,Paper/film,Low_Compatibility,35.0,0.4000000000000001,,0,43.4012,,,,True,36
PREP_003,Vada,PM024,Cellulose film,Paper/cellulosic,Paper/film,Low_Compatibility,32.5,0.3000000000000001,,0,40.3011,,,,True,37
PREP_003,Vada,PM030,Tinplate steel,Metal,Rigid/foil metal,Low_Compatibility,32.5,0.3000000000000001,,0,40.3011,,,,True,38
PREP_003,Vada,PM040,Breathable cellulose film,Fresh-produce breathable film,Breathable film,Low_Compatibility,32.5,0.3000000000000001,,0,40.3011,,,,True,39
PREP_003,Vada,PM021,EPS,Polymer film,Single polymer/coating,Low_Compatibility,26.25,0.4000000000000001,,0,36.0509,,,,True,40
PREP_033,Vada pav,PM001,LDPE,Polymer film,Single polymer/coating,Conditionally_Compatible,70.0,0.4000000000000001,,0,72.8024,,,,True,1
PREP_033,Vada pav,PM002,LLDPE,Polymer film,Single polymer/coating,Conditionally_Compatible,70.0,0.4000000000000001,,0,72.8024,,,,True,2
PREP_033,Vada pav,PM003,MDPE,Polymer film,Single polymer/coating,Conditionally_Compatible,70.0,0.4000000000000001,,0,72.8024,,,,True,3
PREP_033,Vada pav,PM004,HDPE,Polymer film,Single polymer/coating,Conditionally_Compatible,70.0,0.4000000000000001,,0,72.8024,,,,True,4
PREP_033,Vada pav,PM005,PP,Polymer film,Single polymer/coating,Conditionally_Compatible,70.0,0.4000000000000001,,0,72.8024,,,,True,5
PREP_033,Vada pav,PM006,CPP,Polymer film,Single polymer/coating,Conditionally_Compatible,70.0,0.4000000000000001,,0,72.8024,,,,True,6
PREP_033,Vada pav,PM016,PVdC,Polymer film,Single polymer/coating,Conditionally_Compatible,70.0,0.4000000000000001,,0,72.8024,,,,True,7
PREP_033,Vada pav,PM025,Coated cellulose film,Paper/cellulosic,Paper/film,Conditionally_Compatible,70.0,0.4000000000000001,,0,72.8024,,,,True,8
PREP_033,Vada pav,PM031,PET/PE laminate,Multilayer laminate/structure,Multilayer,Conditionally_Compatible,70.0,0.4000000000000001,,0,72.8024,,,,True,9
PREP_033,Vada pav,PM032,PA/PE laminate,Multilayer laminate/structure,Multilayer,Conditionally_Compatible,70.0,0.4000000000000001,,0,72.8024,,,,True,10
PREP_033,Vada pav,PM033,PET/CPP laminate,Multilayer laminate/structure,Multilayer,Conditionally_Compatible,70.0,0.4000000000000001,,0,72.8024,,,,True,11
PREP_033,Vada pav,PM037,BOPP/CPP laminate,Multilayer laminate/structure,Multilayer,Conditionally_Compatible,70.0,0.4000000000000001,,0,72.8024,,,,True,12
PREP_033,Vada pav,PM038,Micro-perforated PE film,Fresh-produce breathable film,Perforated film,Conditionally_Compatible,70.0,0.4000000000000001,,0,72.8024,,,,True,13
PREP_033,Vada pav,PM039,Micro-perforated PP film,Fresh-produce breathable film,Perforated film,Conditionally_Compatible,70.0,0.4000000000000001,,0,72.8024,,,,True,14
PREP_033,Vada pav,PM017,PVC rigid,Polymer film,Single polymer/coating,Conditionally_Compatible,61.25,0.4000000000000001,,0,65.4521,,,,True,15
PREP_033,Vada pav,PM020,HIPS,Polymer film,Single polymer/coating,Conditionally_Compatible,61.25,0.4000000000000001,,0,65.4521,,,,True,16
PREP_033,Vada pav,PM022,PLA,Biodegradable polymer,Polymer film,Conditionally_Compatible,61.25,0.4000000000000001,,0,65.4521,,,,True,17
PREP_033,Vada pav,PM023,PHA,Biodegradable polymer,Polymer film,Conditionally_Compatible,61.25,0.4000000000000001,,0,65.4521,,,,True,18
PREP_033,Vada pav,PM034,PET/Al/PE laminate,Multilayer laminate/structure,Multilayer,Conditionally_Compatible,61.25,0.4000000000000001,,0,65.4521,,,,True,19
PREP_033,Vada pav,PM035,PET/EVOH/PE laminate,Multilayer laminate/structure,Multilayer,Conditionally_Compatible,61.25,0.4000000000000001,,0,65.4521,,,,True,20
PREP_033,Vada pav,PM018,PVC plasticized,Polymer film,Single polymer/coating,Conditionally_Compatible,54.16,0.3000000000000001,,0,58.4962,,,,True,21
PREP_033,Vada pav,PM036,PE/PA/EVOH/PE laminate,Multilayer laminate/structure,Multilayer,Conditionally_Compatible,54.16,0.3000000000000001,,0,58.4962,,,,True,22
PREP_033,Vada pav,PM007,BOPP,Polymer film,Single polymer/coating,Low_Compatibility,52.5,0.4000000000000001,,0,58.1018,,,,True,23
PREP_033,Vada pav,PM008,Metallized BOPP,Polymer film,Single polymer/coating,Low_Compatibility,52.5,0.4000000000000001,,0,58.1018,,,,True,24
PREP_033,Vada pav,PM009,PET,Polymer film,Single polymer/coating,Low_Compatibility,52.5,0.4000000000000001,,0,58.1018,,,,True,25
PREP_033,Vada pav,PM010,BOPET,Polymer film,Single polymer/coating,Low_Compatibility,52.5,0.4000000000000001,,0,58.1018,,,,True,26
PREP_033,Vada pav,PM011,Metallized PET,Polymer film,Single polymer/coating,Low_Compatibility,52.5,0.4000000000000001,,0,58.1018,,,,True,27
PREP_033,Vada pav,PM012,PVdC-coated PET,Polymer film,Single polymer/coating,Low_Compatibility,52.5,0.4000000000000001,,0,58.1018,,,,True,28
PREP_033,Vada pav,PM013,PA6 / Nylon-6,Multilayer laminate/structure,Multilayer,Low_Compatibility,52.5,0.4000000000000001,,0,58.1018,,,,True,29
PREP_033,Vada pav,PM014,BOPA / Oriented Nylon,Multilayer laminate/structure,Multilayer,Low_Compatibility,52.5,0.4000000000000001,,0,58.1018,,,,True,30
PREP_033,Vada pav,PM015,EVOH,Polymer film,Single polymer/coating,Low_Compatibility,52.5,0.4000000000000001,,0,58.1018,,,,True,31
PREP_033,Vada pav,PM019,PS,Polymer film,Single polymer/coating,Conditionally_Compatible,52.5,0.4000000000000001,,0,58.1018,,,,True,32
PREP_033,Vada pav,PM027,Coated paper,Paper/cellulosic,Paper/film,Low_Compatibility,43.75,0.4000000000000001,,0,50.7515,,,,True,33
PREP_033,Vada pav,PM028,Glassine paper,Paper/cellulosic,Paper/film,Low_Compatibility,43.75,0.4000000000000001,,0,50.7515,,,,True,34
PREP_033,Vada pav,PM029,Aluminum foil,Metal,Rigid/foil metal,Low_Compatibility,43.75,0.4000000000000001,,0,50.7515,,,,True,35
PREP_033,Vada pav,PM026,Kraft paper,Paper/cellulosic,Paper/film,Low_Compatibility,35.0,0.4000000000000001,,0,43.4012,,,,True,36
PREP_033,Vada pav,PM024,Cellulose film,Paper/cellulosic,Paper/film,Low_Compatibility,32.5,0.3000000000000001,,0,40.3011,,,,True,37
PREP_033,Vada pav,PM030,Tinplate steel,Metal,Rigid/foil metal,Low_Compatibility,32.5,0.3000000000000001,,0,40.3011,,,,True,38
PREP_033,Vada pav,PM040,Breathable cellulose film,Fresh-produce breathable film,Breathable film,Low_Compatibility,32.5,0.3000000000000001,,0,40.3011,,,,True,39
PREP_033,Vada pav,PM021,EPS,Polymer film,Single polymer/coating,Low_Compatibility,26.25,0.4000000000000001,,0,36.0509,,,,True,40
PREP_019,Variety rice,PM002,LLDPE,Polymer film,Single polymer/coating,Conditionally_Compatible,70.0,0.4000000000000001,,0,72.8024,,,,True,1
PREP_019,Variety rice,PM003,MDPE,Polymer film,Single polymer/coating,Conditionally_Compatible,70.0,0.4000000000000001,,0,72.8024,,,,True,2
PREP_019,Variety rice,PM004,HDPE,Polymer film,Single polymer/coating,Conditionally_Compatible,70.0,0.4000000000000001,,0,72.8024,,,,True,3
PREP_019,Variety rice,PM005,PP,Polymer film,Single polymer/coating,Conditionally_Compatible,70.0,0.4000000000000001,,0,72.8024,,,,True,4
PREP_019,Variety rice,PM006,CPP,Polymer film,Single polymer/coating,Conditionally_Compatible,70.0,0.4000000000000001,,0,72.8024,,,,True,5
PREP_019,Variety rice,PM031,PET/PE laminate,Multilayer laminate/structure,Multilayer,Conditionally_Compatible,70.0,0.4000000000000001,,0,72.8024,,,,True,6
PREP_019,Variety rice,PM033,PET/CPP laminate,Multilayer laminate/structure,Multilayer,Conditionally_Compatible,70.0,0.4000000000000001,,0,72.8024,,,,True,7
PREP_019,Variety rice,PM037,BOPP/CPP laminate,Multilayer laminate/structure,Multilayer,Conditionally_Compatible,70.0,0.4000000000000001,,0,72.8024,,,,True,8
PREP_019,Variety rice,PM039,Micro-perforated PP film,Fresh-produce breathable film,Perforated film,Conditionally_Compatible,70.0,0.4000000000000001,,0,72.8024,,,,True,9
PREP_019,Variety rice,PM001,LDPE,Polymer film,Single polymer/coating,Conditionally_Compatible,61.25,0.4000000000000001,,0,65.4521,,,,True,10
PREP_019,Variety rice,PM025,Coated cellulose film,Paper/cellulosic,Paper/film,Conditionally_Compatible,61.25,0.4000000000000001,,0,65.4521,,,,True,11
PREP_019,Variety rice,PM032,PA/PE laminate,Multilayer laminate/structure,Multilayer,Conditionally_Compatible,61.25,0.4000000000000001,,0,65.4521,,,,True,12
PREP_019,Variety rice,PM038,Micro-perforated PE film,Fresh-produce breathable film,Perforated film,Conditionally_Compatible,61.25,0.4000000000000001,,0,65.4521,,,,True,13
PREP_019,Variety rice,PM018,PVC plasticized,Polymer film,Single polymer/coating,Conditionally_Compatible,54.16,0.3000000000000001,,0,58.4962,,,,True,14
PREP_019,Variety rice,PM007,BOPP,Polymer film,Single polymer/coating,Low_Compatibility,52.5,0.4000000000000001,,0,58.1018,,,,True,15
PREP_019,Variety rice,PM009,PET,Polymer film,Single polymer/coating,Low_Compatibility,52.5,0.4000000000000001,,0,58.1018,,,,True,16
PREP_019,Variety rice,PM010,BOPET,Polymer film,Single polymer/coating,Low_Compatibility,52.5,0.4000000000000001,,0,58.1018,,,,True,17
PREP_019,Variety rice,PM013,PA6 / Nylon-6,Multilayer laminate/structure,Multilayer,Low_Compatibility,52.5,0.4000000000000001,,0,58.1018,,,,True,18
PREP_019,Variety rice,PM014,BOPA / Oriented Nylon,Multilayer laminate/structure,Multilayer,Low_Compatibility,52.5,0.4000000000000001,,0,58.1018,,,,True,19
PREP_019,Variety rice,PM016,PVdC,Polymer film,Single polymer/coating,Conditionally_Compatible,52.5,0.4000000000000001,,0,58.1018,,,,True,20
PREP_019,Variety rice,PM017,PVC rigid,Polymer film,Single polymer/coating,Conditionally_Compatible,52.5,0.4000000000000001,,0,58.1018,,,,True,21
PREP_019,Variety rice,PM020,HIPS,Polymer film,Single polymer/coating,Conditionally_Compatible,52.5,0.4000000000000001,,0,58.1018,,,,True,22
PREP_019,Variety rice,PM022,PLA,Biodegradable polymer,Polymer film,Conditionally_Compatible,52.5,0.4000000000000001,,0,58.1018,,,,True,23
PREP_019,Variety rice,PM023,PHA,Biodegradable polymer,Polymer film,Conditionally_Compatible,52.5,0.4000000000000001,,0,58.1018,,,,True,24
PREP_019,Variety rice,PM034,PET/Al/PE laminate,Multilayer laminate/structure,Multilayer,Conditionally_Compatible,52.5,0.4000000000000001,,0,58.1018,,,,True,25
PREP_019,Variety rice,PM035,PET/EVOH/PE laminate,Multilayer laminate/structure,Multilayer,Conditionally_Compatible,52.5,0.4000000000000001,,0,58.1018,,,,True,26
PREP_019,Variety rice,PM008,Metallized BOPP,Polymer film,Single polymer/coating,Low_Compatibility,43.75,0.4000000000000001,,0,50.7515,,,,True,27
PREP_019,Variety rice,PM011,Metallized PET,Polymer film,Single polymer/coating,Low_Compatibility,43.75,0.4000000000000001,,0,50.7515,,,,True,28
PREP_019,Variety rice,PM012,PVdC-coated PET,Polymer film,Single polymer/coating,Low_Compatibility,43.75,0.4000000000000001,,0,50.7515,,,,True,29
PREP_019,Variety rice,PM015,EVOH,Polymer film,Single polymer/coating,Low_Compatibility,43.75,0.4000000000000001,,0,50.7515,,,,True,30
PREP_019,Variety rice,PM019,PS,Polymer film,Single polymer/coating,Low_Compatibility,43.75,0.4000000000000001,,0,50.7515,,,,True,31
PREP_019,Variety rice,PM027,Coated paper,Paper/cellulosic,Paper/film,Low_Compatibility,43.75,0.4000000000000001,,0,50.7515,,,,True,32
PREP_019,Variety rice,PM036,PE/PA/EVOH/PE laminate,Multilayer laminate/structure,Multilayer,Low_Compatibility,43.34,0.3000000000000001,,0,49.4071,,,,True,33
PREP_019,Variety rice,PM026,Kraft paper,Paper/cellulosic,Paper/film,Low_Compatibility,35.0,0.4000000000000001,,0,43.4012,,,,True,34
PREP_019,Variety rice,PM028,Glassine paper,Paper/cellulosic,Paper/film,Low_Compatibility,35.0,0.4000000000000001,,0,43.4012,,,,True,35
PREP_019,Variety rice,PM029,Aluminum foil,Metal,Rigid/foil metal,Low_Compatibility,35.0,0.4000000000000001,,0,43.4012,,,,True,36
PREP_019,Variety rice,PM024,Cellulose film,Paper/cellulosic,Paper/film,Low_Compatibility,32.5,0.3000000000000001,,0,40.3011,,,,True,37
PREP_019,Variety rice,PM040,Breathable cellulose film,Fresh-produce breathable film,Breathable film,Low_Compatibility,32.5,0.3000000000000001,,0,40.3011,,,,True,38
PREP_019,Variety rice,PM030,Tinplate steel,Metal,Rigid/foil metal,Low_Compatibility,21.66,0.3000000000000001,,0,31.1951,,,,True,39
PREP_019,Variety rice,PM021,EPS,Polymer film,Single polymer/coating,Low_Compatibility,17.5,0.4000000000000001,,0,28.7006,,,,True,40
PREP_016,Vegetable biryani,PM002,LLDPE,Polymer film,Single polymer/coating,Conditionally_Compatible,70.0,0.4000000000000001,,0,72.8024,,,,True,1
PREP_016,Vegetable biryani,PM003,MDPE,Polymer film,Single polymer/coating,Conditionally_Compatible,70.0,0.4000000000000001,,0,72.8024,,,,True,2
PREP_016,Vegetable biryani,PM004,HDPE,Polymer film,Single polymer/coating,Conditionally_Compatible,70.0,0.4000000000000001,,0,72.8024,,,,True,3
PREP_016,Vegetable biryani,PM005,PP,Polymer film,Single polymer/coating,Conditionally_Compatible,70.0,0.4000000000000001,,0,72.8024,,,,True,4
PREP_016,Vegetable biryani,PM006,CPP,Polymer film,Single polymer/coating,Conditionally_Compatible,70.0,0.4000000000000001,,0,72.8024,,,,True,5
PREP_016,Vegetable biryani,PM031,PET/PE laminate,Multilayer laminate/structure,Multilayer,Conditionally_Compatible,70.0,0.4000000000000001,,0,72.8024,,,,True,6
PREP_016,Vegetable biryani,PM033,PET/CPP laminate,Multilayer laminate/structure,Multilayer,Conditionally_Compatible,70.0,0.4000000000000001,,0,72.8024,,,,True,7
PREP_016,Vegetable biryani,PM037,BOPP/CPP laminate,Multilayer laminate/structure,Multilayer,Conditionally_Compatible,70.0,0.4000000000000001,,0,72.8024,,,,True,8
PREP_016,Vegetable biryani,PM039,Micro-perforated PP film,Fresh-produce breathable film,Perforated film,Conditionally_Compatible,70.0,0.4000000000000001,,0,72.8024,,,,True,9
PREP_016,Vegetable biryani,PM001,LDPE,Polymer film,Single polymer/coating,Conditionally_Compatible,61.25,0.4000000000000001,,0,65.4521,,,,True,10
PREP_016,Vegetable biryani,PM025,Coated cellulose film,Paper/cellulosic,Paper/film,Conditionally_Compatible,61.25,0.4000000000000001,,0,65.4521,,,,True,11
PREP_016,Vegetable biryani,PM032,PA/PE laminate,Multilayer laminate/structure,Multilayer,Conditionally_Compatible,61.25,0.4000000000000001,,0,65.4521,,,,True,12
PREP_016,Vegetable biryani,PM038,Micro-perforated PE film,Fresh-produce breathable film,Perforated film,Conditionally_Compatible,61.25,0.4000000000000001,,0,65.4521,,,,True,13
PREP_016,Vegetable biryani,PM018,PVC plasticized,Polymer film,Single polymer/coating,Conditionally_Compatible,54.16,0.3000000000000001,,0,58.4962,,,,True,14
PREP_016,Vegetable biryani,PM007,BOPP,Polymer film,Single polymer/coating,Low_Compatibility,52.5,0.4000000000000001,,0,58.1018,,,,True,15
PREP_016,Vegetable biryani,PM009,PET,Polymer film,Single polymer/coating,Low_Compatibility,52.5,0.4000000000000001,,0,58.1018,,,,True,16
PREP_016,Vegetable biryani,PM010,BOPET,Polymer film,Single polymer/coating,Low_Compatibility,52.5,0.4000000000000001,,0,58.1018,,,,True,17
PREP_016,Vegetable biryani,PM013,PA6 / Nylon-6,Multilayer laminate/structure,Multilayer,Low_Compatibility,52.5,0.4000000000000001,,0,58.1018,,,,True,18
PREP_016,Vegetable biryani,PM014,BOPA / Oriented Nylon,Multilayer laminate/structure,Multilayer,Low_Compatibility,52.5,0.4000000000000001,,0,58.1018,,,,True,19
PREP_016,Vegetable biryani,PM016,PVdC,Polymer film,Single polymer/coating,Conditionally_Compatible,52.5,0.4000000000000001,,0,58.1018,,,,True,20
PREP_016,Vegetable biryani,PM017,PVC rigid,Polymer film,Single polymer/coating,Conditionally_Compatible,52.5,0.4000000000000001,,0,58.1018,,,,True,21
PREP_016,Vegetable biryani,PM020,HIPS,Polymer film,Single polymer/coating,Conditionally_Compatible,52.5,0.4000000000000001,,0,58.1018,,,,True,22
PREP_016,Vegetable biryani,PM022,PLA,Biodegradable polymer,Polymer film,Conditionally_Compatible,52.5,0.4000000000000001,,0,58.1018,,,,True,23
PREP_016,Vegetable biryani,PM023,PHA,Biodegradable polymer,Polymer film,Conditionally_Compatible,52.5,0.4000000000000001,,0,58.1018,,,,True,24
PREP_016,Vegetable biryani,PM034,PET/Al/PE laminate,Multilayer laminate/structure,Multilayer,Conditionally_Compatible,52.5,0.4000000000000001,,0,58.1018,,,,True,25
PREP_016,Vegetable biryani,PM035,PET/EVOH/PE laminate,Multilayer laminate/structure,Multilayer,Conditionally_Compatible,52.5,0.4000000000000001,,0,58.1018,,,,True,26
PREP_016,Vegetable biryani,PM008,Metallized BOPP,Polymer film,Single polymer/coating,Low_Compatibility,43.75,0.4000000000000001,,0,50.7515,,,,True,27
PREP_016,Vegetable biryani,PM011,Metallized PET,Polymer film,Single polymer/coating,Low_Compatibility,43.75,0.4000000000000001,,0,50.7515,,,,True,28
PREP_016,Vegetable biryani,PM012,PVdC-coated PET,Polymer film,Single polymer/coating,Low_Compatibility,43.75,0.4000000000000001,,0,50.7515,,,,True,29
PREP_016,Vegetable biryani,PM015,EVOH,Polymer film,Single polymer/coating,Low_Compatibility,43.75,0.4000000000000001,,0,50.7515,,,,True,30
PREP_016,Vegetable biryani,PM019,PS,Polymer film,Single polymer/coating,Low_Compatibility,43.75,0.4000000000000001,,0,50.7515,,,,True,31
PREP_016,Vegetable biryani,PM027,Coated paper,Paper/cellulosic,Paper/film,Low_Compatibility,43.75,0.4000000000000001,,0,50.7515,,,,True,32
PREP_016,Vegetable biryani,PM036,PE/PA/EVOH/PE laminate,Multilayer laminate/structure,Multilayer,Low_Compatibility,43.34,0.3000000000000001,,0,49.4071,,,,True,33
PREP_016,Vegetable biryani,PM026,Kraft paper,Paper/cellulosic,Paper/film,Low_Compatibility,35.0,0.4000000000000001,,0,43.4012,,,,True,34
PREP_016,Vegetable biryani,PM028,Glassine paper,Paper/cellulosic,Paper/film,Low_Compatibility,35.0,0.4000000000000001,,0,43.4012,,,,True,35
PREP_016,Vegetable biryani,PM029,Aluminum foil,Metal,Rigid/foil metal,Low_Compatibility,35.0,0.4000000000000001,,0,43.4012,,,,True,36
PREP_016,Vegetable biryani,PM024,Cellulose film,Paper/cellulosic,Paper/film,Low_Compatibility,32.5,0.3000000000000001,,0,40.3011,,,,True,37
PREP_016,Vegetable biryani,PM040,Breathable cellulose film,Fresh-produce breathable film,Breathable film,Low_Compatibility,32.5,0.3000000000000001,,0,40.3011,,,,True,38
PREP_016,Vegetable biryani,PM030,Tinplate steel,Metal,Rigid/foil metal,Low_Compatibility,21.66,0.3000000000000001,,0,31.1951,,,,True,39
PREP_016,Vegetable biryani,PM021,EPS,Polymer film,Single polymer/coating,Low_Compatibility,17.5,0.4000000000000001,,0,28.7006,,,,True,40
FRU_011,Watermelon,PM001,LDPE,Polymer film,Single polymer/coating,Conditionally_Compatible,72.22,0.4444444444444445,,0,75.1117,,,,True,1
FRU_011,Watermelon,PM002,LLDPE,Polymer film,Single polymer/coating,Conditionally_Compatible,72.22,0.4444444444444445,,0,75.1117,,,,True,2
FRU_011,Watermelon,PM003,MDPE,Polymer film,Single polymer/coating,Conditionally_Compatible,72.22,0.4444444444444445,,0,75.1117,,,,True,3
FRU_011,Watermelon,PM004,HDPE,Polymer film,Single polymer/coating,Conditionally_Compatible,72.22,0.4444444444444445,,0,75.1117,,,,True,4
FRU_011,Watermelon,PM005,PP,Polymer film,Single polymer/coating,Conditionally_Compatible,72.22,0.4444444444444445,,0,75.1117,,,,True,5
FRU_011,Watermelon,PM006,CPP,Polymer film,Single polymer/coating,Conditionally_Compatible,72.22,0.4444444444444445,,0,75.1117,,,,True,6
FRU_011,Watermelon,PM007,BOPP,Polymer film,Single polymer/coating,Conditionally_Compatible,72.22,0.4444444444444445,,0,75.1117,,,,True,7
FRU_011,Watermelon,PM009,PET,Polymer film,Single polymer/coating,Conditionally_Compatible,72.22,0.4444444444444445,,0,75.1117,,,,True,8
FRU_011,Watermelon,PM010,BOPET,Polymer film,Single polymer/coating,Conditionally_Compatible,72.22,0.4444444444444445,,0,75.1117,,,,True,9
FRU_011,Watermelon,PM013,PA6 / Nylon-6,Multilayer laminate/structure,Multilayer,Conditionally_Compatible,72.22,0.4444444444444445,,0,75.1117,,,,True,10
FRU_011,Watermelon,PM014,BOPA / Oriented Nylon,Multilayer laminate/structure,Multilayer,Conditionally_Compatible,72.22,0.4444444444444445,,0,75.1117,,,,True,11
FRU_011,Watermelon,PM017,PVC rigid,Polymer film,Single polymer/coating,Conditionally_Compatible,72.22,0.4444444444444445,,0,75.1117,,,,True,12
FRU_011,Watermelon,PM018,PVC plasticized,Polymer film,Single polymer/coating,Conditionally_Compatible,72.22,0.4444444444444445,,0,75.1117,,,,True,13
FRU_011,Watermelon,PM019,PS,Polymer film,Single polymer/coating,Conditionally_Compatible,72.22,0.4444444444444445,,0,75.1117,,,,True,14
FRU_011,Watermelon,PM020,HIPS,Polymer film,Single polymer/coating,Conditionally_Compatible,72.22,0.4444444444444445,,0,75.1117,,,,True,15
FRU_011,Watermelon,PM021,EPS,Polymer film,Single polymer/coating,Conditionally_Compatible,72.22,0.4444444444444445,,0,75.1117,,,,True,16
FRU_011,Watermelon,PM022,PLA,Biodegradable polymer,Polymer film,Conditionally_Compatible,72.22,0.4444444444444445,,0,75.1117,,,,True,17
FRU_011,Watermelon,PM023,PHA,Biodegradable polymer,Polymer film,Conditionally_Compatible,72.22,0.4444444444444445,,0,75.1117,,,,True,18
FRU_011,Watermelon,PM024,Cellulose film,Paper/cellulosic,Paper/film,Conditionally_Compatible,72.22,0.4444444444444445,,0,75.1117,,,,True,19
FRU_011,Watermelon,PM025,Coated cellulose film,Paper/cellulosic,Paper/film,Conditionally_Compatible,72.22,0.4444444444444445,,0,75.1117,,,,True,20
FRU_011,Watermelon,PM026,Kraft paper,Paper/cellulosic,Paper/film,Conditionally_Compatible,72.22,0.4444444444444445,,0,75.1117,,,,True,21
FRU_011,Watermelon,PM027,Coated paper,Paper/cellulosic,Paper/film,Conditionally_Compatible,72.22,0.4444444444444445,,0,75.1117,,,,True,22
FRU_011,Watermelon,PM028,Glassine paper,Paper/cellulosic,Paper/film,Conditionally_Compatible,72.22,0.4444444444444445,,0,75.1117,,,,True,23
FRU_011,Watermelon,PM031,PET/PE laminate,Multilayer laminate/structure,Multilayer,Conditionally_Compatible,72.22,0.4444444444444445,,0,75.1117,,,,True,24
FRU_011,Watermelon,PM033,PET/CPP laminate,Multilayer laminate/structure,Multilayer,Conditionally_Compatible,72.22,0.4444444444444445,,0,75.1117,,,,True,25
FRU_011,Watermelon,PM037,BOPP/CPP laminate,Multilayer laminate/structure,Multilayer,Conditionally_Compatible,72.22,0.4444444444444445,,0,75.1117,,,,True,26
FRU_011,Watermelon,PM038,Micro-perforated PE film,Fresh-produce breathable film,Perforated film,Conditionally_Compatible,72.22,0.4444444444444445,,0,75.1117,,,,True,27
FRU_011,Watermelon,PM039,Micro-perforated PP film,Fresh-produce breathable film,Perforated film,Conditionally_Compatible,72.22,0.4444444444444445,,0,75.1117,,,,True,28
FRU_011,Watermelon,PM040,Breathable cellulose film,Fresh-produce breathable film,Breathable film,Conditionally_Compatible,72.22,0.4444444444444445,,0,75.1117,,,,True,29
FRU_011,Watermelon,PM008,Metallized BOPP,Polymer film,Single polymer/coating,Low_Compatibility,36.11,0.4444444444444445,,0,44.7781,,,,True,30
FRU_011,Watermelon,PM011,Metallized PET,Polymer film,Single polymer/coating,Low_Compatibility,36.11,0.4444444444444445,,0,44.7781,,,,True,31
FRU_011,Watermelon,PM012,PVdC-coated PET,Polymer film,Single polymer/coating,Low_Compatibility,36.11,0.4444444444444445,,0,44.7781,,,,True,32
FRU_011,Watermelon,PM016,PVdC,Polymer film,Single polymer/coating,Low_Compatibility,36.11,0.4444444444444445,,0,44.7781,,,,True,33
FRU_011,Watermelon,PM032,PA/PE laminate,Multilayer laminate/structure,Multilayer,Low_Compatibility,36.11,0.4444444444444445,,0,44.7781,,,,True,34
FRU_011,Watermelon,PM029,Aluminum foil,Metal,Rigid/foil metal,Low_Compatibility,0.0,0.4444444444444445,,0,14.4444,,,,True,35
FRU_011,Watermelon,PM030,Tinplate steel,Metal,Rigid/foil metal,Low_Compatibility,0.0,0.4444444444444445,,0,14.4444,,,,True,36
FRU_011,Watermelon,PM034,PET/Al/PE laminate,Multilayer laminate/structure,Multilayer,Low_Compatibility,0.0,0.4444444444444445,,0,14.4444,,,,True,37
FRU_011,Watermelon,PM035,PET/EVOH/PE laminate,Multilayer laminate/structure,Multilayer,Low_Compatibility,0.0,0.4444444444444445,,0,14.4444,,,,True,38
FRU_011,Watermelon,PM036,PE/PA/EVOH/PE laminate,Multilayer laminate/structure,Multilayer,Low_Compatibility,0.0,0.4444444444444445,,0,14.4444,,,,True,39
FRU_011,Watermelon,PM015,EVOH,Polymer film,Single polymer/coating,Insufficient_Evidence,,0.0,,0,,,,Excluded from recommendation pool because deterministic evidence is insufficient,False,40
